number,region,comps_attended,sigs_attended,worlds_qual,trueskill,trueskill_ranking,opr,dpr,ccwm,ap_per_match,awp_per_match,wp_per_match,drive_score,auto_score
33488A,Saudi Arabia,2,0,True,15.9,7599.0,17.0,5.3,11.7,3.8,0.0,1.8,26.0,3.0
56047A,Saudi Arabia,2,0,True,7.8,11664.0,1.0,5.6,-4.6,0.4,0.0,0.2,11.0,3.0
79999X,Saudi Arabia,3,0,True,18.0,5344.0,12.6,8.6,4.0,3.8,0.0,1.2,29.0,4.0
83306A,Saudi Arabia,2,0,False,14.1,9191.0,11.7,5.0,6.7,4.5,0.0,1.5,21.0,0.0
79419M,Australia,2,0,False,8.6,11512.0,3.3,13.3,-10.0,1.1,0.0,0.5,10.0,0.0
79419X,Australia,3,0,False,15.8,7698.0,9.9,10.3,-0.4,2.4,0.0,1.0,36.0,20.0
79419Z,Australia,3,0,False,19.1,4178.0,13.6,2.1,11.4,2.4,0.0,1.5,24.0,21.0
99888A,Australia,3,0,False,15.0,8488.0,11.7,10.9,0.7,3.2,0.06,1.1,30.0,11.0
11860A,Australia,5,0,False,20.7,2629.0,7.1,5.0,2.1,3.3,0.03,1.1,30.0,5.0
11860B,Australia,4,0,False,18.6,4715.0,9.2,9.2,0.0,3.0,0.0,1.1,42.0,13.0
11860C,Australia,3,0,False,19.3,3976.0,4.2,3.0,1.2,3.6,0.15,1.4,20.0,4.0
12223A,Australia,4,0,False,19.5,3781.0,8.7,7.1,1.6,2.6,0.0,1.2,26.0,3.0
12223G,Australia,3,0,False,14.7,8742.0,3.2,5.9,-2.6,3.1,0.0,0.8,8.0,0.0
12223Y,Australia,3,0,False,17.7,5708.0,-0.5,5.9,-6.4,2.5,0.0,0.8,10.0,0.0
12410T,Australia,2,0,False,13.0,9917.0,2.5,9.2,-6.7,1.9,0.0,0.6,10.0,0.0
12906A,Australia,3,0,False,19.2,4071.0,4.3,1.5,2.8,2.9,0.0,1.2,23.0,0.0
12906B,Australia,4,0,False,21.5,1966.0,9.5,8.0,1.5,3.1,0.04,1.2,23.0,4.0
16676A,Australia,2,0,False,14.6,8819.0,1.8,8.9,-7.0,2.8,0.0,0.9,3.0,0.0
41103B,Australia,4,0,False,22.9,1042.0,14.3,7.0,7.3,3.2,0.04,1.4,37.0,26.0
41103X,Australia,3,0,False,18.5,4820.0,2.4,5.3,-2.9,2.4,0.0,0.9,26.0,0.0
50506A,Australia,2,0,False,15.2,8308.0,4.7,5.7,-1.0,3.2,0.07,0.8,7.0,0.0
50911A,Australia,3,0,False,18.0,5344.0,5.4,5.3,0.2,3.1,0.0,0.9,13.0,0.0
75477M,Australia,5,0,True,23.3,854.0,13.8,4.4,9.4,4.0,0.11,1.6,44.0,37.0
4557A,Australia,2,0,False,17.1,6385.0,10.5,7.8,2.7,4.1,0.0,1.2,29.0,0.0
13818A,Australia,3,0,True,21.9,1688.0,16.6,7.4,9.2,3.9,0.0,1.6,42.0,11.0
13818B,Australia,3,0,True,16.3,7222.0,9.9,10.7,-0.7,2.2,0.0,0.6,37.0,5.0
34565A,Australia,2,0,False,18.2,5141.0,7.4,8.1,-0.7,2.8,0.06,1.2,20.0,0.0
85657A,Australia,2,0,False,15.3,8218.0,5.8,12.7,-6.9,3.4,0.0,0.5,24.0,0.0
58A,Australia,9,0,True,26.1,106.0,17.2,6.8,10.3,4.6,0.1,1.7,52.0,38.0
588A,Australia,9,0,True,24.9,312.0,15.7,7.1,8.6,3.7,0.16,1.6,47.0,31.0
4613U,Australia,4,0,True,21.4,2059.0,15.4,6.2,9.2,2.4,0.0,1.3,45.0,31.0
46131E,Australia,3,0,False,17.7,5708.0,7.0,11.6,-4.6,3.1,0.0,1.0,22.0,8.0
1831B,Australia,2,0,False,15.3,8218.0,1.5,14.0,-12.5,1.3,0.0,0.5,8.0,0.0
1831D,Australia,7,0,True,24.7,368.0,18.0,4.8,13.2,4.1,0.18,1.8,45.0,33.0
1831E,Australia,7,0,True,24.0,566.0,13.6,6.0,7.5,3.1,0.0,1.4,41.0,21.0
1831F,Australia,3,0,False,17.1,6385.0,4.0,11.7,-7.7,3.1,0.0,0.7,26.0,0.0
1831N,Australia,2,0,False,14.9,8566.0,4.6,12.0,-7.4,2.4,0.0,0.3,18.0,0.0
1940A,Australia,6,0,True,22.2,1468.0,10.8,9.1,1.7,2.2,0.1,1.6,48.0,11.0
1940B,Australia,5,0,False,21.1,2288.0,12.0,10.0,2.0,2.9,0.13,1.4,43.0,5.0
1940C,Australia,6,0,True,21.5,1966.0,9.0,10.0,-1.0,3.2,0.07,1.1,44.0,13.0
4613R,Australia,4,0,False,21.5,1966.0,15.4,8.8,6.6,3.8,0.21,1.3,44.0,13.0
4613W,Australia,2,0,False,13.5,9614.0,3.0,9.2,-6.2,3.0,0.12,0.6,10.0,0.0
18422B,Australia,6,1,True,27.1,26.0,19.9,11.6,8.3,4.3,0.38,2.0,58.0,40.0
27272S,Australia,6,1,False,21.3,2133.0,13.1,9.7,3.4,2.3,0.07,1.2,44.0,28.0
46131B,Australia,2,0,False,13.3,9743.0,0.8,21.0,-20.2,1.1,0.0,0.2,18.0,0.0
46131G,Australia,3,0,False,19.7,3601.0,10.5,10.8,-0.3,2.6,0.0,0.8,40.0,6.0
46131P,Australia,3,0,False,22.5,1313.0,14.1,6.7,7.4,3.1,0.0,1.3,39.0,17.0
47779F,Australia,4,0,False,20.2,3106.0,2.8,8.2,-5.4,2.8,0.0,0.5,28.0,0.0
47779N,Australia,2,0,False,15.2,8308.0,3.8,8.1,-4.3,3.4,0.0,0.9,20.0,0.0
47779P,Australia,2,0,False,14.0,9278.0,1.5,13.3,-11.8,1.9,0.0,1.0,25.0,0.0
58058A,Australia,4,0,False,16.2,7317.0,4.5,9.1,-4.6,2.5,0.05,0.9,18.0,0.0
78887B,Australia,5,0,False,22.2,1468.0,8.4,7.7,0.7,2.9,0.07,1.3,37.0,14.0
83377A,Australia,4,0,False,20.6,2734.0,11.6,9.3,2.3,3.4,0.06,1.1,46.0,31.0
1791V,Taiwan,7,2,False,23.0,986.0,11.9,10.5,1.3,3.5,0.17,1.3,52.0,55.0
2813B,Chinese Taipei,5,1,False,23.9,611.0,18.8,10.4,8.4,3.7,0.18,1.6,52.0,39.0
2813X,Chinese Taipei,4,1,False,22.1,1546.0,13.5,14.5,-1.0,3.3,0.09,1.0,25.0,24.0
4253B,Chinese Taipei,4,1,False,21.5,1966.0,14.2,8.2,6.0,4.1,0.28,1.4,21.0,0.0
4253R,Chinese Taipei,4,1,False,21.8,1761.0,17.5,10.2,7.4,2.9,0.16,1.5,39.0,17.0
4253S,Chinese Taipei,4,0,True,19.8,3501.0,14.0,8.8,5.1,3.5,0.29,1.6,43.0,27.0
4253V,Chinese Taipei,3,0,False,21.9,1688.0,17.3,5.6,11.7,4.2,0.41,2.2,45.0,29.0
4253Y,Chinese Taipei,5,1,True,21.3,2133.0,11.9,10.3,1.7,2.4,0.14,1.1,50.0,42.0
4253Z,Chinese Taipei,5,1,True,22.6,1250.0,12.8,12.6,0.2,2.7,0.2,1.5,58.0,52.0
14683A,Chinese Taipei,3,1,False,10.4,11053.0,14.0,14.2,-0.3,2.1,0.0,0.8,30.0,0.0
14683B,Chinese Taipei,3,1,False,13.1,9863.0,11.6,18.1,-6.5,2.7,0.11,1.0,47.0,33.0
14683C,Chinese Taipei,2,1,False,11.5,10655.0,8.8,18.5,-9.7,0.7,0.0,0.4,16.0,0.0
14683D,Chinese Taipei,3,1,False,13.3,9743.0,9.3,17.5,-8.2,2.1,0.0,0.9,29.0,0.0
17022A,Chinese Taipei,6,1,True,25.3,220.0,24.8,8.1,16.7,4.3,0.36,2.1,61.0,57.0
23083Y,Chinese Taipei,5,1,False,22.3,1420.0,9.9,11.7,-1.8,3.1,0.11,1.1,37.0,0.0
23083Z,Chinese Taipei,5,1,False,21.7,1822.0,10.8,11.2,-0.4,3.0,0.04,1.0,36.0,8.0
35185A,Chinese Taipei,2,0,False,13.4,9664.0,8.8,11.0,-2.2,2.6,0.14,1.0,50.0,27.0
35185V,Chinese Taipei,2,0,False,14.1,9191.0,-1.4,13.3,-14.7,2.6,0.0,0.6,26.0,4.0
39234A,Chinese Taipei,2,0,False,3.0,11872.0,11.2,19.5,-8.3,0.0,0.0,0.0,27.0,3.0
58655A,Chinese Taipei,3,0,False,11.7,10571.0,6.0,15.1,-9.1,1.7,0.0,0.6,35.0,12.0
66001C,Chinese Taipei,2,0,False,8.2,11587.0,10.1,2.5,7.6,2.0,0.17,0.8,45.0,0.0
66799G,Chinese Taipei,4,1,True,22.9,1042.0,21.0,12.1,8.9,4.6,0.22,1.7,53.0,49.0
66799X,Chinese Taipei,3,1,False,20.9,2458.0,10.7,15.1,-4.4,2.0,0.1,0.9,37.0,0.0
66994C,Chinese Taipei,4,1,False,22.3,1420.0,15.8,14.3,1.4,2.6,0.11,0.9,56.0,46.0
66994S,Chinese Taipei,4,1,False,19.4,3876.0,13.2,16.5,-3.3,1.9,0.15,0.9,42.0,29.0
68678S,Chinese Taipei,5,1,False,20.3,3012.0,7.7,14.1,-6.4,2.3,0.11,1.0,42.0,0.0
68957T,Chinese Taipei,2,0,False,6.9,11760.0,-15.0,37.9,-52.9,0.0,0.0,0.0,42.0,22.0
77701A,Chinese Taipei,6,1,True,22.8,1104.0,15.0,9.1,5.9,3.5,0.18,1.3,56.0,52.0
78181A,Chinese Taipei,6,1,True,25.2,240.0,17.2,12.1,5.1,4.6,0.38,2.0,56.0,51.0
90065P,Chinese Taipei,3,0,False,11.5,10655.0,2.3,9.2,-6.9,2.5,0.0,1.0,26.0,13.0
96069X,Chinese Taipei,5,1,False,21.7,1822.0,10.9,14.5,-3.6,3.7,0.22,1.3,48.0,42.0
96944B,Chinese Taipei,3,1,False,10.6,11002.0,10.4,17.7,-7.3,0.7,0.11,0.8,50.0,28.0
96944X,Chinese Taipei,2,0,False,3.5,11870.0,7.8,19.9,-12.1,6.0,0.0,0.0,35.0,9.0
96944Z,Chinese Taipei,3,1,False,12.9,9990.0,11.5,9.8,1.7,3.3,0.0,0.9,45.0,0.0
96969W,Chinese Taipei,4,1,True,21.6,1885.0,12.1,16.8,-4.6,2.3,0.04,0.8,53.0,44.0
96969X,Chinese Taipei,3,1,False,20.7,2629.0,11.5,13.0,-1.5,3.0,0.11,1.1,43.0,42.0
96969Y,Chinese Taipei,4,1,True,24.4,446.0,16.2,11.1,5.1,3.4,0.19,1.6,51.0,43.0
30214A,Uganda,3,0,True,11.5,10655.0,11.2,1.6,9.6,3.0,0.0,2.0,36.0,25.0
55692B,Uganda,2,0,False,7.6,11688.0,-0.1,6.9,-7.0,0.0,0.0,0.0,12.0,11.0
67591A,Uganda,2,0,False,4.2,11867.0,4.2,8.0,-3.8,0.0,0.0,0.0,17.0,17.0
67591B,Uganda,2,0,False,3.0,11872.0,4.7,7.2,-2.6,3.0,0.0,1.0,10.0,12.0
316W,Hawaii,7,0,False,22.5,1313.0,12.8,10.4,2.4,3.0,0.22,1.4,47.0,18.0
359B,Hawaii,8,0,True,23.5,767.0,14.2,7.7,6.4,4.0,0.18,1.7,43.0,43.0
1037A,Hawaii,4,1,True,17.4,6052.0,12.1,21.2,-9.1,2.9,0.28,0.9,38.0,12.0
1037B,Hawaii,4,1,True,20.3,3012.0,12.6,10.9,1.7,2.6,0.08,1.0,49.0,21.0
1378V,Hawaii,2,0,False,21.1,2288.0,5.5,5.9,-0.4,1.5,0.0,0.8,25.0,0.0
2443B,Hawaii,3,0,False,20.1,3207.0,10.7,12.3,-1.6,3.5,0.2,1.5,32.0,18.0
2443C,Hawaii,3,0,False,23.5,767.0,17.6,11.5,6.1,3.0,0.12,1.4,40.0,26.0
2459A,Hawaii,7,1,False,20.2,3106.0,8.2,10.7,-2.5,3.1,0.05,0.9,33.0,9.0
2459B,Hawaii,6,0,False,23.4,811.0,13.7,7.5,6.3,3.2,0.09,1.4,43.0,7.0
2459C,Hawaii,9,1,True,23.3,854.0,12.4,9.6,2.8,3.1,0.23,1.5,47.0,22.0
3008A,Hawaii,4,0,False,19.2,4071.0,13.3,12.0,1.3,3.2,0.12,1.2,37.0,21.0
3685A,Hawaii,10,0,False,21.2,2203.0,5.3,9.9,-4.7,2.6,0.07,1.0,20.0,0.0
3685C,Hawaii,9,0,False,18.9,4403.0,3.3,13.3,-9.9,1.9,0.01,0.6,20.0,0.0
3685D,Hawaii,10,0,False,25.0,287.0,16.1,10.0,6.0,3.5,0.21,1.5,43.0,7.0
4142A,Hawaii,8,0,False,21.5,1966.0,12.2,9.3,2.9,3.2,0.2,1.2,33.0,13.0
4142B,Hawaii,9,0,True,22.2,1468.0,13.4,11.8,1.6,3.4,0.14,1.2,46.0,26.0
5968A,Hawaii,2,0,False,24.0,566.0,12.5,2.3,10.2,4.4,0.06,1.6,37.0,27.0
27180A,Hawaii,3,0,False,23.0,986.0,9.7,5.5,4.2,2.9,0.03,1.1,34.0,3.0
27180G,Hawaii,2,0,False,20.2,3106.0,2.3,9.8,-7.5,2.5,0.0,0.9,18.0,0.0
42700A,Hawaii,6,0,False,22.0,1618.0,13.7,11.8,1.8,2.5,0.15,1.3,42.0,3.0
42700E,Hawaii,8,0,False,26.2,96.0,20.5,6.0,14.4,4.1,0.26,2.0,54.0,3.0
42700R,Hawaii,6,0,False,23.0,986.0,10.7,9.9,0.7,2.6,0.04,1.2,38.0,27.0
42700W,Hawaii,7,0,False,22.2,1468.0,10.8,11.7,-0.9,2.4,0.17,1.1,31.0,10.0
80852A,Hawaii,2,0,False,16.5,7030.0,9.1,16.7,-7.6,2.6,0.0,0.6,25.0,11.0
80852B,Hawaii,2,0,False,15.4,8109.0,7.3,17.4,-10.1,2.4,0.0,0.4,20.0,0.0
84141A,Hawaii,6,1,False,19.3,3976.0,6.8,12.3,-5.5,2.9,0.08,0.9,18.0,0.0
84141B,Hawaii,6,1,False,21.2,2203.0,9.7,13.1,-3.4,2.8,0.1,1.0,35.0,0.0
93607D,Hawaii,4,0,False,18.7,4605.0,11.0,11.4,-0.4,3.1,0.06,1.2,46.0,32.0
96768K,Hawaii,3,0,False,18.2,5141.0,8.8,13.1,-4.4,2.4,0.17,1.0,29.0,0.0
96768S,Hawaii,3,0,False,17.1,6385.0,3.2,13.6,-10.4,1.4,0.0,0.6,20.0,5.0
96789X,Hawaii,15,0,True,28.2,4.0,22.5,4.8,17.7,5.0,0.54,2.4,52.0,50.0
96789Z,Hawaii,10,0,True,26.6,54.0,21.6,4.1,17.5,4.4,0.43,2.1,55.0,49.0
2463A,Hawaii,7,0,False,20.2,3106.0,5.9,9.0,-3.1,2.9,0.12,1.1,40.0,15.0
3590A,Hawaii,6,0,True,22.4,1363.0,15.9,8.7,7.2,3.1,0.07,1.4,34.0,17.0
3590B,Hawaii,5,0,False,20.9,2458.0,9.5,9.0,0.5,2.1,0.0,1.2,27.0,6.0
5864B,Macau,4,1,False,18.1,5246.0,15.7,12.4,3.4,3.0,0.23,1.2,41.0,30.0
5864C,"Macau, China",4,1,False,18.9,4403.0,17.2,10.5,6.7,4.1,0.27,1.7,53.0,26.0
5864D,"Macau, China",5,1,True,17.9,5478.0,16.8,11.7,5.1,3.4,0.18,1.3,37.0,19.0
5868C,"Macau, China",3,1,False,12.4,10252.0,11.4,14.7,-3.4,2.6,0.0,1.1,30.0,3.0
5868H,"Macau, China",4,1,False,11.6,10613.0,9.8,18.9,-9.1,1.5,0.0,0.4,35.0,26.0
63936C,"Macau, China",4,1,False,13.8,9405.0,11.7,14.7,-3.0,3.3,0.19,1.0,42.0,24.0
63936D,"Macau, China",5,1,True,19.1,4178.0,22.2,7.1,15.2,3.4,0.27,1.5,48.0,28.0
68424A,"Macau, China",4,0,False,18.3,5032.0,15.0,13.1,1.9,3.0,0.21,1.4,22.0,10.0
85301V,"Macau, China",3,1,False,17.6,5826.0,15.9,8.5,7.5,4.3,0.21,1.8,44.0,27.0
85301X,"Macau, China",4,1,True,12.3,10295.0,14.8,14.7,0.1,3.9,0.36,1.2,43.0,21.0
85301Z,"Macau, China",3,1,False,14.4,8971.0,10.9,8.2,2.7,3.0,0.0,1.1,39.0,0.0
383D,Georgia,6,1,True,21.8,1761.0,15.2,8.7,6.5,4.5,0.06,1.4,42.0,25.0
383H,Georgia,7,2,False,22.1,1546.0,11.8,7.9,3.8,3.2,0.04,1.2,41.0,28.0
383M,Georgia,5,0,False,16.5,7030.0,4.1,9.0,-4.8,1.8,0.0,0.8,29.0,5.0
675A,Georgia,5,0,False,17.3,6161.0,8.1,12.8,-4.7,1.5,0.0,0.7,43.0,8.0
675B,Georgia,5,0,False,17.8,5588.0,5.5,9.6,-4.1,1.5,0.0,0.8,42.0,25.0
675C,Georgia,7,0,True,23.5,767.0,16.0,7.6,8.4,4.1,0.16,1.6,43.0,31.0
675E,Georgia,5,0,False,22.1,1546.0,11.1,9.3,1.8,2.4,0.03,1.0,41.0,20.0
675F,Georgia,6,0,False,21.9,1688.0,10.0,6.7,3.2,3.6,0.05,1.4,42.0,25.0
1235A,Georgia,5,0,False,18.5,4820.0,10.7,9.1,1.7,2.9,0.04,1.0,37.0,14.0
1235D,Georgia,7,0,True,25.8,138.0,17.8,4.9,12.9,3.4,0.11,1.6,42.0,7.0
1275C,Georgia,6,0,False,17.7,5708.0,1.9,7.6,-5.7,2.6,0.0,0.7,26.0,13.0
1275D,Georgia,6,0,False,20.7,2629.0,9.6,7.0,2.6,2.7,0.0,1.1,32.0,5.0
1275E,Georgia,8,0,False,22.8,1104.0,10.4,5.1,5.4,3.3,0.03,1.3,40.0,10.0
1292A,Georgia,6,0,False,23.3,854.0,13.0,3.2,9.8,4.4,0.02,1.5,28.0,21.0
1356B,Georgia,6,0,False,24.4,446.0,15.5,3.5,12.0,3.6,0.08,1.6,45.0,21.0
1961A,Georgia,6,2,False,21.4,2059.0,14.1,12.0,2.1,3.4,0.1,1.1,53.0,34.0
1961D,Georgia,7,2,True,22.8,1104.0,11.9,9.1,2.7,2.6,0.02,1.2,52.0,33.0
1961Y,Georgia,6,1,False,18.2,5141.0,10.5,10.0,0.6,2.6,0.03,0.9,44.0,20.0
1961Z,Georgia,6,2,False,20.5,2838.0,7.7,10.7,-3.0,2.9,0.07,1.2,43.0,22.0
2105B,Georgia,4,0,False,20.0,3301.0,10.7,8.5,2.2,3.2,0.04,1.3,37.0,19.0
2771X,Georgia,6,1,False,20.9,2458.0,14.5,7.6,6.9,2.9,0.05,1.4,53.0,31.0
3142C,Georgia,9,1,True,22.9,1042.0,11.8,6.2,5.7,4.0,0.11,1.5,51.0,52.0
3142F,Georgia,7,0,False,19.1,4178.0,8.8,7.3,1.5,3.3,0.03,1.1,35.0,18.0
3142W,Georgia,6,0,False,20.5,2838.0,14.7,8.8,5.9,4.5,0.15,1.6,48.0,31.0
3536P,Georgia,5,0,False,19.7,3601.0,9.4,11.9,-2.5,2.3,0.03,0.8,27.0,13.0
3536S,Georgia,6,0,False,19.1,4178.0,11.3,7.2,4.1,3.0,0.05,1.2,41.0,33.0
3536V,Georgia,6,0,False,22.0,1618.0,12.3,10.8,1.4,3.2,0.03,1.2,30.0,12.0
3536X,Georgia,8,0,False,20.9,2458.0,10.0,9.2,0.7,2.8,0.06,1.1,42.0,12.0
5203G,Georgia,8,4,True,25.1,262.0,21.8,12.5,9.3,3.6,0.29,1.8,53.0,50.0
5278A,Georgia,5,0,False,20.3,3012.0,10.2,7.9,2.3,3.3,0.0,1.2,40.0,15.0
5278D,Georgia,6,0,False,20.1,3207.0,8.2,7.1,1.0,3.6,0.0,1.2,42.0,10.0
7009X,Georgia,9,1,True,24.3,477.0,16.6,10.7,5.8,3.8,0.21,1.7,53.0,41.0
8682A,Georgia,9,1,True,25.3,220.0,16.0,7.1,8.9,4.0,0.06,1.6,53.0,46.0
8682C,Georgia,11,3,True,21.6,1885.0,13.2,10.5,2.8,3.0,0.04,1.0,40.0,34.0
8682N,Georgia,10,3,True,24.4,446.0,15.7,10.1,5.6,4.0,0.23,1.8,53.0,47.0
12954G,Georgia,4,0,False,15.9,7599.0,7.0,11.0,-4.0,2.4,0.0,0.6,29.0,13.0
12954H,Georgia,4,0,False,17.2,6264.0,4.7,10.1,-5.4,1.7,0.0,0.9,23.0,10.0
33344A,Georgia,7,1,False,21.2,2203.0,11.2,11.2,0.0,3.1,0.03,1.2,27.0,12.0
33344C,Georgia,8,1,True,24.2,511.0,18.1,9.7,8.4,3.4,0.09,1.7,39.0,32.0
35361A,Georgia,4,0,False,16.1,7412.0,9.3,14.0,-4.7,2.2,0.0,0.6,40.0,0.0
37116B,Georgia,5,0,True,20.0,3301.0,9.3,9.0,0.3,3.5,0.0,1.1,35.0,8.0
37116C,Georgia,5,0,False,18.4,4926.0,5.4,11.7,-6.3,2.5,0.0,0.6,34.0,7.0
57346A,Georgia,6,0,False,21.3,2133.0,14.4,7.8,6.6,3.5,0.03,1.2,47.0,15.0
60053B,Georgia,6,0,False,21.4,2059.0,13.1,10.6,2.5,3.0,0.12,1.3,45.0,32.0
63780A,Georgia,6,0,False,20.3,3012.0,8.0,9.6,-1.6,2.6,0.03,1.1,38.0,21.0
71811N,Georgia,6,0,True,22.8,1104.0,14.1,8.0,6.1,3.0,0.06,1.6,50.0,33.0
71811V,Georgia,6,0,False,19.7,3601.0,9.7,8.0,1.6,2.9,0.03,1.2,33.0,33.0
71811X,Georgia,6,0,False,21.5,1966.0,12.0,8.6,3.4,3.2,0.08,1.2,44.0,41.0
84248A,Georgia,9,0,False,25.1,262.0,17.1,3.9,13.2,5.0,0.14,1.9,48.0,42.0
89227A,Georgia,5,0,False,20.2,3106.0,5.3,7.8,-2.5,2.5,0.0,0.9,35.0,5.0
936A,Hong Kong,2,0,True,14.8,8669.0,18.4,7.5,10.9,3.4,0.12,1.9,38.0,14.0
2636A,"Hong Kong, China",2,0,False,17.7,5708.0,15.9,5.0,10.9,5.2,0.12,1.4,25.0,14.0
3708E,"Hong Kong, China",5,0,True,13.0,9917.0,9.3,8.4,1.0,3.6,0.0,1.0,24.0,19.0
3708F,"Hong Kong, China",5,0,False,10.9,10909.0,-1.2,13.3,-14.5,1.3,0.0,0.1,37.0,15.0
3708Z,"Hong Kong, China",5,0,False,15.9,7599.0,4.0,7.3,-3.3,2.6,0.0,0.9,13.0,0.0
4275B,"Hong Kong, China",4,1,False,21.5,1966.0,16.2,9.0,7.2,3.5,0.18,1.5,41.0,13.0
4275V,"Hong Kong, China",5,1,True,21.4,2059.0,17.3,9.9,7.4,3.7,0.32,1.7,51.0,28.0
4275Z,"Hong Kong, China",2,1,False,17.7,5708.0,16.0,13.6,2.4,3.4,0.0,1.1,49.0,19.0
4815A,"Hong Kong, China",3,0,False,19.8,3501.0,17.0,-0.8,17.9,4.4,0.06,1.9,38.0,18.0
4815B,"Hong Kong, China",3,0,False,18.6,4715.0,16.4,6.5,9.9,3.4,0.06,1.4,43.0,6.0
10368A,"Hong Kong, China",4,1,True,21.7,1822.0,24.2,4.9,19.3,4.1,0.29,2.0,50.0,32.0
12305A,"Hong Kong, China",4,1,False,15.6,7907.0,3.4,10.6,-7.1,2.1,0.0,0.8,19.0,10.0
12305B,"Hong Kong, China",3,1,False,17.2,6264.0,9.5,15.4,-5.9,2.3,0.14,1.0,22.0,9.0
15383A,"Hong Kong, China",6,0,False,21.6,1885.0,14.7,11.5,3.2,3.4,0.2,1.4,54.0,40.0
21262T,"Hong Kong, China",3,0,False,14.2,9119.0,0.0,13.4,-13.4,1.9,0.0,0.6,15.0,0.0
32981A,"Hong Kong, China",2,0,False,14.1,9191.0,10.0,11.5,-1.5,2.8,0.07,1.2,23.0,13.0
32982A,"Hong Kong, China",2,0,False,11.3,10748.0,2.1,10.7,-8.6,1.7,0.0,0.5,23.0,5.0
54027A,"Hong Kong, China",2,0,False,12.5,10195.0,10.2,16.2,-6.0,1.9,0.0,0.8,24.0,0.0
70909A,"Hong Kong, China",2,0,False,18.0,5344.0,12.2,13.0,-0.7,3.6,0.0,1.1,39.0,14.0
86254A,"Hong Kong, China",6,0,False,16.0,7504.0,10.3,17.0,-6.7,2.3,0.27,0.8,41.0,15.0
86254B,"Hong Kong, China",8,1,True,22.1,1546.0,15.6,12.0,3.7,3.6,0.39,1.8,51.0,37.0
49651Z,Panama,3,1,False,5.1,11847.0,-2.4,7.3,-9.7,2.4,0.0,0.0,5.0,0.0
55098A,Panama,5,1,True,14.2,9119.0,10.5,2.5,8.0,1.6,0.0,1.2,40.0,16.0
55098B,Panama,4,1,False,14.3,9041.0,8.7,10.1,-1.4,2.2,0.0,1.0,27.0,0.0
55098C,Panama,4,1,False,15.0,8488.0,10.6,11.1,-0.5,3.2,0.0,0.8,32.0,8.0
643A,Alabama,4,1,False,20.6,2734.0,10.8,11.8,-1.0,1.7,0.0,1.1,30.0,7.0
643E,Alabama,7,2,True,22.1,1546.0,13.3,12.5,0.9,3.1,0.2,1.3,30.0,0.0
643F,Alabama,4,0,False,22.8,1104.0,15.0,5.7,9.2,3.7,0.26,1.7,34.0,13.0
643T,Alabama,6,2,False,22.6,1250.0,14.2,8.7,5.5,3.9,0.17,1.6,38.0,34.0
4828A,Alabama,11,0,True,21.9,1688.0,10.7,10.3,0.5,2.0,0.0,1.0,30.0,8.0
4828S,Alabama,10,0,True,22.0,1618.0,8.2,7.1,1.0,3.2,0.02,1.1,28.0,0.0
4828X,Alabama,11,2,True,26.4,79.0,21.8,7.3,14.5,4.3,0.29,2.1,52.0,46.0
8448A,Alabama,10,1,True,20.4,2925.0,9.0,7.7,1.3,3.5,0.03,1.1,37.0,14.0
8448G,Alabama,11,1,True,22.9,1042.0,15.9,7.0,8.9,4.1,0.11,1.5,42.0,25.0
8448X,Alabama,12,1,True,23.1,942.0,17.8,7.3,10.5,4.0,0.19,1.6,52.0,22.0
9848A,Alabama,6,1,False,19.9,3397.0,10.3,12.7,-2.4,3.0,0.1,1.1,30.0,12.0
13907F,Alabama,5,0,False,23.4,811.0,15.1,7.3,7.8,2.8,0.06,1.5,45.0,15.0
13907Y,Alabama,6,0,False,19.7,3601.0,5.9,10.9,-5.0,1.7,0.0,0.9,29.0,16.0
20605A,Alabama,10,2,True,27.2,19.0,21.8,6.8,15.0,3.9,0.15,1.9,53.0,40.0
20605B,Alabama,10,2,True,23.9,611.0,16.9,10.4,6.5,3.4,0.17,1.4,48.0,17.0
30207A,Alabama,6,0,True,23.2,895.0,14.7,10.9,3.9,3.5,0.2,1.6,37.0,18.0
31218W,Alabama,9,0,True,23.0,986.0,18.5,9.7,8.9,3.8,0.11,1.5,50.0,21.0
35016Z,Alabama,13,2,True,25.0,287.0,16.1,10.0,6.1,3.0,0.08,1.4,51.0,21.0
36064A,Alabama,8,0,False,21.3,2133.0,12.6,10.3,2.3,3.1,0.05,1.3,41.0,23.0
36830A,Alabama,7,1,True,22.7,1176.0,16.2,8.8,7.3,3.4,0.25,1.6,49.0,33.0
36830B,Alabama,7,1,True,21.9,1688.0,13.6,10.3,3.3,2.9,0.12,1.4,45.0,29.0
36830C,Alabama,6,1,False,20.7,2629.0,11.2,10.4,0.9,3.1,0.1,1.1,36.0,0.0
36830D,Alabama,6,1,False,19.9,3397.0,13.4,11.8,1.5,3.3,0.12,1.1,34.0,24.0
36867A,Alabama,7,2,False,20.9,2458.0,7.7,11.4,-3.8,3.1,0.04,1.1,33.0,9.0
36867C,Alabama,6,1,False,19.5,3781.0,7.7,11.0,-3.2,2.4,0.03,0.9,29.0,8.0
36867D,Alabama,8,2,True,22.3,1420.0,10.4,9.9,0.5,3.4,0.12,1.3,41.0,28.0
38241A,Alabama,5,0,False,20.2,3106.0,10.4,9.6,0.8,3.1,0.06,1.0,43.0,22.0
38241X,Alabama,5,0,False,19.9,3397.0,10.9,10.5,0.4,2.8,0.06,1.1,34.0,20.0
41469A,Alabama,11,0,False,24.3,477.0,17.2,7.3,9.9,4.0,0.24,1.8,54.0,34.0
47969W,Alabama,8,1,False,20.1,3207.0,8.1,10.0,-1.9,2.2,0.04,1.0,34.0,8.0
54500B,Alabama,4,0,False,17.5,5947.0,5.6,10.1,-4.5,2.5,0.0,1.1,11.0,3.0
56448C,Alabama,5,0,False,20.6,2734.0,12.0,7.5,4.5,3.4,0.0,1.5,42.0,11.0
67104A,Alabama,8,0,False,21.5,1966.0,13.9,10.5,3.4,3.6,0.11,1.2,44.0,12.0
67104B,Alabama,8,0,False,18.6,4715.0,5.8,7.9,-2.1,2.4,0.03,0.8,28.0,8.0
72390A,Alabama,3,0,False,17.7,5708.0,5.5,8.3,-2.8,2.5,0.0,0.8,20.0,0.0
72991B,Alabama,3,0,False,15.1,8403.0,3.7,11.5,-7.7,2.4,0.0,0.7,14.0,0.0
75754C,Alabama,5,0,False,18.5,4820.0,7.3,10.5,-3.2,2.9,0.08,0.9,25.0,0.0
81218C,Alabama,8,0,False,20.8,2544.0,13.4,6.7,6.7,3.1,0.07,1.2,43.0,14.0
81218D,Alabama,8,1,False,22.9,1042.0,13.3,6.8,6.5,3.6,0.08,1.5,40.0,18.0
81218G,Alabama,9,0,False,22.4,1363.0,12.3,6.8,5.5,3.1,0.04,1.2,44.0,27.0
82473C,Alabama,9,0,False,21.6,1885.0,9.9,8.3,1.6,3.3,0.06,1.0,41.0,7.0
90601A,Alabama,5,0,False,19.6,3703.0,11.6,10.1,1.5,3.8,0.09,1.1,36.0,17.0
90601C,Alabama,5,0,False,22.3,1420.0,18.9,7.9,11.0,3.4,0.03,1.4,55.0,25.0
99040E,Alabama,11,2,True,24.6,390.0,18.2,8.9,9.3,3.3,0.16,1.7,50.0,21.0
99040N,Alabama,11,2,True,26.2,96.0,19.9,8.8,11.2,4.1,0.26,1.9,53.0,33.0
99060A,Alabama,5,0,False,20.1,3207.0,6.7,8.4,-1.7,2.1,0.0,1.0,32.0,11.0
2144A,Colombia,4,2,True,22.3,1420.0,17.8,5.4,12.4,4.1,0.14,1.8,47.0,0.0
4205A,Colombia,3,1,True,20.0,3301.0,18.9,8.7,10.2,4.6,0.12,1.6,40.0,7.0
4423C,Colombia,2,1,False,13.9,9351.0,10.0,12.5,-2.6,2.8,0.06,0.9,15.0,0.0
5550A,Colombia,2,1,False,13.6,9542.0,14.9,19.8,-4.8,2.6,0.14,1.3,32.0,9.0
10821D,Colombia,2,1,False,16.9,6599.0,16.9,10.5,6.4,2.6,0.06,1.5,41.0,4.0
10821G,Colombia,2,1,False,13.6,9542.0,12.7,12.2,0.5,3.2,0.06,1.0,40.0,0.0
77008A,Colombia,2,1,False,15.4,8109.0,12.9,13.4,-0.5,2.1,0.0,1.1,19.0,0.0
77008B,Colombia,2,1,False,15.2,8308.0,12.9,13.4,-0.6,2.5,0.0,0.9,36.0,0.0
94033A,Colombia,2,1,False,15.5,8011.0,3.9,13.5,-9.6,1.4,0.0,0.6,10.0,0.0
231D,Texas,7,1,False,23.1,942.0,14.5,11.2,3.4,2.8,0.07,1.3,36.0,0.0
231N,Texas,8,1,False,24.0,566.0,13.1,6.5,6.6,3.8,0.09,1.5,35.0,0.0
285C,Texas,7,1,False,20.7,2629.0,10.9,9.8,1.1,3.6,0.05,1.4,39.0,16.0
285X,Texas,8,0,False,21.0,2371.0,7.7,9.3,-1.6,2.4,0.1,1.0,36.0,32.0
285Z,Texas,6,0,False,18.9,4403.0,8.3,8.3,-0.1,2.4,0.04,1.0,34.0,13.0
1065A,Texas,12,3,True,27.6,9.0,21.6,9.1,12.6,4.8,0.47,2.1,52.0,39.0
1380A,Texas,9,1,True,23.0,986.0,12.4,9.8,2.6,2.7,0.06,1.3,42.0,29.0
1412E,Texas,12,0,False,21.9,1688.0,10.5,11.3,-0.8,2.6,0.09,1.1,38.0,26.0
1412J,Texas,12,0,True,24.4,446.0,17.4,8.6,8.9,3.6,0.14,1.6,48.0,13.0
1718V,Texas,5,0,False,22.4,1363.0,11.4,8.4,3.0,3.8,0.11,1.2,27.0,17.0
1718W,Texas,5,0,False,18.4,4926.0,11.0,10.9,0.1,3.0,0.03,1.1,44.0,11.0
1718Y,Texas,7,0,True,21.1,2288.0,10.6,8.8,1.8,3.0,0.09,1.2,47.0,31.0
2587B,Texas,6,1,False,20.9,2458.0,10.4,14.4,-4.0,2.6,0.12,1.0,39.0,20.0
2854Z,Texas,5,0,False,22.8,1104.0,11.8,8.3,3.5,4.1,0.06,1.5,37.0,24.0
3118A,Texas,7,1,False,20.5,2838.0,11.0,10.8,0.2,2.8,0.05,1.0,37.0,28.0
3118B,Texas,7,1,True,24.1,542.0,14.8,7.7,7.1,3.7,0.24,1.8,44.0,30.0
3118C,Texas,5,1,False,20.4,2925.0,12.2,7.4,4.8,3.8,0.07,1.1,32.0,15.0
3162Z,Texas,10,0,False,23.6,730.0,15.0,7.9,7.1,3.8,0.17,1.6,47.0,34.0
3674G,Texas,8,1,False,21.5,1966.0,8.2,10.9,-2.7,3.3,0.08,1.1,36.0,14.0
4118D,Texas,6,1,True,23.0,986.0,13.5,7.4,6.0,2.7,0.06,1.0,47.0,39.0
4118J,Texas,6,1,True,23.9,611.0,17.4,9.3,8.1,4.0,0.18,1.6,45.0,3.0
5013X,Texas,6,1,True,24.1,542.0,21.7,9.8,11.8,4.2,0.31,1.9,56.0,35.0
6865D,Texas,9,0,True,25.3,220.0,14.9,8.0,6.9,3.5,0.16,1.7,49.0,27.0
6865Z,Texas,8,0,False,22.1,1546.0,9.6,6.3,3.2,3.1,0.04,1.4,44.0,0.0
7390A,Texas,6,0,False,21.9,1688.0,13.2,8.7,4.6,3.2,0.17,1.3,45.0,20.0
9204A,Texas,7,0,True,24.2,511.0,12.6,7.4,5.3,3.9,0.21,1.7,48.0,25.0
9204B,Texas,6,0,False,23.5,767.0,16.7,8.5,8.2,4.5,0.38,1.9,38.0,6.0
16329E,Texas,9,0,True,23.4,811.0,12.6,8.6,4.1,3.3,0.09,1.5,32.0,27.0
19697A,Texas,12,0,False,23.9,611.0,14.1,8.1,6.0,3.6,0.1,1.5,42.0,21.0
19697M,Texas,6,0,False,21.9,1688.0,10.4,8.1,2.3,3.6,0.08,1.4,36.0,22.0
19697U,Texas,14,1,False,22.3,1420.0,9.1,10.8,-1.6,2.8,0.07,1.0,38.0,20.0
19697W,Texas,10,1,True,23.7,695.0,14.1,10.9,3.2,3.5,0.12,1.4,40.0,24.0
19697X,Texas,10,1,False,19.2,4071.0,5.4,12.3,-6.9,2.3,0.04,0.8,36.0,12.0
19697Z,Texas,10,1,True,24.0,566.0,14.4,10.1,4.3,3.3,0.22,1.7,50.0,42.0
20002G,Texas,10,0,True,26.2,96.0,16.2,7.2,9.0,4.2,0.17,1.8,50.0,30.0
20121A,Texas,5,0,False,21.5,1966.0,10.9,8.2,2.7,2.8,0.14,1.4,25.0,0.0
22603B,Texas,6,0,False,23.0,986.0,14.4,11.5,2.9,3.0,0.14,1.2,44.0,35.0
24626B,Texas,6,0,False,20.0,3301.0,8.8,7.0,1.9,3.3,0.03,1.0,39.0,21.0
24626U,Texas,9,0,False,20.1,3207.0,8.2,11.6,-3.4,2.9,0.06,0.7,37.0,29.0
33007Y,Texas,8,0,True,26.6,54.0,20.8,7.6,13.2,4.4,0.21,1.9,56.0,59.0
33111B,Texas,8,0,False,22.4,1363.0,12.8,6.1,6.8,3.9,0.1,1.3,39.0,23.0
33111C,Texas,8,0,True,25.2,240.0,18.6,8.6,10.0,5.2,0.33,2.0,44.0,3.0
38538S,Texas,7,1,False,21.3,2133.0,9.6,8.8,0.9,2.7,0.07,1.1,40.0,24.0
44441B,Texas,4,0,False,19.6,3703.0,10.8,12.3,-1.5,2.6,0.03,1.1,26.0,18.0
44441W,Texas,3,0,False,18.2,5141.0,7.4,12.1,-4.6,2.1,0.0,0.8,42.0,19.0
63310A,Texas,6,0,False,20.3,3012.0,12.8,8.3,4.5,3.1,0.03,1.2,31.0,18.0
63310K,Texas,8,0,False,22.1,1546.0,11.6,12.6,-1.0,2.8,0.02,1.1,38.0,21.0
77360B,Texas,9,0,True,22.4,1363.0,11.7,10.9,0.8,2.3,0.11,1.2,43.0,13.0
77360Z,Texas,8,0,False,22.5,1313.0,12.5,9.6,2.9,3.9,0.14,1.4,44.0,13.0
77786F,Texas,10,0,False,22.3,1420.0,10.7,10.2,0.6,3.0,0.0,1.0,33.0,10.0
77786H,Texas,9,0,False,22.9,1042.0,11.5,9.5,2.0,3.5,0.0,1.2,39.0,9.0
77786X,Texas,9,0,False,18.6,4715.0,9.1,11.8,-2.7,2.5,0.03,1.0,40.0,21.0
83280W,Texas,9,0,False,21.3,2133.0,8.6,9.3,-0.6,3.3,0.04,1.2,27.0,0.0
83280Y,Texas,8,0,False,22.9,1042.0,14.5,8.6,6.0,4.0,0.12,1.6,44.0,8.0
89437A,Texas,8,0,False,20.7,2629.0,9.7,8.1,1.6,2.4,0.07,1.4,39.0,28.0
91923A,Texas,9,0,True,23.1,942.0,12.7,6.8,5.8,3.5,0.13,1.4,45.0,30.0
91923T,Texas,6,0,False,21.5,1966.0,9.2,6.8,2.4,4.0,0.04,1.1,32.0,17.0
1028J,Nebraska,10,0,True,25.2,240.0,13.9,4.4,9.5,4.6,0.14,1.7,38.0,23.0
68763A,Nebraska,4,0,False,16.9,6599.0,6.7,9.2,-2.5,2.8,0.0,0.8,37.0,15.0
68763B,Nebraska,4,0,False,17.9,5478.0,10.1,10.7,-0.6,2.7,0.04,0.8,29.0,14.0
68763G,Nebraska,4,0,False,18.0,5344.0,4.7,7.2,-2.5,2.4,0.0,0.9,23.0,8.0
74100A,Nebraska,3,0,False,21.3,2133.0,9.5,3.5,6.0,5.0,0.0,1.6,26.0,11.0
39E,Michigan,9,1,False,21.1,2288.0,10.4,11.0,-0.6,3.0,0.08,1.1,37.0,3.0
39G,Michigan,8,1,False,21.6,1885.0,12.0,8.5,3.5,2.6,0.14,1.1,39.0,10.0
39H,Michigan,13,2,True,23.7,695.0,15.5,12.0,3.5,3.6,0.17,1.3,53.0,54.0
39J,Michigan,9,1,False,20.2,3106.0,4.9,10.7,-5.8,1.9,0.03,0.8,26.0,18.0
39K,Michigan,11,2,True,24.7,368.0,14.3,10.9,3.5,3.6,0.22,1.5,46.0,41.0
39M,Michigan,5,0,False,19.3,3976.0,12.0,8.9,3.1,3.2,0.03,1.0,34.0,28.0
39T,Michigan,14,2,False,22.3,1420.0,8.7,10.3,-1.6,2.8,0.09,1.1,37.0,3.0
39V,Michigan,13,2,True,26.2,96.0,16.7,7.8,8.9,4.5,0.2,1.7,35.0,30.0
39W,Michigan,8,0,False,21.1,2288.0,10.2,10.9,-0.7,2.2,0.0,1.0,26.0,8.0
39Y,Michigan,9,2,False,22.4,1363.0,12.7,9.3,3.4,3.1,0.16,1.3,47.0,30.0
39Z,Michigan,10,2,False,24.1,542.0,16.2,6.7,9.4,3.2,0.06,1.4,56.0,31.0
244A,Michigan,10,0,False,22.1,1546.0,8.9,8.0,0.8,3.0,0.09,1.2,40.0,25.0
244D,Michigan,11,2,False,24.9,312.0,17.0,10.8,6.2,3.6,0.17,1.5,51.0,41.0
248A,Michigan,14,3,False,25.7,155.0,17.3,10.0,7.3,3.8,0.22,1.6,52.0,43.0
248B,Michigan,11,2,False,25.0,287.0,16.5,6.9,9.6,3.8,0.32,1.7,43.0,25.0
248C,Michigan,8,1,False,21.5,1966.0,6.4,5.6,0.8,2.8,0.07,1.2,31.0,6.0
248D,Michigan,11,3,False,26.4,79.0,18.2,8.2,10.0,3.6,0.26,1.7,54.0,44.0
288A,Michigan,13,3,False,26.7,46.0,19.4,9.0,10.4,3.4,0.23,1.7,49.0,36.0
288B,Michigan,11,2,False,24.8,334.0,13.5,9.1,4.4,3.4,0.16,1.5,44.0,29.0
288C,Michigan,13,2,False,24.9,312.0,16.2,7.9,8.2,3.6,0.28,1.6,42.0,29.0
288D,Michigan,9,2,False,21.9,1688.0,8.7,8.1,0.5,2.2,0.03,1.0,33.0,10.0
1581D,Michigan,5,0,False,21.8,1761.0,14.2,9.3,4.9,4.1,0.18,1.7,38.0,3.0
2140A,Michigan,7,1,False,21.7,1822.0,10.0,8.2,1.8,2.6,0.11,1.2,44.0,27.0
2140B,Michigan,5,0,False,21.9,1688.0,4.1,9.3,-5.2,3.1,0.04,1.2,27.0,8.0
2140C,Michigan,8,1,False,24.0,566.0,12.2,8.3,3.9,3.5,0.17,1.4,31.0,0.0
2140D,Michigan,7,1,False,24.3,477.0,13.9,7.9,6.0,3.5,0.17,1.6,43.0,24.0
2140F,Michigan,5,0,False,21.7,1822.0,7.1,6.0,1.1,3.1,0.1,1.1,42.0,32.0
2586A,Michigan,4,0,False,20.9,2458.0,13.4,8.2,5.2,3.4,0.0,1.4,18.0,0.0
3223A,Michigan,7,1,False,21.8,1761.0,7.8,8.2,-0.4,2.5,0.02,0.9,35.0,10.0
3223B,Michigan,9,1,False,22.5,1313.0,6.4,9.5,-3.1,2.9,0.14,1.1,29.0,20.0
3223C,Michigan,8,1,False,25.1,262.0,11.6,7.5,4.1,3.2,0.19,1.4,51.0,34.0
3223D,Michigan,6,1,False,21.1,2288.0,6.4,9.1,-2.7,2.8,0.07,1.0,38.0,12.0
3333W,Michigan,12,1,True,22.8,1104.0,10.3,9.9,0.4,3.4,0.17,1.3,38.0,24.0
3333X,Michigan,7,0,False,22.8,1104.0,12.2,7.6,4.5,3.7,0.11,1.3,32.0,27.0
3333Z,Michigan,5,0,False,19.8,3501.0,6.9,8.0,-1.2,2.9,0.0,1.1,30.0,13.0
3734M,Michigan,4,0,False,22.0,1618.0,15.0,13.2,1.7,3.2,0.19,1.3,41.0,21.0
4911X,Michigan,5,0,False,21.2,2203.0,7.7,5.5,2.2,2.5,0.06,0.9,38.0,13.0
7567E,Michigan,5,0,False,20.0,3301.0,10.8,11.2,-0.3,2.6,0.06,1.0,29.0,10.0
7580P,Michigan,7,2,False,24.0,566.0,17.0,11.1,5.9,3.5,0.19,1.5,53.0,19.0
7580R,Michigan,5,0,False,20.6,2734.0,12.3,8.8,3.5,2.1,0.03,1.3,30.0,5.0
7760X,Michigan,13,3,True,24.8,334.0,15.6,9.0,6.6,2.4,0.11,1.5,44.0,32.0
8031A,Michigan,7,0,False,22.7,1176.0,9.5,5.3,4.2,3.3,0.15,1.4,33.0,3.0
8341A,Michigan,9,0,False,24.0,566.0,11.8,5.6,6.2,3.9,0.14,1.6,39.0,12.0
8341B,Michigan,7,0,False,21.9,1688.0,6.0,4.8,1.2,3.7,0.03,1.1,30.0,15.0
8626K,Michigan,18,5,True,24.3,477.0,14.6,9.6,5.0,3.4,0.23,1.5,50.0,42.0
11591K,Michigan,4,0,False,17.6,5826.0,5.9,13.7,-7.9,2.7,0.0,0.8,24.0,10.0
11591R,Michigan,4,0,False,17.5,5947.0,7.0,15.3,-8.3,3.0,0.07,0.9,23.0,15.0
11591S,Michigan,7,1,True,25.8,138.0,16.5,7.5,9.0,3.9,0.25,1.7,50.0,40.0
11591Z,Michigan,3,0,False,17.3,6161.0,7.4,15.0,-7.6,2.2,0.14,1.0,28.0,13.0
13444A,Michigan,6,0,False,21.4,2059.0,13.5,12.5,0.9,3.4,0.12,1.2,40.0,13.0
13444B,Michigan,6,0,False,22.4,1363.0,12.4,11.2,1.2,2.5,0.04,1.0,18.0,0.0
13444C,Michigan,5,0,False,18.4,4926.0,8.4,13.4,-5.0,2.6,0.03,0.9,34.0,16.0
15155B,Michigan,7,0,False,25.2,240.0,18.3,3.2,15.1,4.3,0.23,1.9,46.0,26.0
23533A,Michigan,5,1,False,20.9,2458.0,9.0,14.7,-5.7,2.5,0.03,0.8,31.0,0.0
36620A,Michigan,7,0,True,24.0,566.0,12.3,7.0,5.3,4.0,0.18,1.5,39.0,37.0
36620B,Michigan,5,0,False,23.1,942.0,10.5,4.6,5.9,3.8,0.1,1.3,40.0,13.0
36620C,Michigan,5,0,False,20.4,2925.0,6.8,6.6,0.2,2.8,0.02,0.8,26.0,13.0
36620E,Michigan,5,0,False,20.6,2734.0,4.7,12.7,-7.9,2.2,0.08,0.6,26.0,3.0
36620H,Michigan,6,0,False,23.7,695.0,15.7,6.6,9.1,4.3,0.18,1.6,51.0,3.0
38053B,Michigan,6,0,False,21.7,1822.0,8.4,8.4,0.1,2.6,0.1,1.1,25.0,0.0
38053D,Michigan,6,0,False,21.1,2288.0,7.0,9.6,-2.7,3.0,0.04,1.0,25.0,29.0
38053G,Michigan,5,0,False,21.4,2059.0,9.7,8.4,1.3,2.8,0.03,1.3,40.0,6.0
40684B,Michigan,6,2,False,21.8,1761.0,14.8,12.4,2.5,2.4,0.08,1.3,48.0,24.0
40684D,Michigan,6,2,False,23.7,695.0,18.1,11.2,6.8,3.9,0.17,1.6,47.0,39.0
48768E,Michigan,3,0,False,18.8,4503.0,11.6,11.1,0.6,3.0,0.09,1.2,26.0,0.0
50480A,Michigan,5,0,False,21.5,1966.0,9.7,6.9,2.7,3.4,0.03,1.3,32.0,0.0
50480B,Michigan,5,0,False,20.4,2925.0,5.5,7.5,-1.9,2.6,0.03,1.1,26.0,0.0
63600B,Michigan,5,0,False,19.9,3397.0,3.9,7.7,-3.8,2.5,0.06,0.9,30.0,9.0
63600C,Michigan,6,0,False,21.8,1761.0,8.5,7.7,0.8,2.9,0.11,1.2,45.0,30.0
63600E,Michigan,6,0,False,24.1,542.0,11.5,7.1,4.3,4.0,0.2,1.5,42.0,17.0
63600F,Michigan,5,0,False,20.2,3106.0,5.3,11.2,-5.9,2.2,0.08,0.8,35.0,11.0
63600H,Michigan,5,0,False,19.1,4178.0,2.3,9.5,-7.2,2.1,0.04,0.7,30.0,8.0
65810A,Michigan,2,0,False,16.0,7504.0,4.7,16.6,-12.0,1.9,0.0,0.6,10.0,0.0
74485B,Michigan,6,0,True,20.3,3012.0,16.2,10.2,6.0,3.1,0.07,1.2,56.0,35.0
96715A,Michigan,6,1,False,21.3,2133.0,7.5,9.3,-1.8,3.5,0.08,1.1,32.0,3.0
96715C,Michigan,6,1,False,20.1,3207.0,8.7,10.8,-2.1,2.5,0.08,0.8,29.0,8.0
96959A,Michigan,4,0,False,15.6,7907.0,3.7,17.9,-14.2,1.4,0.0,0.3,27.0,10.0
98271A,Michigan,6,0,False,20.7,2629.0,7.7,9.5,-1.8,2.6,0.06,1.0,31.0,18.0
98271C,Michigan,5,0,False,22.9,1042.0,12.6,9.0,3.6,3.8,0.14,1.4,38.0,18.0
98725B,Michigan,10,0,True,23.6,730.0,16.6,10.0,6.6,3.4,0.07,1.4,50.0,26.0
210K,Alberta,6,1,False,23.2,895.0,18.8,9.6,9.2,3.8,0.08,1.5,53.0,46.0
210Z,Alberta,8,2,True,25.1,262.0,20.6,7.4,13.2,4.4,0.3,2.0,55.0,35.0
221A,Alberta,4,1,False,14.9,8566.0,3.4,11.5,-8.1,2.1,0.0,0.4,29.0,11.0
221B,Alberta,4,1,False,16.9,6599.0,5.3,9.5,-4.2,2.8,0.07,1.0,24.0,0.0
221E,Alberta,3,1,False,18.9,4403.0,14.2,12.9,1.3,3.4,0.13,1.5,32.0,0.0
221S,Alberta,5,1,False,20.7,2629.0,16.0,8.6,7.4,3.7,0.06,1.5,52.0,18.0
221W,Alberta,3,1,False,17.3,6161.0,9.9,11.7,-1.8,4.0,0.04,1.1,22.0,8.0
221X,Alberta,6,1,True,23.5,767.0,17.6,7.9,9.7,3.7,0.27,1.6,53.0,42.0
221Z,Alberta,4,1,False,16.1,7412.0,8.3,13.3,-5.0,2.6,0.0,0.7,22.0,3.0
2088A,Alberta,7,1,False,19.6,3703.0,5.7,10.5,-4.8,2.8,0.08,0.9,27.0,5.0
2088G,Alberta,7,1,False,21.1,2288.0,13.2,9.9,3.4,3.6,0.07,1.4,45.0,29.0
3300A,Alberta,3,1,False,17.2,6264.0,12.8,13.6,-0.8,3.0,0.04,0.9,30.0,0.0
3300C,Alberta,9,2,True,21.3,2133.0,13.0,6.0,7.0,3.1,0.15,1.4,52.0,55.0
3300E,Alberta,3,1,False,17.0,6492.0,9.8,13.1,-3.2,2.4,0.04,1.1,24.0,4.0
3388A,Alberta,5,1,False,18.9,4403.0,9.9,11.7,-1.9,3.5,0.08,1.2,24.0,38.0
3388C,Alberta,5,1,False,21.2,2203.0,17.5,9.7,7.8,2.8,0.19,1.5,55.0,27.0
3388E,Alberta,5,1,False,20.7,2629.0,15.3,4.5,10.8,3.1,0.06,1.4,48.0,11.0
3388H,Alberta,6,1,False,21.0,2371.0,11.1,13.0,-1.9,3.2,0.11,1.1,27.0,18.0
3388K,Alberta,4,1,False,19.4,3876.0,11.6,10.3,1.3,3.3,0.0,1.2,33.0,0.0
3388N,Alberta,6,1,False,18.6,4715.0,9.4,9.4,0.1,3.1,0.03,1.2,40.0,4.0
3388S,Alberta,6,1,True,23.5,767.0,17.4,8.4,9.0,3.0,0.06,1.6,59.0,47.0
3388Z,Alberta,5,1,False,16.5,7030.0,6.3,14.7,-8.4,3.0,0.0,0.8,21.0,3.0
5760A,Alberta,5,1,False,18.1,5246.0,12.4,11.6,0.9,1.9,0.03,0.8,42.0,12.0
5760E,Alberta,5,1,False,17.7,5708.0,9.7,9.7,-0.1,2.5,0.03,1.0,27.0,11.0
5760F,Alberta,5,1,False,18.0,5344.0,9.2,9.8,-0.6,3.3,0.03,1.2,20.0,3.0
9409X,Alberta,3,1,False,17.8,5588.0,11.8,11.0,0.8,3.1,0.04,1.0,40.0,22.0
9409Y,Alberta,3,1,False,17.4,6052.0,15.7,8.8,6.9,4.1,0.21,1.6,28.0,3.0
9409Z,Alberta,3,1,False,17.7,5708.0,13.1,10.3,2.7,2.1,0.08,1.0,23.0,18.0
45519A,Alberta,4,1,False,16.7,6828.0,7.2,9.9,-2.7,2.8,0.03,0.9,10.0,0.0
45519B,Alberta,4,1,False,14.3,9041.0,4.5,11.7,-7.3,2.9,0.07,0.7,35.0,0.0
45519C,Alberta,7,1,True,19.9,3397.0,8.3,10.1,-1.8,3.2,0.08,1.2,35.0,27.0
45519D,Alberta,4,1,False,16.8,6719.0,7.6,10.7,-3.1,2.9,0.03,0.7,13.0,0.0
45519E,Alberta,4,1,False,15.2,8308.0,4.6,15.7,-11.1,2.6,0.03,0.7,20.0,0.0
45519F,Alberta,4,1,False,15.2,8308.0,5.0,18.3,-13.3,1.8,0.03,0.5,26.0,0.0
45519H,Alberta,4,1,False,16.1,7412.0,6.6,9.8,-3.2,3.1,0.03,1.0,20.0,0.0
86744B,Alberta,4,1,False,16.3,7222.0,7.8,11.4,-3.6,2.4,0.0,0.7,35.0,0.0
99197A,Alberta,4,1,False,16.6,6924.0,5.6,7.5,-1.9,2.4,0.0,1.0,36.0,6.0
99197S,Alberta,4,1,False,15.8,7698.0,3.5,10.5,-7.0,1.9,0.0,0.4,10.0,0.0
99197T,Alberta,4,1,False,17.0,6492.0,8.8,11.5,-2.7,1.6,0.0,0.8,33.0,0.0
99197W,Alberta,4,1,False,16.1,7412.0,8.8,8.1,0.7,2.3,0.03,0.9,35.0,3.0
221T,Alberta,4,1,False,16.0,7504.0,3.5,10.9,-7.4,2.3,0.0,0.7,20.0,0.0
2088B,Alberta,6,1,True,21.3,2133.0,17.9,7.2,10.8,3.4,0.17,1.5,53.0,31.0
2088E,Alberta,7,1,True,21.4,2059.0,10.9,9.0,1.9,3.5,0.05,1.3,41.0,26.0
2088H,Alberta,7,1,True,20.1,3207.0,11.9,11.2,0.7,3.7,0.0,1.0,34.0,10.0
2088W,Alberta,6,1,False,17.0,6492.0,7.1,15.5,-8.4,1.9,0.03,0.7,33.0,0.0
2088X,Alberta,5,1,False,19.5,3781.0,16.2,13.2,3.0,3.0,0.07,1.2,52.0,32.0
2088Z,Alberta,4,1,False,15.8,7698.0,12.1,13.8,-1.7,2.4,0.08,1.0,38.0,3.0
5760G,Alberta,5,1,False,15.8,7698.0,3.9,9.8,-6.0,2.7,0.06,0.9,20.0,5.0
5760H,Alberta,5,1,False,17.8,5588.0,4.5,8.6,-4.1,1.9,0.0,0.9,28.0,3.0
1383A,Texas,5,1,False,18.4,4926.0,2.6,4.3,-1.8,3.0,0.03,0.9,8.0,0.0
1383B,Texas,5,1,False,15.9,7599.0,1.6,10.2,-8.7,1.6,0.0,0.1,18.0,0.0
1434A,Texas,6,1,False,19.3,3976.0,4.0,5.0,-1.0,3.1,0.03,1.1,13.0,0.0
2368A,Texas,4,1,False,17.1,6385.0,1.8,9.0,-7.2,2.1,0.0,0.8,5.0,0.0
4727A,Texas,5,1,False,20.0,3301.0,5.4,4.5,1.0,2.9,0.0,1.1,22.0,3.0
2208C,Puerto Rico,5,0,False,23.8,654.0,13.1,9.4,3.7,2.9,0.1,1.4,47.0,15.0
2208H,Puerto Rico,3,0,False,18.6,4715.0,7.7,13.5,-5.8,3.0,0.0,0.6,29.0,6.0
2226A,Puerto Rico,3,0,False,16.0,7504.0,5.3,15.8,-10.5,2.1,0.0,0.6,26.0,0.0
2240A,Puerto Rico,4,0,False,20.1,3207.0,5.7,8.5,-2.8,2.7,0.07,1.0,29.0,4.0
2240W,Puerto Rico,4,0,False,21.3,2133.0,6.4,8.3,-2.0,3.0,0.07,1.0,16.0,3.0
2240Y,Puerto Rico,6,0,True,26.4,79.0,18.9,4.7,14.3,4.1,0.21,1.9,47.0,32.0
2242A,Puerto Rico,5,0,False,20.0,3301.0,8.3,11.9,-3.6,2.4,0.04,0.7,36.0,13.0
2242C,Puerto Rico,5,0,False,20.5,2838.0,8.9,11.3,-2.3,2.7,0.09,1.2,42.0,16.0
2252R,Puerto Rico,4,0,False,23.0,986.0,13.0,9.5,3.5,3.5,0.25,1.6,36.0,17.0
2252W,Puerto Rico,4,0,False,22.3,1420.0,11.4,9.1,2.3,3.0,0.06,1.0,32.0,10.0
2252Y,Puerto Rico,5,0,True,25.3,220.0,16.2,8.0,8.1,3.0,0.18,1.8,53.0,35.0
2263W,Puerto Rico,3,0,False,17.2,6264.0,2.3,15.9,-13.6,1.5,0.0,0.6,21.0,0.0
2269A,Puerto Rico,2,0,False,16.2,7317.0,8.2,15.6,-7.3,1.5,0.0,0.8,33.0,15.0
2270A,Puerto Rico,4,0,False,20.4,2925.0,6.5,9.6,-3.1,2.8,0.03,1.0,19.0,0.0
2290Z,Puerto Rico,5,0,True,22.1,1546.0,11.7,11.3,0.4,2.6,0.07,1.2,44.0,36.0
3184A,Louisiana,7,0,False,22.7,1176.0,8.3,6.5,1.8,3.4,0.02,1.2,37.0,17.0
3184B,Louisiana,7,0,False,23.0,986.0,8.4,5.9,2.5,3.6,0.05,1.3,28.0,8.0
5884A,Louisiana,6,0,False,20.1,3207.0,5.6,10.5,-5.0,3.5,0.06,1.1,30.0,10.0
5884B,Louisiana,6,0,False,19.2,4071.0,6.2,8.2,-2.0,3.1,0.09,1.1,29.0,13.0
5884C,Louisiana,6,0,False,19.9,3397.0,5.6,9.5,-4.0,3.0,0.0,1.3,26.0,13.0
5884D,Louisiana,7,0,False,19.0,4293.0,5.5,9.8,-4.3,1.7,0.0,1.0,24.0,15.0
5884G,Louisiana,6,0,False,18.9,4403.0,5.0,9.7,-4.7,4.1,0.03,0.9,23.0,10.0
8892A,Louisiana,10,1,True,21.8,1761.0,9.2,8.6,0.6,2.8,0.0,0.8,32.0,29.0
8892R,Louisiana,8,1,False,21.9,1688.0,11.2,5.3,5.9,3.3,0.07,1.3,31.0,11.0
13017A,Louisiana,4,0,False,21.1,2288.0,7.8,7.8,0.0,3.7,0.0,1.1,23.0,0.0
22023A,Louisiana,7,1,False,24.0,566.0,17.1,6.0,11.1,3.5,0.0,1.5,43.0,14.0
22023B,Louisiana,6,0,False,18.2,5141.0,2.6,4.3,-1.7,2.6,0.0,0.9,20.0,5.0
22023C,Louisiana,7,0,False,21.0,2371.0,5.1,6.8,-1.7,2.9,0.0,1.0,18.0,0.0
22023D,Louisiana,6,0,False,19.3,3976.0,3.9,7.3,-3.4,2.4,0.0,0.9,20.0,0.0
31102B,Louisiana,5,0,False,19.9,3397.0,8.3,9.5,-1.2,2.1,0.0,0.9,35.0,8.0
33750A,Louisiana,6,0,False,22.2,1468.0,7.6,9.1,-1.5,2.4,0.0,1.0,33.0,14.0
43146B,Louisiana,5,1,False,20.8,2544.0,6.4,9.1,-2.8,2.4,0.0,1.1,37.0,0.0
43146C,Louisiana,6,1,False,22.3,1420.0,12.1,9.6,2.5,3.2,0.03,1.3,41.0,18.0
43146K,Louisiana,6,0,True,25.5,188.0,15.7,3.2,12.4,3.3,0.0,1.9,44.0,22.0
43146S,Louisiana,5,0,False,21.5,1966.0,11.5,4.8,6.7,3.7,0.05,1.3,30.0,11.0
51548A,Louisiana,5,0,False,24.0,566.0,12.9,6.4,6.4,3.2,0.0,1.5,30.0,4.0
51548B,Louisiana,5,0,False,24.8,334.0,13.9,7.7,6.2,3.4,0.0,1.3,34.0,30.0
52028A,Louisiana,6,0,False,20.2,3106.0,5.9,8.0,-2.1,3.2,0.02,1.0,39.0,7.0
53073A,Louisiana,4,0,False,17.2,6264.0,3.9,9.5,-5.7,2.6,0.0,0.9,20.0,8.0
53073D,Louisiana,5,0,False,21.7,1822.0,13.4,7.9,5.5,2.6,0.0,1.2,39.0,17.0
53073N,Louisiana,6,0,False,23.2,895.0,14.1,5.3,8.8,4.1,0.04,1.6,35.0,16.0
55755A,Louisiana,8,0,True,22.8,1104.0,12.4,7.3,5.1,3.0,0.02,1.1,47.0,35.0
60713A,Louisiana,3,0,False,15.0,8488.0,3.6,7.8,-4.1,2.9,0.0,0.7,20.0,0.0
67400A,Louisiana,4,0,False,20.2,3106.0,10.7,8.2,2.5,2.7,0.0,1.3,31.0,8.0
69403A,Louisiana,5,0,True,21.1,2288.0,9.7,8.8,0.8,3.1,0.1,1.2,41.0,9.0
69403Z,Louisiana,4,0,False,21.4,2059.0,9.8,7.4,2.4,3.2,0.07,1.3,37.0,12.0
71909R,Louisiana,3,0,False,18.9,4403.0,9.5,6.2,3.3,3.1,0.0,1.0,32.0,23.0
71909S,Louisiana,8,0,True,24.2,511.0,19.9,5.5,14.3,4.5,0.1,1.7,50.0,36.0
71909X,Louisiana,9,0,True,27.5,11.0,24.0,4.7,19.3,4.2,0.12,2.0,50.0,46.0
71909Z,Louisiana,9,0,True,26.9,36.0,19.8,5.8,13.9,4.6,0.25,2.0,47.0,43.0
97070C,Louisiana,4,0,False,16.8,6719.0,5.2,9.9,-4.7,2.7,0.0,0.6,25.0,10.0
97070D,Louisiana,4,0,False,22.5,1313.0,9.3,8.9,0.4,3.2,0.04,1.4,29.0,0.0
97070F,Louisiana,2,0,False,18.3,5032.0,6.3,11.6,-5.3,2.8,0.0,1.0,10.0,0.0
97070G,Louisiana,3,0,False,17.3,6161.0,6.1,12.1,-6.0,2.6,0.0,1.0,23.0,15.0
74177A,Nevada,6,0,True,20.1,3207.0,8.7,5.2,3.5,3.4,0.09,1.6,29.0,8.0
817A,Massachusetts,6,0,False,21.5,1966.0,11.8,7.9,3.9,3.1,0.03,1.2,38.0,9.0
1357X,Massachusetts,13,4,True,24.2,511.0,18.4,10.0,8.3,3.2,0.23,1.4,52.0,47.0
1898A,Massachusetts,9,2,True,23.3,854.0,15.0,6.9,8.0,3.4,0.12,1.3,45.0,25.0
1898R,Massachusetts,8,0,True,23.2,895.0,15.3,10.4,4.9,3.9,0.34,1.9,53.0,42.0
1898S,Massachusetts,5,0,False,18.2,5141.0,9.1,11.3,-2.1,3.1,0.08,0.9,33.0,21.0
1898Z,Massachusetts,7,0,False,20.8,2544.0,10.2,9.8,0.3,2.7,0.07,1.2,37.0,29.0
2008A,Massachusetts,6,0,False,20.5,2838.0,10.7,11.5,-0.9,2.5,0.14,1.1,31.0,18.0
2442A,Massachusetts,6,0,False,23.5,767.0,17.3,8.8,8.5,4.3,0.27,1.7,45.0,29.0
2442X,Massachusetts,6,0,False,20.0,3301.0,12.5,10.1,2.4,3.9,0.17,1.3,39.0,15.0
2602E,Massachusetts,11,1,True,24.6,390.0,15.5,8.4,7.1,3.3,0.29,1.7,47.0,48.0
2602H,Massachusetts,7,1,False,21.3,2133.0,14.0,11.9,2.1,3.4,0.16,1.2,48.0,21.0
2602K,Massachusetts,7,1,False,24.5,413.0,15.9,9.0,6.9,3.5,0.32,1.8,52.0,34.0
2606C,Massachusetts,5,0,False,19.2,4071.0,9.9,13.2,-3.4,2.6,0.08,0.8,39.0,3.0
2606E,Massachusetts,5,0,False,21.1,2288.0,12.3,10.6,1.6,3.5,0.11,1.2,34.0,21.0
2664A,Massachusetts,5,0,False,22.1,1546.0,12.3,5.0,7.3,3.7,0.04,1.3,33.0,0.0
4024V,Massachusetts,9,3,True,23.2,895.0,17.2,11.6,5.7,3.9,0.27,1.7,49.0,48.0
4716A,Massachusetts,6,0,False,20.8,2544.0,11.7,10.1,1.6,3.3,0.15,1.2,38.0,9.0
4898A,Massachusetts,6,0,False,22.0,1618.0,12.4,13.2,-0.7,3.9,0.25,1.5,36.0,7.0
5313B,Massachusetts,6,0,False,21.5,1966.0,10.8,7.6,3.3,2.9,0.03,1.2,34.0,8.0
5313D,Massachusetts,6,0,False,20.6,2734.0,9.2,9.8,-0.6,2.2,0.05,1.1,44.0,4.0
8568A,Massachusetts,9,2,False,22.3,1420.0,14.4,10.9,3.5,3.6,0.05,1.2,56.0,28.0
8568C,Massachusetts,10,3,True,23.7,695.0,17.8,11.1,6.7,3.0,0.1,1.4,59.0,40.0
8568F,Massachusetts,6,1,False,19.6,3703.0,8.3,11.9,-3.7,2.3,0.07,1.1,44.0,17.0
8889A,Massachusetts,12,4,True,27.0,33.0,21.3,8.0,13.3,4.3,0.41,2.0,60.0,55.0
8889B,Massachusetts,14,3,True,23.9,611.0,15.4,10.9,4.6,3.4,0.19,1.6,53.0,39.0
8889S,Massachusetts,7,2,True,22.9,1042.0,17.5,9.1,8.4,3.8,0.31,1.8,52.0,38.0
8889X,Massachusetts,8,1,True,24.0,566.0,16.7,13.7,3.0,2.7,0.22,1.5,61.0,37.0
9228A,Massachusetts,5,0,False,17.9,5478.0,5.6,7.9,-2.3,2.5,0.0,0.7,36.0,35.0
9228B,Massachusetts,5,0,False,21.0,2371.0,10.7,7.7,3.0,2.5,0.07,1.4,39.0,23.0
9228C,Massachusetts,5,0,False,22.0,1618.0,12.4,6.3,6.1,2.9,0.07,1.4,34.0,18.0
9228D,Massachusetts,4,0,False,17.0,6492.0,4.9,10.5,-5.5,1.9,0.0,0.9,30.0,26.0
9421A,Massachusetts,6,0,False,19.0,4293.0,6.8,7.5,-0.8,3.1,0.07,1.0,31.0,15.0
9421H,Massachusetts,11,1,True,23.0,986.0,14.1,9.8,4.3,3.7,0.25,1.5,45.0,27.0
9421M,Massachusetts,7,0,False,20.4,2925.0,12.2,10.6,1.6,3.6,0.17,1.3,36.0,13.0
9421W,Massachusetts,12,0,False,24.4,446.0,15.6,8.6,7.0,3.3,0.27,1.8,49.0,26.0
10102A,Massachusetts,15,6,True,26.9,36.0,18.6,10.7,7.9,3.9,0.31,1.9,53.0,41.0
10102C,Massachusetts,13,4,True,25.2,240.0,16.8,11.6,5.2,3.7,0.22,1.7,52.0,41.0
10102X,Massachusetts,9,4,False,23.3,854.0,14.4,11.0,3.4,3.4,0.19,1.5,47.0,43.0
10190S,Massachusetts,6,0,False,22.9,1042.0,16.1,7.0,9.1,3.4,0.14,1.5,42.0,8.0
15797A,Massachusetts,9,2,False,23.4,811.0,13.2,11.3,1.9,2.8,0.22,1.4,52.0,38.0
18884G,Massachusetts,5,0,False,20.6,2734.0,11.1,9.7,1.4,3.0,0.09,1.2,32.0,14.0
20203Z,Massachusetts,13,3,False,23.9,611.0,19.6,8.6,11.0,3.3,0.11,1.4,53.0,26.0
24218A,Massachusetts,6,0,False,18.9,4403.0,9.1,12.7,-3.5,2.6,0.05,1.0,35.0,8.0
25600V,Massachusetts,4,0,False,17.4,6052.0,6.3,14.0,-7.7,2.1,0.0,0.7,30.0,13.0
25600W,Massachusetts,5,0,False,17.8,5588.0,7.9,9.2,-1.3,2.9,0.18,1.0,35.0,11.0
25600X,Massachusetts,5,0,False,18.0,5344.0,5.9,13.2,-7.3,2.0,0.05,0.7,37.0,13.0
25600Y,Massachusetts,6,0,True,19.5,3781.0,12.4,11.7,0.6,1.9,0.11,1.1,38.0,48.0
35075B,Massachusetts,7,1,True,20.6,2734.0,11.8,15.4,-3.6,2.6,0.07,1.1,38.0,24.0
35075X,Massachusetts,7,1,False,21.6,1885.0,10.2,11.4,-1.2,2.6,0.16,1.1,52.0,33.0
43440X,Massachusetts,8,0,True,23.2,895.0,18.4,7.7,10.7,3.7,0.2,1.6,50.0,43.0
58566A,Massachusetts,8,0,False,21.1,2288.0,12.5,10.9,1.6,3.8,0.2,1.4,35.0,9.0
63264A,Massachusetts,3,0,False,18.3,5032.0,10.7,13.8,-3.1,3.4,0.08,1.1,39.0,8.0
63857B,Massachusetts,9,0,False,21.0,2371.0,5.7,6.8,-1.1,3.0,0.01,1.0,23.0,3.0
63857D,Massachusetts,11,0,False,21.3,2133.0,10.6,7.9,2.7,3.6,0.12,1.2,36.0,18.0
66659A,Massachusetts,4,1,False,18.7,4605.0,8.9,14.2,-5.3,2.3,0.06,0.9,38.0,19.0
83149A,Massachusetts,6,0,False,20.4,2925.0,12.0,11.0,1.0,3.0,0.23,1.4,37.0,27.0
83149B,Massachusetts,7,0,True,22.8,1104.0,17.0,7.9,9.1,2.8,0.09,1.4,56.0,29.0
83149C,Massachusetts,6,0,False,20.6,2734.0,12.4,10.0,2.4,3.5,0.12,1.3,46.0,22.0
83149D,Massachusetts,6,0,False,20.9,2458.0,11.6,8.8,2.8,3.6,0.0,1.4,36.0,7.0
92973A,Massachusetts,5,0,False,22.2,1468.0,16.9,4.1,12.8,4.1,0.11,1.7,44.0,11.0
92973B,Massachusetts,7,0,False,21.7,1822.0,13.2,9.1,4.1,3.4,0.05,1.4,37.0,17.0
94802A,Massachusetts,4,0,False,21.1,2288.0,12.6,8.5,4.1,4.1,0.17,1.4,35.0,10.0
94802F,Massachusetts,4,0,False,24.4,446.0,16.5,2.4,14.2,4.3,0.08,1.7,21.0,0.0
1438B,United Arab Emirates,2,0,False,9.9,11207.0,5.1,8.4,-3.3,2.6,0.0,0.6,17.0,0.0
1438C,United Arab Emirates,2,0,False,13.2,9798.0,9.2,9.9,-0.8,3.2,0.0,0.9,18.0,0.0
2071A,United Arab Emirates,2,0,False,16.7,6828.0,13.9,8.9,5.0,3.6,0.14,1.4,34.0,9.0
2071B,United Arab Emirates,2,0,False,12.2,10338.0,4.3,7.7,-3.4,3.6,0.07,1.2,16.0,0.0
2071C,United Arab Emirates,2,0,False,19.7,3601.0,10.1,8.6,1.5,3.6,0.07,1.6,26.0,5.0
2071E,United Arab Emirates,2,0,False,17.8,5588.0,9.5,9.6,-0.1,3.9,0.07,1.2,20.0,0.0
90736A,United Arab Emirates,2,0,False,22.1,1546.0,17.6,5.8,11.8,4.9,0.07,1.6,33.0,4.0
90736B,United Arab Emirates,2,0,False,19.2,4071.0,17.7,6.3,11.4,4.5,0.14,1.6,40.0,10.0
90736C,United Arab Emirates,2,0,False,15.3,8218.0,11.3,9.4,1.9,1.9,0.0,1.0,25.0,0.0
229V,Florida,11,4,True,27.6,9.0,23.6,9.3,14.4,4.6,0.28,2.1,59.0,57.0
229X,Florida,7,0,False,22.6,1250.0,12.1,12.2,-0.1,3.1,0.11,1.1,37.0,33.0
301S,Florida,5,1,False,22.5,1313.0,16.9,16.6,0.2,3.3,0.18,1.6,53.0,45.0
550A,Florida,6,0,False,23.1,942.0,14.2,8.7,5.5,3.6,0.1,1.5,45.0,21.0
550G,Florida,9,1,True,24.5,413.0,19.5,8.2,11.3,3.3,0.28,1.8,56.0,44.0
550J,Florida,5,0,False,21.7,1822.0,9.0,12.2,-3.3,3.5,0.18,1.3,37.0,26.0
550X,Florida,10,1,True,25.4,205.0,18.3,9.3,9.0,4.3,0.38,1.8,60.0,46.0
727G,Florida,7,0,True,24.6,390.0,21.2,9.1,12.1,3.6,0.38,1.9,59.0,47.0
727R,Florida,11,1,True,26.1,106.0,18.3,6.4,11.9,4.2,0.33,1.8,55.0,59.0
1551X,Florida,6,0,False,23.0,986.0,17.8,8.0,9.7,3.6,0.07,1.5,51.0,27.0
1643S,Florida,9,1,False,21.3,2133.0,8.2,10.7,-2.4,2.9,0.21,1.2,44.0,21.0
2672C,Florida,8,0,False,20.7,2629.0,9.6,8.7,0.9,2.4,0.04,1.1,39.0,10.0
3131V,Florida,14,3,True,26.0,118.0,13.6,10.1,3.6,3.7,0.26,1.6,50.0,34.0
5956A,Florida,7,0,False,23.5,767.0,14.8,11.7,3.1,3.5,0.09,1.4,54.0,27.0
5956B,Florida,12,3,True,26.8,41.0,18.1,9.1,9.1,4.1,0.38,2.0,56.0,40.0
5956C,Florida,9,0,False,23.2,895.0,12.3,12.1,0.2,3.3,0.13,1.3,46.0,40.0
5956D,Florida,9,0,True,23.4,811.0,12.1,8.8,3.2,3.1,0.26,1.5,50.0,55.0
5956F,Florida,7,0,True,22.2,1468.0,18.9,7.7,11.2,3.7,0.32,1.5,60.0,46.0
5956G,Florida,7,0,False,20.7,2629.0,10.5,12.7,-2.2,2.9,0.13,1.0,41.0,33.0
5956X,Florida,9,0,True,23.0,986.0,13.4,12.2,1.2,3.1,0.16,1.2,52.0,52.0
6104G,Florida,9,1,True,23.9,611.0,12.9,13.1,-0.1,2.5,0.14,1.1,50.0,31.0
10278A,Florida,13,2,True,25.6,174.0,16.1,8.7,7.5,3.4,0.22,1.8,46.0,43.0
11981C,Florida,9,0,False,23.1,942.0,16.7,9.3,7.5,4.0,0.2,1.5,50.0,28.0
13722A,Florida,6,0,False,24.9,312.0,14.4,7.4,7.1,4.2,0.11,1.7,50.0,27.0
13722B,Florida,4,0,False,20.3,3012.0,8.6,10.2,-1.6,2.3,0.04,0.8,31.0,0.0
14012N,Florida,7,0,True,21.0,2371.0,10.0,10.3,-0.3,3.6,0.1,1.1,44.0,18.0
19122B,Florida,7,0,True,22.3,1420.0,14.0,10.0,4.0,3.4,0.15,1.1,46.0,45.0
30722A,Florida,5,0,False,20.8,2544.0,12.2,7.0,5.2,2.8,0.0,1.1,38.0,26.0
32792B,Florida,9,1,True,24.0,566.0,19.2,7.1,12.1,3.2,0.18,1.7,54.0,43.0
37371A,Florida,6,0,False,19.0,4293.0,11.3,12.7,-1.4,3.0,0.09,0.9,30.0,11.0
49759A,Florida,7,0,False,22.8,1104.0,16.7,7.8,8.9,4.4,0.18,1.6,48.0,26.0
66757D,Florida,4,0,False,19.9,3397.0,8.2,13.8,-5.6,2.9,0.19,1.2,39.0,22.0
66954A,Florida,14,3,True,22.9,1042.0,12.7,12.6,0.1,2.9,0.07,1.3,46.0,27.0
70649V,Florida,7,0,False,21.0,2371.0,11.2,10.5,0.7,3.1,0.1,1.1,35.0,0.0
70649W,Florida,6,0,False,20.2,3106.0,12.4,11.6,0.8,2.6,0.07,1.0,40.0,5.0
70761S,Florida,5,0,True,19.0,4293.0,8.4,15.8,-7.5,2.4,0.07,0.8,44.0,36.0
33848C,Louisiana,5,0,False,17.6,5826.0,2.7,9.5,-6.8,2.3,0.0,0.9,5.0,0.0
33848Z,Louisiana,6,0,False,18.4,4926.0,3.1,3.7,-0.6,3.0,0.0,1.1,15.0,0.0
119A,Connecticut,15,3,True,25.9,131.0,18.3,8.1,10.2,3.7,0.24,1.9,56.0,44.0
119B,Connecticut,15,2,True,24.2,511.0,16.1,10.4,5.7,3.0,0.13,1.5,53.0,46.0
119P,Connecticut,6,0,False,18.2,5141.0,4.8,11.6,-6.8,2.1,0.02,0.7,20.0,10.0
119W,Connecticut,14,2,False,21.2,2203.0,9.6,13.2,-3.6,2.8,0.11,1.1,30.0,15.0
119X,Connecticut,13,1,False,22.9,1042.0,15.0,8.7,6.3,2.9,0.18,1.6,51.0,44.0
119Y,Connecticut,6,0,False,18.3,5032.0,5.7,12.4,-6.7,2.3,0.02,0.9,23.0,0.0
162Z,Connecticut,8,0,False,20.8,2544.0,9.8,10.0,-0.2,4.0,0.08,1.5,12.0,8.0
228A,Connecticut,8,1,False,23.4,811.0,15.0,8.5,6.5,3.4,0.14,1.4,38.0,15.0
877D,Connecticut,7,0,False,19.9,3397.0,14.0,9.2,4.8,3.2,0.12,1.2,32.0,11.0
877H,Connecticut,4,0,False,16.4,7127.0,10.9,13.8,-3.0,2.8,0.0,0.8,15.0,0.0
877S,Connecticut,6,0,False,18.5,4820.0,3.4,14.6,-11.3,1.9,0.03,0.7,23.0,3.0
877W,Connecticut,7,0,False,19.0,4293.0,5.5,11.9,-6.4,2.9,0.1,1.0,29.0,9.0
877Z,Connecticut,7,0,False,18.7,4605.0,4.8,13.0,-8.2,2.1,0.02,0.8,18.0,10.0
1188A,Connecticut,5,0,False,18.5,4820.0,9.4,11.2,-1.8,3.4,0.09,1.1,39.0,12.0
1618A,Connecticut,6,0,False,18.9,4403.0,7.6,11.3,-3.7,2.2,0.12,1.0,33.0,0.0
1695A,Connecticut,6,0,False,20.1,3207.0,9.7,6.4,3.3,2.9,0.03,1.2,39.0,14.0
1695C,Connecticut,8,0,False,19.3,3976.0,9.6,10.3,-0.6,2.9,0.02,0.9,26.0,0.0
1695D,Connecticut,6,0,False,17.4,6052.0,7.1,10.2,-3.1,2.2,0.07,0.9,26.0,12.0
1695E,Connecticut,6,0,False,17.0,6492.0,5.5,14.0,-8.5,2.1,0.0,0.6,23.0,5.0
1697A,Connecticut,8,0,False,16.7,6828.0,3.8,10.9,-7.1,2.5,0.09,0.5,28.0,10.0
1697B,Connecticut,9,0,False,18.4,4926.0,5.7,10.7,-5.0,2.7,0.03,0.7,30.0,8.0
1784W,Rhode Island,5,0,False,20.4,2925.0,15.1,10.0,5.1,3.4,0.06,1.4,44.0,28.0
1784X,Rhode Island,5,0,False,17.9,5478.0,9.1,7.4,1.7,2.8,0.07,1.0,30.0,0.0
4478A,Connecticut,9,0,False,20.2,3106.0,3.2,8.0,-4.7,2.5,0.0,1.0,20.0,0.0
4478B,Connecticut,14,3,True,24.4,446.0,15.7,9.4,6.3,3.7,0.17,1.6,56.0,50.0
4478C,Connecticut,13,1,False,20.8,2544.0,8.6,8.0,0.7,3.0,0.04,1.2,33.0,13.0
4478E,Connecticut,14,3,False,23.9,611.0,15.7,10.4,5.3,2.9,0.07,1.4,54.0,24.0
4478F,Connecticut,10,0,False,20.7,2629.0,3.3,7.7,-4.4,2.6,0.03,0.8,20.0,8.0
4478G,Connecticut,9,0,False,18.7,4605.0,3.6,9.3,-5.7,2.8,0.05,1.0,20.0,8.0
4478J,Connecticut,9,0,False,21.3,2133.0,8.8,5.4,3.4,3.3,0.1,1.4,36.0,6.0
4478K,Connecticut,12,1,False,22.6,1250.0,11.3,8.0,3.3,2.5,0.1,1.2,36.0,24.0
4478N,Connecticut,12,1,False,22.5,1313.0,13.5,8.5,5.0,2.9,0.15,1.4,47.0,28.0
4478S,Connecticut,11,1,False,20.8,2544.0,9.5,11.8,-2.4,2.8,0.03,1.0,33.0,10.0
4478U,Connecticut,14,3,True,23.2,895.0,12.3,10.3,2.0,2.8,0.05,1.3,39.0,31.0
4478Z,Connecticut,10,0,False,20.3,3012.0,5.4,11.2,-5.8,1.9,0.02,0.8,20.0,4.0
5150D,Connecticut,12,1,True,23.0,986.0,14.0,7.6,6.4,3.2,0.09,1.4,49.0,34.0
5150E,Connecticut,12,1,True,24.4,446.0,14.2,8.0,6.3,3.5,0.19,1.5,42.0,22.0
5150F,Connecticut,11,0,False,19.9,3397.0,8.6,10.2,-1.6,2.8,0.06,1.1,37.0,14.0
5150H,Connecticut,11,0,False,20.6,2734.0,10.3,10.0,0.3,2.1,0.06,1.1,48.0,28.0
5150J,Connecticut,12,1,True,22.9,1042.0,14.5,8.5,6.0,3.9,0.22,1.7,43.0,39.0
5150K,Connecticut,11,0,False,21.4,2059.0,10.8,11.5,-0.7,2.3,0.03,0.8,49.0,9.0
5150Z,Connecticut,13,2,True,26.7,46.0,20.8,6.9,13.9,4.6,0.39,2.1,56.0,52.0
8079C,Connecticut,7,0,False,18.4,4926.0,3.0,13.9,-10.9,2.1,0.0,0.6,16.0,0.0
9909B,Connecticut,13,3,True,24.9,312.0,16.3,7.0,9.3,3.7,0.22,1.8,56.0,28.0
9909C,Connecticut,11,0,False,20.6,2734.0,10.9,8.7,2.2,3.0,0.09,1.2,45.0,7.0
9909D,Connecticut,10,1,False,22.0,1618.0,10.3,10.3,0.0,3.0,0.09,1.3,40.0,12.0
9909G,Connecticut,11,2,False,19.1,4178.0,7.0,11.9,-4.9,1.8,0.03,0.8,36.0,17.0
9909M,Connecticut,14,3,True,23.7,695.0,16.3,10.6,5.7,3.3,0.14,1.6,56.0,36.0
9909V,Connecticut,11,2,False,22.6,1250.0,12.7,9.6,3.1,3.5,0.14,1.5,39.0,12.0
15923A,Connecticut,5,0,False,21.1,2288.0,14.1,8.0,6.1,3.8,0.18,1.6,48.0,0.0
15923B,Connecticut,5,0,False,19.9,3397.0,9.0,13.7,-4.7,3.4,0.06,1.0,28.0,0.0
17814V,Connecticut,10,1,False,20.1,3207.0,10.2,9.3,0.9,3.4,0.17,1.3,34.0,9.0
17814W,Connecticut,10,1,True,22.5,1313.0,12.2,9.4,2.8,3.3,0.15,1.3,46.0,27.0
17814X,Connecticut,8,1,False,20.7,2629.0,12.7,9.3,3.4,3.0,0.15,1.4,33.0,27.0
17814Y,Connecticut,10,1,False,22.4,1363.0,14.8,7.1,7.8,3.4,0.12,1.6,48.0,7.0
18430A,Connecticut,4,0,False,17.2,6264.0,7.8,10.9,-3.1,3.1,0.0,1.2,23.0,0.0
18891C,Connecticut,7,0,False,19.4,3876.0,8.8,7.3,1.5,2.4,0.03,0.8,35.0,8.0
22736A,Connecticut,3,0,False,15.9,7599.0,2.8,15.2,-12.4,2.1,0.0,0.7,15.0,10.0
28828A,Connecticut,12,2,True,22.7,1176.0,13.9,9.7,4.2,3.0,0.13,1.2,54.0,43.0
32610A,Connecticut,4,0,False,16.7,6828.0,9.9,12.5,-2.6,2.7,0.04,0.8,41.0,13.0
32610B,Connecticut,4,0,False,16.4,7127.0,1.6,11.6,-9.9,1.5,0.04,0.4,20.0,0.0
32610C,Connecticut,4,0,False,20.3,3012.0,12.9,8.0,4.9,3.5,0.14,1.5,36.0,0.0
40535J,Connecticut,4,0,False,19.3,3976.0,7.1,11.6,-4.5,1.7,0.0,0.8,29.0,0.0
42863B,Connecticut,6,0,False,19.2,4071.0,6.9,7.1,-0.2,2.9,0.03,1.0,31.0,4.0
42863C,Connecticut,5,0,False,16.1,7412.0,2.9,10.7,-7.7,2.1,0.03,0.6,20.0,0.0
47743A,Connecticut,4,0,False,18.1,5246.0,6.3,13.0,-6.7,2.0,0.04,1.0,24.0,10.0
47743B,Connecticut,4,0,False,16.8,6719.0,3.6,14.0,-10.3,2.4,0.04,0.6,23.0,0.0
47743C,Connecticut,4,0,False,16.7,6828.0,2.2,16.0,-13.8,2.4,0.04,0.7,10.0,0.0
50170A,Connecticut,3,0,False,16.4,7127.0,4.4,14.8,-10.4,1.9,0.0,0.9,20.0,3.0
50170B,Connecticut,3,0,False,18.4,4926.0,7.4,12.8,-5.4,3.1,0.05,1.0,23.0,8.0
50170C,Connecticut,2,0,False,13.1,9863.0,1.4,16.4,-15.1,1.5,0.0,0.1,10.0,5.0
70258A,Connecticut,5,0,False,20.3,3012.0,13.5,11.9,1.6,3.4,0.06,1.4,42.0,23.0
74027A,Connecticut,2,0,False,18.0,5344.0,11.8,15.1,-3.3,1.1,0.0,0.8,24.0,5.0
75432A,Connecticut,3,0,False,17.7,5708.0,7.0,15.1,-8.0,2.9,0.04,0.9,20.0,3.0
78889H,Connecticut,3,0,False,18.1,5246.0,7.3,8.6,-1.4,3.4,0.05,1.0,23.0,5.0
78889N,Connecticut,7,1,False,19.3,3976.0,9.1,11.6,-2.5,2.3,0.06,1.0,34.0,16.0
78889S,Connecticut,7,0,False,19.2,4071.0,8.1,10.1,-2.0,2.6,0.07,0.9,33.0,26.0
78889W,Connecticut,8,1,False,20.8,2544.0,9.9,11.0,-1.1,3.2,0.16,1.1,44.0,19.0
78889X,Connecticut,7,0,False,20.8,2544.0,12.3,8.3,3.9,2.9,0.12,1.3,37.0,17.0
90722A,Connecticut,6,0,False,18.8,4503.0,11.2,11.8,-0.6,3.4,0.0,0.8,29.0,20.0
9942X,Cork,7,0,True,24.6,390.0,14.9,3.8,11.1,4.0,0.0,1.6,44.0,30.0
9942Z,Cork,6,0,False,21.2,2203.0,2.7,8.3,-5.7,1.7,0.0,0.9,20.0,0.0
11143A,Offaly,2,0,False,14.4,8971.0,4.0,12.9,-9.0,2.2,0.0,0.5,3.0,0.0
14198A,Offaly,2,0,False,20.2,3106.0,10.4,10.1,0.3,4.6,0.0,1.2,30.0,3.0
15452A,Galway,2,0,False,21.1,2288.0,8.3,7.0,1.3,3.7,0.0,0.9,17.0,0.0
17280A,Cork,5,0,False,21.6,1885.0,8.9,7.5,1.4,2.3,0.0,0.9,31.0,3.0
20123A,Dublin,4,0,False,16.5,7030.0,3.9,9.4,-5.5,2.7,0.0,0.7,16.0,5.0
22907D,Westmeath,2,0,False,22.3,1420.0,11.2,3.8,7.4,3.4,0.0,1.4,15.0,0.0
23805S,Kildare,7,0,True,22.7,1176.0,9.7,7.1,2.6,2.4,0.0,1.1,33.0,0.0
24384A,Tipperary,3,0,False,15.3,8218.0,3.4,14.3,-10.8,1.3,0.0,0.6,10.0,0.0
28657A,Cork,5,0,False,21.3,2133.0,7.2,7.1,0.1,3.3,0.0,1.1,20.0,0.0
34217A,Offaly,3,0,True,22.1,1546.0,9.9,8.2,1.6,3.4,0.0,1.3,23.0,11.0
42968A,Cork,3,0,False,18.4,4926.0,8.1,8.0,0.1,3.9,0.0,1.1,18.0,0.0
46033A,Offaly,2,0,False,15.3,8218.0,4.1,11.4,-7.3,2.4,0.0,0.4,15.0,0.0
48649A,Monaghan,3,0,False,22.5,1313.0,13.2,5.4,7.8,3.9,0.19,1.8,23.0,0.0
51238A,Galway,3,0,False,18.7,4605.0,6.9,5.6,1.3,3.9,0.0,1.4,12.0,3.0
54390A,Galway,2,0,False,20.9,2458.0,9.6,8.1,1.6,3.7,0.0,1.3,8.0,3.0
67732B,Donegal,3,0,False,15.6,7907.0,5.3,8.7,-3.5,2.4,0.0,0.9,10.0,0.0
67732C,Donegal,3,0,False,20.3,3012.0,7.6,7.7,-0.1,3.8,0.06,1.2,20.0,0.0
67958A,Donegal,2,0,False,19.5,3781.0,6.3,9.8,-3.5,3.2,0.06,1.1,13.0,7.0
81785A,Cork,7,0,True,20.6,2734.0,6.5,8.1,-1.6,2.5,0.0,1.0,34.0,3.0
81785B,Cork,6,0,False,22.8,1104.0,7.8,4.6,3.2,3.3,0.0,1.4,32.0,0.0
81785G,Cork,7,0,True,26.8,41.0,17.8,1.7,16.0,4.5,0.0,1.9,48.0,12.0
81785K,Cork,7,0,True,24.5,413.0,9.6,4.5,5.1,3.4,0.0,1.4,41.0,9.0
91555C,Mayo,2,0,False,18.4,4926.0,5.0,8.2,-3.3,2.8,0.0,0.6,21.0,3.0
1674A,Nuevo León,4,1,True,17.4,6052.0,1.7,8.6,-6.9,2.7,0.0,0.9,20.0,0.0
3774M,Michoacán,4,0,True,21.5,1966.0,16.2,5.6,10.6,3.9,0.04,1.4,28.0,8.0
3774Z,Michoacán,3,0,True,22.8,1104.0,12.3,7.7,4.7,3.3,0.0,1.7,22.0,0.0
6109C,Tamaulipas,4,1,True,20.7,2629.0,10.9,3.8,7.1,3.3,0.0,1.3,21.0,0.0
8047F,Jalisco,7,3,True,25.4,205.0,18.7,6.2,12.6,3.6,0.14,1.7,45.0,34.0
8630B,Tamaulipas,3,0,True,15.9,7599.0,3.6,10.7,-7.0,2.3,0.0,0.6,10.0,0.0
9727A,Durango,5,1,True,17.5,5947.0,7.9,12.1,-4.2,2.3,0.04,0.8,25.0,5.0
9727B,Durango,4,1,True,20.4,2925.0,10.7,8.3,2.4,2.2,0.0,1.1,20.0,0.0
12338A,Nuevo León,3,1,False,15.5,8011.0,3.6,12.8,-9.2,2.0,0.0,0.6,6.0,3.0
13658J,Michoacán,2,0,False,17.0,6492.0,3.4,9.0,-5.6,2.2,0.0,0.8,25.0,0.0
17612M,Quintana Roo,2,1,False,15.9,7599.0,14.4,9.2,5.2,3.9,0.1,1.3,23.0,0.0
22323A,Michoacán,3,1,False,16.9,6599.0,6.3,10.9,-4.6,3.3,0.0,0.9,20.0,5.0
32861A,Hidalgo,3,0,False,19.2,4071.0,3.4,4.8,-1.5,2.4,0.0,1.0,8.0,0.0
32861B,Hidalgo,2,0,False,19.1,4178.0,3.5,6.1,-2.6,2.8,0.0,0.9,5.0,0.0
34857B,Chihuahua,5,1,True,22.2,1468.0,13.5,8.7,4.8,2.4,0.0,1.3,34.0,0.0
36298A,Hidalgo,4,0,True,19.4,3876.0,3.1,6.5,-3.5,2.8,0.0,0.8,4.0,0.0
40349J,Michoacán,2,0,False,19.6,3703.0,8.5,6.8,1.7,3.7,0.0,1.4,28.0,0.0
57709A,Chiapas,2,1,False,8.7,11485.0,3.2,4.3,-1.0,1.5,0.0,0.5,3.0,0.0
59162A,Nuevo León,4,0,True,19.6,3703.0,8.3,9.4,-1.0,3.7,0.0,0.7,17.0,2.0
60924A,Tabasco,3,1,True,18.3,5032.0,15.0,8.0,7.0,3.3,0.06,1.5,24.0,19.0
77353A,Michoacán,6,1,True,18.9,4403.0,7.8,6.5,1.4,3.5,0.0,1.2,29.0,13.0
77353N,Michoacán,3,1,False,20.7,2629.0,9.1,5.8,3.3,2.5,0.0,1.6,32.0,0.0
77353W,Michoacán,3,1,False,17.9,5478.0,9.4,8.2,1.2,3.8,0.0,0.9,11.0,0.0
97673X,Chihuahua,6,1,True,22.9,1042.0,9.8,5.7,4.2,2.8,0.03,1.6,34.0,0.0
97673Z,Chihuahua,5,1,True,25.6,174.0,19.4,5.0,14.4,3.4,0.03,1.8,46.0,23.0
99153A,Chihuahua,5,1,True,20.4,2925.0,12.4,8.0,4.4,3.0,0.04,1.4,32.0,6.0
99153X,Chihuahua,5,1,False,20.4,2925.0,8.8,9.1,-0.4,1.7,0.03,0.9,27.0,0.0
3838A,Mississippi,6,0,False,19.3,3976.0,5.9,8.3,-2.4,2.5,0.0,1.0,37.0,3.0
3838B,Mississippi,6,0,False,17.0,6492.0,5.6,13.7,-8.1,3.1,0.0,0.7,26.0,8.0
3838C,Mississippi,4,0,False,18.5,4820.0,11.1,13.3,-2.2,2.7,0.0,0.9,42.0,6.0
4255A,Mississippi,4,0,False,14.1,9191.0,2.1,15.1,-13.0,1.6,0.08,0.4,34.0,3.0
5735H,Mississippi,7,1,False,23.6,730.0,19.3,7.9,11.4,3.7,0.09,1.6,52.0,34.0
5735M,Mississippi,6,0,False,19.3,3976.0,6.6,11.2,-4.5,3.1,0.08,0.9,29.0,3.0
5735Z,Mississippi,6,0,False,20.7,2629.0,13.5,6.0,7.5,3.2,0.0,1.3,32.0,13.0
16802A,Mississippi,5,0,False,21.0,2371.0,11.3,7.7,3.6,3.5,0.06,1.3,38.0,11.0
20027W,Mississippi,6,1,True,23.6,730.0,13.8,7.3,6.5,4.6,0.32,1.8,52.0,34.0
32636A,Mississippi,4,0,False,23.6,730.0,18.6,7.9,10.7,4.4,0.08,1.7,49.0,26.0
32636B,Mississippi,3,0,False,16.7,6828.0,7.4,13.4,-6.0,3.0,0.0,1.1,20.0,11.0
39110A,Mississippi,6,0,False,20.8,2544.0,7.2,9.2,-1.9,2.4,0.03,1.1,43.0,9.0
39110C,Mississippi,7,1,True,21.9,1688.0,14.6,8.1,6.5,3.5,0.15,1.3,41.0,26.0
39232A,Mississippi,4,0,False,18.9,4403.0,7.0,7.1,0.0,3.0,0.0,1.1,37.0,13.0
39702A,Mississippi,7,1,True,25.7,155.0,20.2,8.5,11.8,4.1,0.35,2.0,55.0,45.0
39702D,Mississippi,6,1,False,21.7,1822.0,16.9,7.2,9.7,4.2,0.05,1.5,42.0,23.0
39702F,Mississippi,6,1,True,23.0,986.0,16.0,8.1,7.9,4.0,0.26,1.9,56.0,39.0
55230T,Mississippi,5,0,True,20.8,2544.0,12.4,7.1,5.3,3.2,0.19,1.5,36.0,13.0
55230Z,Mississippi,4,0,False,21.5,1966.0,13.1,10.5,2.6,3.3,0.08,1.4,36.0,24.0
62449B,Mississippi,5,0,False,18.4,4926.0,6.6,13.2,-6.5,2.7,0.0,0.8,32.0,0.0
85843A,Mississippi,5,0,False,19.0,4293.0,7.5,9.5,-2.0,3.6,0.06,1.1,36.0,14.0
85843B,Mississippi,5,0,False,19.3,3976.0,6.0,6.8,-0.7,2.1,0.0,1.1,35.0,8.0
91708A,Mississippi,6,0,False,22.8,1104.0,16.4,6.8,9.6,3.9,0.08,1.6,51.0,22.0
91708B,Mississippi,6,0,False,20.8,2544.0,9.9,9.3,0.6,2.9,0.03,1.0,29.0,9.0
739A,Minnesota,7,0,False,20.4,2925.0,11.1,11.4,-0.3,3.0,0.02,1.1,29.0,6.0
739B,Minnesota,7,0,False,21.7,1822.0,13.2,9.5,3.7,3.1,0.1,1.1,32.0,12.0
739C,Minnesota,7,0,False,19.2,4071.0,6.6,12.9,-6.3,2.2,0.04,0.7,34.0,8.0
772E,Minnesota,8,0,False,20.2,3106.0,10.7,10.0,0.7,3.2,0.11,1.1,41.0,10.0
1532C,Minnesota,7,1,False,19.5,3781.0,4.7,12.3,-7.6,2.4,0.02,0.8,30.0,8.0
1532E,Minnesota,8,2,False,22.7,1176.0,12.1,7.5,4.6,3.4,0.08,1.3,43.0,18.0
1532F,Minnesota,9,2,True,24.8,334.0,14.7,8.5,6.2,4.3,0.35,1.8,43.0,22.0
3589A,Minnesota,6,0,False,19.7,3601.0,9.1,10.7,-1.6,2.9,0.09,1.1,40.0,6.0
5300B,Minnesota,6,0,False,18.0,5344.0,8.2,10.8,-2.7,3.2,0.03,0.8,23.0,13.0
5300D,Minnesota,5,0,False,16.2,7317.0,5.4,12.3,-7.0,2.4,0.03,0.5,34.0,0.0
5805X,Minnesota,5,0,False,22.7,1176.0,18.5,6.6,11.9,4.9,0.14,1.7,38.0,12.0
6024E,Minnesota,5,1,False,19.9,3397.0,9.8,10.5,-0.7,3.0,0.11,1.1,32.0,18.0
7192D,Minnesota,10,1,False,22.6,1250.0,13.0,8.2,4.8,3.8,0.21,1.4,48.0,19.0
7192F,Minnesota,11,1,True,23.9,611.0,19.2,10.2,8.9,3.7,0.32,1.8,62.0,45.0
7225B,Minnesota,9,3,True,25.3,220.0,18.4,12.8,5.6,3.3,0.22,1.6,55.0,44.0
7225C,Minnesota,8,2,False,19.9,3397.0,8.5,13.2,-4.7,3.1,0.16,1.1,43.0,18.0
7225F,Minnesota,7,1,True,24.3,477.0,18.1,10.0,8.1,3.2,0.28,1.6,52.0,43.0
7225T,Minnesota,7,1,True,22.0,1618.0,15.4,12.9,2.5,3.0,0.24,1.4,57.0,43.0
7225Z,Minnesota,7,1,True,22.2,1468.0,14.7,10.9,3.8,3.7,0.15,1.6,51.0,44.0
8110A,Minnesota,8,2,True,22.4,1363.0,12.4,10.9,1.5,3.2,0.12,1.2,47.0,22.0
8110B,Minnesota,7,2,False,19.1,4178.0,11.2,14.3,-3.1,2.9,0.16,1.1,42.0,15.0
8110C,Minnesota,8,2,True,26.3,89.0,20.0,10.3,9.7,4.0,0.34,1.9,49.0,46.0
8110G,Minnesota,7,2,False,21.3,2133.0,13.2,11.5,1.7,3.7,0.22,1.3,49.0,27.0
8110R,Minnesota,6,0,False,18.4,4926.0,9.3,11.8,-2.6,3.1,0.08,1.1,35.0,9.0
8110T,Minnesota,6,0,False,20.1,3207.0,8.5,8.1,0.4,2.8,0.08,1.3,38.0,16.0
8110W,Minnesota,8,2,True,25.8,138.0,17.2,10.6,6.6,3.8,0.32,1.9,58.0,34.0
8110Z,Minnesota,7,1,False,20.0,3301.0,9.8,14.8,-5.0,2.9,0.26,1.1,36.0,22.0
9210A,Minnesota,8,0,False,18.6,4715.0,10.2,9.8,0.4,2.5,0.07,1.2,37.0,0.0
9457C,Minnesota,6,0,False,19.7,3601.0,12.5,10.3,2.3,2.8,0.05,1.2,46.0,27.0
9457D,Minnesota,6,0,False,19.7,3601.0,10.5,11.5,-1.0,2.9,0.07,1.0,27.0,0.0
9457S,Minnesota,6,0,False,19.8,3501.0,10.7,9.6,1.1,3.3,0.24,1.4,28.0,20.0
9457W,Minnesota,6,0,False,21.9,1688.0,14.9,8.1,6.8,3.8,0.16,1.5,52.0,21.0
9457Y,Minnesota,6,0,False,20.3,3012.0,16.0,9.9,6.1,3.5,0.18,1.4,43.0,15.0
9457Z,Minnesota,6,0,False,20.5,2838.0,11.3,9.7,1.6,2.8,0.12,1.2,28.0,3.0
9821A,Minnesota,12,2,True,26.7,46.0,20.4,7.0,13.3,3.5,0.16,1.7,60.0,54.0
13018A,Minnesota,5,0,False,21.4,2059.0,15.6,12.6,3.0,4.3,0.38,1.8,38.0,13.0
13056C,Minnesota,6,1,False,22.6,1250.0,14.7,8.3,6.4,3.6,0.33,1.7,47.0,12.0
17121A,Minnesota,3,0,False,16.8,6719.0,10.2,10.5,-0.3,1.4,0.1,1.3,28.0,22.0
24118E,Minnesota,9,2,True,26.6,54.0,22.4,8.9,13.5,4.7,0.5,2.2,59.0,46.0
24118F,Minnesota,6,0,False,19.1,4178.0,12.2,12.8,-0.6,3.2,0.31,1.5,33.0,33.0
27922A,Minnesota,4,0,False,21.3,2133.0,17.0,9.5,7.5,4.4,0.33,1.8,40.0,18.0
33697A,Minnesota,5,0,False,20.3,3012.0,14.8,11.0,3.8,3.0,0.22,1.4,49.0,20.0
40003A,Minnesota,6,0,False,17.5,5947.0,7.3,10.7,-3.3,2.9,0.14,1.0,24.0,11.0
55301C,Minnesota,4,0,False,23.1,942.0,12.8,10.7,2.2,3.9,0.35,1.7,23.0,0.0
56721K,Minnesota,5,1,False,20.6,2734.0,8.9,10.2,-1.3,3.6,0.03,1.1,39.0,22.0
62185A,Minnesota,6,0,False,18.8,4503.0,11.5,10.4,1.1,3.0,0.05,1.1,37.0,20.0
72527A,Minnesota,5,0,False,20.3,3012.0,11.1,12.5,-1.3,2.5,0.07,1.2,31.0,11.0
72527B,Minnesota,5,0,False,20.7,2629.0,13.9,6.8,7.1,4.4,0.29,1.7,30.0,11.0
72527R,Minnesota,5,0,False,17.6,5826.0,6.5,10.5,-3.9,2.1,0.04,0.9,29.0,8.0
72527Y,Minnesota,5,0,False,19.8,3501.0,9.4,11.0,-1.6,2.8,0.04,1.2,31.0,8.0
75548C,Minnesota,7,0,False,20.1,3207.0,12.3,9.8,2.5,3.2,0.17,1.3,25.0,13.0
91917B,Minnesota,7,0,False,20.4,2925.0,10.5,9.0,1.6,3.1,0.12,1.2,34.0,9.0
91917D,Minnesota,7,0,False,19.9,3397.0,7.9,10.8,-2.9,2.4,0.0,0.8,34.0,8.0
98377H,Minnesota,12,2,True,23.0,986.0,16.3,9.9,6.4,3.1,0.16,1.4,43.0,29.0
98377S,Minnesota,11,2,False,22.8,1104.0,13.5,11.4,2.1,3.1,0.16,1.4,39.0,27.0
99319A,Minnesota,11,1,True,23.8,654.0,14.8,11.4,3.4,3.1,0.21,1.4,37.0,29.0
99319B,Minnesota,11,1,False,24.2,511.0,15.2,8.9,6.3,3.2,0.17,1.4,47.0,23.0
99319D,Minnesota,12,0,False,22.2,1468.0,10.8,11.2,-0.4,3.7,0.17,1.3,30.0,17.0
99319E,Minnesota,11,0,True,23.2,895.0,13.1,9.5,3.6,3.3,0.11,1.3,47.0,21.0
99750A,Minnesota,6,0,False,18.7,4605.0,13.5,14.5,-0.9,2.7,0.03,1.0,33.0,13.0
739E,Minnesota,7,0,False,20.1,3207.0,3.1,4.4,-1.3,3.1,0.0,1.1,23.0,0.0
1506C,Minnesota,5,0,False,21.8,1761.0,14.9,6.6,8.2,4.3,0.03,1.3,29.0,8.0
3211A,Minnesota,6,0,False,19.7,3601.0,3.4,5.3,-1.9,3.6,0.0,0.9,20.0,13.0
3589E,Minnesota,6,0,False,18.4,4926.0,3.7,9.1,-5.3,2.5,0.05,1.0,18.0,5.0
5300E,Minnesota,5,0,False,17.6,5826.0,2.5,8.9,-6.4,2.5,0.03,0.8,23.0,0.0
5300F,Minnesota,5,0,False,19.0,4293.0,8.7,8.7,0.0,3.2,0.08,1.2,26.0,8.0
7458F,Minnesota,6,0,False,17.9,5478.0,3.7,11.8,-8.1,2.2,0.0,0.7,19.0,8.0
9821C,Minnesota,8,0,True,23.6,730.0,13.2,4.3,8.9,3.6,0.04,1.6,52.0,19.0
9821D,Minnesota,8,0,True,23.3,854.0,12.3,8.0,4.3,3.2,0.06,1.5,44.0,15.0
13056A,Minnesota,6,0,True,22.6,1250.0,16.9,5.6,11.2,4.1,0.0,1.5,32.0,18.0
55301B,Minnesota,4,0,False,17.6,5826.0,9.6,8.5,1.1,2.9,0.04,0.8,31.0,0.0
55371B,Minnesota,6,0,False,21.4,2059.0,7.7,9.4,-1.6,3.0,0.0,1.3,26.0,3.0
55371C,Minnesota,5,0,False,16.2,7317.0,3.4,8.6,-5.2,2.4,0.03,0.7,20.0,0.0
55371D,Minnesota,7,0,True,20.9,2458.0,9.3,6.4,2.9,2.9,0.04,1.4,27.0,8.0
75548B,Minnesota,7,0,False,17.7,5708.0,3.9,7.0,-3.1,2.4,0.0,0.8,23.0,8.0
99192B,Minnesota,4,0,False,11.9,10477.0,5.4,16.1,-10.6,2.2,0.07,0.6,18.0,0.0
158A,Illinois,5,0,False,20.9,2458.0,10.6,8.1,2.5,2.5,0.03,1.2,34.0,13.0
158B,Illinois,4,0,False,20.2,3106.0,13.1,10.6,2.5,3.5,0.08,1.3,28.0,0.0
321A,Illinois,5,0,False,24.9,312.0,16.9,6.3,10.6,4.1,0.11,1.5,45.0,31.0
321B,Illinois,6,0,False,23.2,895.0,15.7,9.6,6.1,3.2,0.36,1.5,50.0,29.0
321D,Illinois,8,0,True,25.4,205.0,17.8,6.4,11.3,4.4,0.2,1.9,45.0,44.0
321H,Illinois,5,0,False,20.6,2734.0,9.0,10.0,-1.0,2.3,0.03,1.0,38.0,17.0
333R,Illinois,6,0,True,25.7,155.0,19.6,5.5,14.0,4.2,0.3,2.1,57.0,37.0
333S,Illinois,6,0,False,23.9,611.0,13.2,7.7,5.5,3.3,0.23,1.7,34.0,10.0
333V,Illinois,7,0,False,20.6,2734.0,12.2,6.9,5.3,3.5,0.08,1.1,40.0,21.0
333Y,Illinois,7,0,True,23.8,654.0,15.6,10.2,5.5,4.5,0.19,1.4,56.0,30.0
355A,Illinois,7,1,True,22.9,1042.0,12.4,10.5,1.9,3.1,0.11,1.5,36.0,20.0
355P,Illinois,11,2,False,22.6,1250.0,9.4,11.2,-1.8,3.2,0.07,1.1,43.0,15.0
355T,Illinois,9,2,False,21.2,2203.0,10.0,11.4,-1.4,3.0,0.08,1.1,37.0,12.0
355U,Illinois,12,3,False,23.2,895.0,10.8,8.9,1.9,2.9,0.1,1.3,43.0,23.0
355V,Illinois,8,0,False,19.6,3703.0,9.0,8.0,1.0,2.6,0.08,0.9,31.0,23.0
355X,Illinois,9,2,False,22.9,1042.0,14.5,12.1,2.5,3.5,0.22,1.5,42.0,25.0
355Y,Illinois,13,3,False,26.3,89.0,14.6,7.6,7.0,3.2,0.11,1.5,50.0,10.0
355Z,Illinois,9,2,True,26.1,106.0,17.8,10.1,7.7,4.1,0.16,1.7,55.0,52.0
499A,Illinois,7,0,False,21.5,1966.0,9.8,6.7,3.1,3.3,0.06,1.3,32.0,8.0
499R,Illinois,6,0,False,20.8,2544.0,9.2,8.0,1.2,2.9,0.09,1.3,31.0,0.0
1413D,Illinois,4,0,False,20.2,3106.0,6.7,10.9,-4.2,2.8,0.03,1.1,36.0,4.0
1755K,Illinois,7,0,True,25.0,287.0,14.9,6.1,8.8,3.8,0.11,1.7,49.0,29.0
2360A,Illinois,5,0,False,23.1,942.0,17.2,4.7,12.5,3.8,0.17,1.9,41.0,6.0
2360N,Illinois,6,1,False,22.8,1104.0,16.3,8.4,7.9,3.5,0.18,1.5,58.0,37.0
2360S,Illinois,5,0,False,23.0,986.0,13.1,5.7,7.3,3.3,0.05,1.4,41.0,34.0
2360Z,Illinois,5,0,False,22.5,1313.0,12.7,4.0,8.8,3.2,0.1,1.5,46.0,26.0
3695B,Illinois,6,0,True,21.2,2203.0,14.4,11.8,2.6,2.7,0.05,1.1,23.0,18.0
3695C,Illinois,6,1,True,25.7,155.0,20.2,8.7,11.6,4.8,0.26,1.9,55.0,38.0
3695D,Illinois,5,0,False,19.5,3781.0,6.9,9.8,-2.9,2.9,0.05,1.0,37.0,12.0
3695E,Illinois,5,0,False,20.5,2838.0,11.0,9.1,1.9,3.7,0.07,1.2,49.0,21.0
4454C,Illinois,6,1,False,22.5,1313.0,13.3,11.4,1.9,3.7,0.11,1.4,31.0,12.0
5741A,Illinois,4,0,False,20.2,3106.0,8.7,9.7,-1.0,3.2,0.03,1.2,35.0,3.0
7133A,Illinois,3,0,False,16.1,7412.0,6.7,12.3,-5.6,1.8,0.0,0.9,33.0,11.0
8780A,Illinois,6,0,True,22.7,1176.0,15.8,8.4,7.4,2.8,0.06,1.3,44.0,30.0
8780C,Illinois,6,0,True,17.1,6385.0,2.3,8.2,-5.8,2.9,0.04,0.6,39.0,27.0
8995B,Illinois,8,0,True,23.6,730.0,14.1,6.8,7.3,3.2,0.04,1.3,36.0,35.0
8995E,Illinois,6,0,False,22.2,1468.0,14.5,3.3,11.2,3.9,0.15,1.6,43.0,30.0
8995H,Illinois,6,0,False,19.7,3601.0,8.2,9.7,-1.5,1.9,0.02,1.0,42.0,33.0
8995M,Illinois,6,0,False,18.9,4403.0,5.5,10.8,-5.3,2.4,0.07,1.0,38.0,12.0
8995T,Illinois,6,0,False,18.9,4403.0,4.7,9.5,-4.8,2.4,0.05,0.9,33.0,15.0
14153M,Illinois,4,0,False,22.1,1546.0,11.0,8.0,2.9,4.5,0.13,1.7,37.0,41.0
19290A,Illinois,3,0,False,18.4,4926.0,13.2,9.7,3.5,3.5,0.04,1.2,26.0,3.0
20020X,Illinois,4,0,False,20.2,3106.0,15.8,6.6,9.2,3.2,0.12,1.6,56.0,48.0
20612A,Illinois,6,0,False,22.1,1546.0,11.4,6.9,4.4,3.2,0.08,1.2,35.0,3.0
20612B,Illinois,7,0,False,19.6,3703.0,7.7,9.2,-1.5,3.0,0.05,1.0,39.0,3.0
22000A,Illinois,7,0,False,22.1,1546.0,15.0,7.6,7.4,4.3,0.16,1.6,45.0,15.0
23880A,Illinois,5,0,False,21.4,2059.0,9.0,5.6,3.4,3.3,0.07,1.1,35.0,5.0
23880B,Illinois,5,0,False,22.7,1176.0,8.0,6.9,1.0,3.2,0.05,1.0,38.0,12.0
23880C,Illinois,6,0,True,23.9,611.0,13.9,5.7,8.1,4.9,0.25,1.7,52.0,52.0
38535A,Illinois,7,0,True,23.6,730.0,13.8,8.5,5.3,3.5,0.23,1.5,44.0,15.0
60172U,Illinois,7,0,False,21.8,1761.0,12.3,8.0,4.3,3.7,0.02,1.0,41.0,24.0
60172W,Illinois,7,0,False,20.1,3207.0,8.9,9.7,-0.8,2.5,0.07,1.0,34.0,13.0
60172X,Illinois,6,0,False,18.9,4403.0,10.4,8.0,2.4,3.6,0.11,1.1,41.0,25.0
60441A,Illinois,3,0,False,15.1,8403.0,5.6,15.2,-9.6,1.5,0.05,0.7,29.0,18.0
60441C,Illinois,4,0,False,20.6,2734.0,11.1,11.0,0.1,4.0,0.14,1.3,47.0,22.0
60441J,Illinois,4,0,False,20.7,2629.0,10.2,11.2,-1.1,2.5,0.07,1.3,41.0,8.0
60441T,Illinois,4,0,False,23.9,611.0,17.9,6.0,11.9,3.6,0.03,1.8,50.0,39.0
60441X,Illinois,4,0,False,16.8,6719.0,3.4,13.2,-9.8,2.1,0.0,0.5,32.0,23.0
60466A,Illinois,9,0,True,21.9,1688.0,7.1,7.1,0.1,3.1,0.05,1.1,29.0,13.0
82997A,Illinois,4,0,False,18.2,5141.0,9.0,12.5,-3.5,1.9,0.08,0.9,42.0,7.0
99371B,Illinois,5,0,True,21.8,1761.0,13.6,9.4,4.1,2.5,0.07,1.5,41.0,0.0
99371H,Illinois,4,0,False,19.5,3781.0,10.1,11.5,-1.5,3.1,0.0,1.3,35.0,13.0
9231A,Waadt,4,1,True,19.0,4293.0,28.8,3.9,24.9,3.7,0.14,1.8,46.0,25.0
9231X,Waadt,3,0,True,20.9,2458.0,18.1,1.5,16.7,5.1,0.0,1.9,34.0,0.0
13176A,Tessin,3,0,True,21.6,1885.0,17.3,6.5,10.8,4.0,0.0,1.7,41.0,27.0
15520A,Waadt,2,0,False,14.0,9278.0,3.1,8.8,-5.7,1.9,0.0,0.9,22.0,0.0
15520B,Waadt,2,0,False,15.2,8308.0,6.0,7.6,-1.6,2.1,0.0,0.9,16.0,0.0
15520C,Waadt,2,0,False,14.1,9191.0,5.2,9.8,-4.6,2.6,0.0,0.7,26.0,0.0
21052A,Waadt,2,0,False,15.9,7599.0,6.7,9.1,-2.4,3.0,0.0,0.8,9.0,3.0
21052B,Waadt,2,0,False,18.6,4715.0,15.5,4.7,10.8,4.4,0.07,1.5,20.0,8.0
35423Z,Zug,2,0,False,13.9,9351.0,4.3,5.6,-1.3,2.4,0.0,0.6,26.0,0.0
36817A,Tessin,2,0,False,13.6,9542.0,0.9,5.8,-4.9,1.8,0.0,0.9,15.0,0.0
36817B,Tessin,3,0,True,16.6,6924.0,10.9,13.1,-2.2,1.5,0.07,0.9,35.0,18.0
41510A,Basel-Landschaft,3,0,False,15.6,7907.0,8.1,7.1,1.0,2.6,0.0,0.8,28.0,0.0
41510B,Basel-Landschaft,3,0,False,16.5,7030.0,3.2,6.7,-3.5,3.0,0.0,1.0,15.0,3.0
41510C,Basel-Landschaft,3,0,False,15.3,8218.0,4.3,7.5,-3.2,2.2,0.0,0.7,13.0,0.0
41510D,Basel-Landschaft,3,0,False,15.5,8011.0,2.5,4.8,-2.3,3.1,0.0,0.9,8.0,0.0
41510X,Basel-Landschaft,3,0,False,17.3,6161.0,2.4,5.1,-2.7,2.1,0.0,1.2,6.0,0.0
41510Y,Basel-Landschaft,3,0,False,15.3,8218.0,3.1,9.1,-5.9,1.7,0.0,0.6,18.0,0.0
68300A,Basel-Stadt,2,0,False,14.9,8566.0,7.7,8.6,-0.9,2.4,0.0,1.0,11.0,0.0
502E,British Columbia,9,1,False,20.8,2544.0,11.9,13.6,-1.7,3.5,0.18,1.4,44.0,35.0
886A,British Columbia,11,0,False,20.9,2458.0,12.1,13.1,-1.0,3.4,0.17,1.0,46.0,28.0
9181D,British Columbia,5,0,False,20.9,2458.0,14.3,10.1,4.2,3.5,0.21,1.4,49.0,20.0
18670C,British Columbia,6,0,False,19.1,4178.0,10.6,17.6,-6.9,2.7,0.15,0.8,39.0,41.0
502A,British Columbia,9,1,False,20.9,2458.0,10.7,12.3,-1.6,2.2,0.04,1.0,38.0,23.0
502N,British Columbia,6,1,False,23.9,611.0,16.5,11.9,4.6,3.0,0.19,1.4,51.0,36.0
502W,British Columbia,10,1,False,26.1,106.0,21.2,8.6,12.6,3.8,0.39,1.9,58.0,45.0
886S,British Columbia,15,1,True,25.0,287.0,14.9,11.5,3.4,3.5,0.22,1.4,58.0,53.0
886U,British Columbia,10,2,False,22.8,1104.0,15.0,12.7,2.3,3.1,0.19,1.3,51.0,33.0
886W,British Columbia,12,2,False,24.3,477.0,16.5,10.8,5.7,3.4,0.27,1.6,50.0,43.0
886Y,British Columbia,13,1,True,27.2,19.0,18.9,9.6,9.3,4.1,0.46,2.0,55.0,42.0
886Z,British Columbia,11,1,False,24.1,542.0,16.9,11.8,5.0,3.4,0.28,1.6,52.0,38.0
1010G,British Columbia,14,3,True,25.4,205.0,19.7,11.2,8.6,4.0,0.34,1.9,61.0,56.0
1010T,British Columbia,7,1,False,19.4,3876.0,12.0,15.4,-3.5,2.7,0.1,1.0,39.0,38.0
1010W,British Columbia,12,2,True,27.2,19.0,20.7,12.0,8.7,3.8,0.48,2.0,61.0,48.0
1010X,British Columbia,8,1,True,21.4,2059.0,17.7,14.3,3.4,2.9,0.11,1.3,46.0,46.0
1011S,British Columbia,12,0,False,21.6,1885.0,12.6,14.8,-2.2,2.8,0.14,1.0,45.0,37.0
1011V,British Columbia,6,0,False,18.3,5032.0,9.7,18.0,-8.3,2.1,0.16,1.1,45.0,31.0
1011X,British Columbia,14,1,True,24.5,413.0,19.5,11.7,7.8,4.1,0.34,2.0,56.0,52.0
1011Y,British Columbia,10,0,False,21.5,1966.0,10.5,15.7,-5.2,2.0,0.09,1.1,38.0,31.0
6408H,British Columbia,6,1,False,21.2,2203.0,12.8,13.8,-1.0,3.0,0.14,1.2,52.0,31.0
6408W,British Columbia,6,1,False,20.2,3106.0,10.4,13.9,-3.5,2.7,0.14,1.1,42.0,31.0
9181C,British Columbia,9,1,True,25.6,174.0,20.2,9.1,11.1,3.9,0.31,2.1,56.0,46.0
9181G,British Columbia,7,1,False,20.4,2925.0,13.2,14.2,-1.0,2.5,0.16,1.1,52.0,51.0
9181J,British Columbia,6,0,False,21.8,1761.0,15.6,11.3,4.3,3.5,0.23,1.5,50.0,30.0
9181K,British Columbia,7,0,False,20.8,2544.0,11.4,14.9,-3.5,2.5,0.23,1.1,34.0,32.0
9181R,British Columbia,6,0,False,21.9,1688.0,12.0,9.1,2.9,3.3,0.16,1.4,44.0,35.0
9181S,British Columbia,6,0,False,22.7,1176.0,17.9,11.6,6.2,3.2,0.15,1.4,49.0,38.0
9181T,British Columbia,8,0,False,21.0,2371.0,11.1,14.7,-3.5,2.5,0.24,1.0,47.0,37.0
9594A,British Columbia,8,1,False,20.0,3301.0,13.2,13.8,-0.6,1.8,0.06,0.7,49.0,40.0
18670A,British Columbia,7,0,False,21.6,1885.0,15.3,15.3,0.0,3.3,0.33,1.4,48.0,36.0
28101A,British Columbia,7,0,False,21.5,1966.0,11.3,11.4,-0.1,3.2,0.13,1.2,50.0,37.0
77174B,British Columbia,7,1,False,22.5,1313.0,16.1,13.6,2.5,3.6,0.14,1.5,39.0,38.0
87265B,British Columbia,5,1,False,20.9,2458.0,13.0,11.2,1.8,2.5,0.14,1.2,45.0,25.0
98549V,British Columbia,7,1,False,21.9,1688.0,15.1,12.7,2.4,2.9,0.19,1.4,52.0,43.0
98549Z,British Columbia,7,1,False,21.7,1822.0,12.7,13.0,-0.3,3.1,0.18,1.2,50.0,21.0
56D,Maine,3,0,False,17.3,6161.0,3.0,6.1,-3.1,3.3,0.0,1.1,20.0,0.0
56E,Maine,2,0,False,13.6,9542.0,4.5,7.8,-3.4,1.6,0.0,0.7,20.0,0.0
56K,Maine,7,0,True,21.4,2059.0,10.5,4.0,6.5,3.6,0.02,1.4,44.0,20.0
56P,Maine,5,0,False,18.7,4605.0,5.2,7.4,-2.3,2.4,0.03,0.8,23.0,8.0
5156E,Maine,6,0,True,21.4,2059.0,11.3,5.0,6.3,2.8,0.0,1.3,35.0,17.0
5156F,Maine,5,0,False,18.9,4403.0,5.7,7.0,-1.3,2.2,0.03,0.9,21.0,3.0
5156G,Maine,5,0,False,19.4,3876.0,9.8,6.7,3.1,3.1,0.0,0.9,28.0,4.0
5156H,Maine,6,0,False,17.3,6161.0,1.8,4.3,-2.5,2.0,0.0,0.8,20.0,0.0
93303Y,Maine,4,0,False,19.7,3601.0,6.7,6.4,0.3,3.4,0.03,1.1,24.0,8.0
128B,Ontario,2,0,False,19.7,3601.0,14.8,6.1,8.7,4.3,0.43,1.9,35.0,8.0
142A,Ontario,2,0,False,14.8,8669.0,14.7,13.3,1.3,1.9,0.07,1.1,29.0,4.0
252H,Ontario,8,3,False,23.3,854.0,16.8,12.5,4.3,3.3,0.18,1.5,50.0,38.0
296A,Ontario,3,0,False,17.8,5588.0,10.8,12.3,-1.5,4.2,0.1,1.0,28.0,16.0
416D,Ontario,5,0,False,20.8,2544.0,11.2,10.7,0.5,2.3,0.1,1.1,33.0,3.0
540W,Ontario,5,0,False,21.0,2371.0,15.5,12.7,2.8,4.0,0.25,1.5,42.0,20.0
540X,Ontario,5,0,False,17.2,6264.0,6.9,14.9,-8.0,1.9,0.06,0.8,30.0,2.0
540Z,Ontario,5,0,False,16.7,6828.0,5.1,15.6,-10.4,1.9,0.09,0.6,29.0,10.0
839A,Ontario,12,6,False,22.9,1042.0,14.9,13.0,1.9,3.4,0.26,1.5,48.0,42.0
839T,Ontario,6,0,False,19.7,3601.0,9.3,15.2,-5.9,1.7,0.05,0.6,47.0,10.0
839Z,Ontario,9,2,True,25.1,262.0,16.2,12.1,4.1,3.3,0.28,1.6,47.0,16.0
1104S,Ontario,8,1,True,23.0,986.0,16.8,12.0,4.8,3.2,0.2,1.5,53.0,39.0
1104V,Ontario,8,1,True,23.8,654.0,14.7,12.2,2.5,2.9,0.3,1.5,46.0,42.0
1140X,Ontario,8,1,True,22.2,1468.0,13.6,11.0,2.7,2.9,0.14,1.3,48.0,21.0
1165A,Ontario,9,3,True,24.4,446.0,12.4,10.8,1.6,2.9,0.07,1.4,44.0,40.0
1509B,Ontario,8,0,False,21.1,2288.0,12.7,8.5,4.2,3.2,0.15,1.3,43.0,28.0
1509R,Ontario,8,0,False,19.6,3703.0,9.3,8.2,1.1,2.8,0.15,1.1,26.0,18.0
1509Z,Ontario,8,0,False,19.5,3781.0,8.9,11.2,-2.4,2.8,0.11,1.0,44.0,14.0
2055A,Ontario,10,4,False,20.9,2458.0,14.8,13.5,1.3,2.9,0.2,1.3,47.0,41.0
2670A,Ontario,8,1,False,19.1,4178.0,8.4,11.5,-3.1,2.8,0.2,1.2,27.0,24.0
2796V,Ontario,9,4,True,24.3,477.0,17.5,13.9,3.6,2.6,0.25,1.5,51.0,35.0
3004A,Ontario,11,4,False,22.7,1176.0,13.7,8.8,4.9,3.0,0.11,1.4,54.0,45.0
3150A,Ontario,9,2,True,24.5,413.0,18.8,12.9,5.9,3.7,0.41,1.8,59.0,54.0
3150B,Ontario,10,4,False,23.7,695.0,15.8,11.4,4.4,3.0,0.23,1.6,49.0,45.0
3150C,Ontario,7,2,False,20.8,2544.0,14.1,13.7,0.4,2.9,0.23,1.2,47.0,36.0
3150X,Ontario,10,1,False,23.1,942.0,17.0,9.5,7.5,3.3,0.17,1.4,51.0,39.0
3505E,Ontario,6,0,False,21.2,2203.0,13.8,11.6,2.2,3.7,0.38,1.4,51.0,48.0
3565X,Ontario,13,3,True,23.9,611.0,19.8,10.0,9.8,4.3,0.58,2.1,59.0,57.0
3652A,Ontario,3,0,False,17.6,5826.0,10.6,16.2,-5.6,3.3,0.25,1.4,35.0,23.0
3899E,Ontario,8,3,False,20.2,3106.0,11.3,16.9,-5.6,2.0,0.04,0.8,49.0,0.0
4659A,Ontario,4,0,False,19.6,3703.0,16.2,10.8,5.3,3.5,0.28,1.7,38.0,22.0
4862A,Ontario,3,0,False,16.5,7030.0,11.0,6.6,4.5,2.7,0.05,1.1,35.0,0.0
5225A,Ontario,3,0,True,21.8,1761.0,22.2,9.8,12.4,5.2,0.81,2.6,56.0,50.0
5298C,Ontario,5,0,False,19.0,4293.0,5.0,11.6,-6.6,3.3,0.03,0.8,36.0,20.0
7614A,Ontario,6,0,False,22.2,1468.0,15.1,10.0,5.2,3.4,0.21,1.5,37.0,17.0
8433W,Ontario,6,0,True,24.0,566.0,21.0,7.4,13.6,4.2,0.31,1.8,53.0,42.0
8433X,Ontario,4,0,False,19.0,4293.0,11.7,13.6,-1.9,2.3,0.04,1.1,40.0,0.0
8829C,Ontario,6,3,False,24.9,312.0,17.0,10.9,6.2,3.7,0.16,1.5,52.0,47.0
9599A,Ontario,5,0,True,21.8,1761.0,16.6,8.6,8.1,3.9,0.23,1.8,48.0,27.0
9651X,Ontario,6,1,False,23.0,986.0,13.6,9.8,3.7,3.2,0.31,1.6,42.0,35.0
9651Y,Ontario,5,0,False,18.3,5032.0,8.2,15.7,-7.5,1.5,0.1,0.8,42.0,11.0
10501D,Ontario,10,3,False,22.0,1618.0,16.4,12.5,4.0,2.8,0.14,1.2,54.0,33.0
10801Z,Ontario,3,0,False,18.3,5032.0,10.3,10.1,0.2,3.0,0.2,1.5,30.0,38.0
10909A,Ontario,7,2,False,19.2,4071.0,10.7,13.6,-2.9,3.4,0.24,1.2,46.0,28.0
11702A,Ontario,6,0,False,18.3,5032.0,10.5,13.1,-2.6,2.2,0.08,1.0,33.0,15.0
16610A,Ontario,10,3,True,25.4,205.0,19.1,10.2,9.0,3.8,0.35,1.9,59.0,48.0
16610C,Ontario,10,2,False,22.4,1363.0,11.1,9.3,1.8,2.8,0.13,1.4,44.0,35.0
16610D,Ontario,9,2,False,21.8,1761.0,14.5,10.7,3.8,3.2,0.08,1.3,50.0,33.0
16610X,Ontario,4,0,False,18.1,5246.0,12.5,8.6,4.0,3.8,0.12,1.1,40.0,13.0
16868C,Ontario,9,4,True,22.1,1546.0,15.1,12.4,2.7,3.0,0.24,1.5,52.0,50.0
17924A,Ontario,7,0,False,22.8,1104.0,16.9,9.3,7.6,2.8,0.24,1.7,55.0,43.0
17924B,Ontario,7,0,False,22.2,1468.0,18.8,10.6,8.3,4.5,0.2,1.6,51.0,42.0
18080V,Ontario,4,0,False,19.2,4071.0,9.0,9.0,0.0,3.1,0.15,1.4,30.0,10.0
19109A,Ontario,6,0,True,20.4,2925.0,15.5,12.7,2.8,3.5,0.16,1.5,53.0,46.0
21520A,Ontario,3,0,False,22.5,1313.0,13.6,6.0,7.5,4.2,0.12,1.5,34.0,20.0
21520B,Ontario,3,0,False,17.7,5708.0,8.0,8.9,-0.9,2.0,0.0,0.9,39.0,26.0
26752N,Ontario,4,0,False,18.3,5032.0,11.0,7.2,3.8,2.5,0.12,1.3,41.0,15.0
29295A,Ontario,6,0,True,21.2,2203.0,15.4,11.6,3.8,2.7,0.21,1.4,55.0,51.0
29295B,Ontario,4,0,False,20.0,3301.0,14.2,8.9,5.3,3.5,0.25,1.6,37.0,15.0
29295D,Ontario,4,0,False,17.1,6385.0,11.6,14.1,-2.4,2.1,0.07,0.7,41.0,0.0
31331A,Ontario,4,0,False,16.9,6599.0,6.5,13.6,-7.0,1.4,0.0,0.5,32.0,29.0
31331B,Ontario,4,0,False,17.6,5826.0,10.0,13.4,-3.3,2.2,0.04,0.9,29.0,10.0
41977B,Ontario,3,0,False,17.5,5947.0,7.6,11.4,-3.9,2.9,0.05,1.1,38.0,0.0
45250F,Ontario,6,0,True,22.0,1618.0,16.8,6.1,10.6,3.2,0.18,1.5,57.0,34.0
45250G,Ontario,5,0,False,19.4,3876.0,5.6,16.2,-10.6,2.5,0.15,0.7,32.0,16.0
45250J,Ontario,5,0,False,18.2,5141.0,9.5,14.3,-4.8,1.8,0.0,0.8,37.0,12.0
45250K,Ontario,5,0,False,19.7,3601.0,10.6,9.8,0.8,3.5,0.06,1.3,39.0,13.0
45250Y,Ontario,5,0,False,17.7,5708.0,9.8,11.0,-1.2,2.6,0.18,0.9,37.0,21.0
48700X,Ontario,4,1,False,17.6,5826.0,12.4,14.9,-2.4,2.9,0.29,1.2,29.0,8.0
81208X,Ontario,10,2,True,24.9,312.0,18.7,7.2,11.5,3.3,0.15,1.6,53.0,42.0
82855G,Ontario,5,0,False,18.2,5141.0,7.8,12.8,-5.1,1.9,0.06,0.9,31.0,30.0
82855S,Ontario,8,1,True,20.4,2925.0,15.5,9.1,6.3,3.2,0.3,1.6,53.0,49.0
82855T,Ontario,7,0,True,21.9,1688.0,15.3,11.8,3.4,3.8,0.32,1.8,49.0,48.0
82855X,Ontario,6,0,True,22.2,1468.0,13.8,7.8,6.1,4.3,0.44,2.0,59.0,52.0
82855Y,Ontario,7,1,False,19.5,3781.0,10.1,14.6,-4.5,2.1,0.05,0.8,37.0,5.0
82855Z,Ontario,7,0,True,23.1,942.0,17.6,11.6,6.0,4.0,0.22,1.6,56.0,52.0
91536A,Ontario,2,0,False,17.3,6161.0,15.5,15.6,-0.2,2.1,0.14,1.3,27.0,13.0
95500A,Ontario,4,0,False,16.4,7127.0,8.3,13.0,-4.7,2.2,0.08,0.8,35.0,13.0
97779A,Ontario,5,0,False,21.0,2371.0,11.8,8.7,3.1,2.1,0.09,1.3,39.0,17.0
97779X,Ontario,5,0,False,21.3,2133.0,13.9,9.0,4.9,2.8,0.09,1.5,32.0,34.0
6844B,South Dakota,9,1,False,24.7,368.0,16.7,9.5,7.2,4.6,0.17,1.6,41.0,24.0
6844C,South Dakota,4,0,False,19.7,3601.0,15.3,7.9,7.4,3.4,0.09,1.4,37.0,17.0
6844D,South Dakota,5,0,False,18.0,5344.0,6.7,12.1,-5.4,2.9,0.0,0.8,10.0,3.0
6844E,South Dakota,6,0,False,20.9,2458.0,6.0,8.8,-2.7,2.6,0.0,0.9,20.0,8.0
7686A,South Dakota,14,2,True,27.4,14.0,18.8,7.7,11.0,3.5,0.24,1.8,55.0,45.0
7686N,South Dakota,6,0,False,20.6,2734.0,8.6,11.1,-2.5,2.9,0.02,1.1,32.0,0.0
7686X,South Dakota,11,1,True,23.7,695.0,12.3,11.6,0.8,3.2,0.08,1.1,49.0,17.0
9050B,South Dakota,7,0,False,18.9,4403.0,6.1,10.5,-4.4,2.9,0.02,0.9,10.0,0.0
9050E,South Dakota,7,0,False,21.2,2203.0,8.6,11.0,-2.4,2.8,0.0,1.1,22.0,0.0
9050F,South Dakota,8,0,True,23.2,895.0,14.3,7.9,6.5,3.8,0.08,1.4,31.0,0.0
57013J,South Dakota,2,0,False,15.6,7907.0,7.2,12.7,-5.6,3.8,0.0,0.7,13.0,0.0
57013M,South Dakota,5,1,False,17.3,6161.0,3.0,14.9,-11.9,2.2,0.1,0.6,10.0,0.0
89910A,South Dakota,6,0,False,18.0,5344.0,4.2,10.7,-6.5,2.7,0.0,0.9,19.0,0.0
99515A,South Dakota,6,0,False,20.3,3012.0,8.1,8.3,-0.2,3.2,0.02,0.9,12.0,0.0
99515C,South Dakota,6,0,False,18.0,5344.0,6.5,8.0,-1.4,3.1,0.06,1.1,8.0,0.0
99515D,South Dakota,6,0,False,20.3,3012.0,9.5,10.1,-0.6,3.1,0.0,1.0,17.0,0.0
99515E,South Dakota,6,0,False,18.7,4605.0,5.0,11.1,-6.1,2.0,0.03,0.7,20.0,0.0
282S,United Kingdom,9,0,False,22.9,1042.0,13.4,7.2,6.2,3.1,0.1,1.4,38.0,3.0
1197X,United Kingdom,8,0,False,19.5,3781.0,3.6,9.8,-6.2,2.8,0.04,0.8,29.0,0.0
1197Z,United Kingdom,10,0,True,24.3,477.0,12.2,7.9,4.3,3.2,0.1,1.5,40.0,31.0
1408C,United Kingdom,7,0,False,21.4,2059.0,12.1,7.6,4.5,3.2,0.0,1.3,35.0,5.0
1408H,United Kingdom,8,0,False,20.5,2838.0,9.1,12.0,-2.9,2.4,0.05,0.9,37.0,21.0
1493D,United Kingdom,7,0,False,19.6,3703.0,12.0,10.9,1.1,1.8,0.0,1.1,42.0,0.0
1875N,United Kingdom,14,0,True,26.4,79.0,16.9,6.5,10.4,3.2,0.09,1.5,45.0,13.0
2472A,United Kingdom,7,0,False,20.4,2925.0,7.1,8.1,-1.0,3.1,0.0,1.1,21.0,0.0
3110C,United Kingdom,8,0,False,19.5,3781.0,4.4,8.8,-4.3,2.5,0.02,0.9,30.0,9.0
3116J,United Kingdom,6,0,False,18.1,5246.0,2.8,11.4,-8.6,2.2,0.02,0.5,18.0,10.0
3116Z,United Kingdom,8,0,False,20.8,2544.0,4.7,9.9,-5.2,2.7,0.02,0.9,29.0,16.0
6023F,United Kingdom,5,0,False,22.2,1468.0,10.8,6.5,4.4,3.0,0.03,1.4,23.0,16.0
6023R,United Kingdom,6,0,False,19.6,3703.0,11.3,8.8,2.5,3.0,0.03,1.0,26.0,0.0
6493A,United Kingdom,8,0,False,21.4,2059.0,9.4,10.5,-1.1,3.2,0.0,1.0,20.0,3.0
8346D,United Kingdom,4,0,False,19.7,3601.0,7.9,11.5,-3.6,3.6,0.04,1.0,29.0,4.0
10137X,United Kingdom,6,0,False,18.9,4403.0,4.1,14.2,-10.1,2.1,0.0,0.6,23.0,8.0
10478B,United Kingdom,5,0,False,20.3,3012.0,7.3,6.3,1.0,2.8,0.0,1.0,37.0,0.0
10478S,United Kingdom,6,0,True,23.1,942.0,14.3,8.0,6.3,3.2,0.03,1.4,47.0,15.0
13765T,United Kingdom,6,0,False,21.8,1761.0,8.0,9.4,-1.5,2.8,0.03,0.9,44.0,14.0
13765X,United Kingdom,11,0,True,25.8,138.0,19.0,5.2,13.8,3.9,0.2,1.8,53.0,42.0
15650C,United Kingdom,12,0,True,26.9,36.0,21.3,7.1,14.2,4.6,0.17,2.0,49.0,43.0
17711C,United Kingdom,11,0,False,21.5,1966.0,9.2,10.7,-1.5,2.9,0.07,0.9,35.0,17.0
17711E,United Kingdom,12,0,True,26.6,54.0,17.9,6.9,11.0,4.3,0.39,2.1,47.0,24.0
18650G,United Kingdom,5,0,False,19.3,3976.0,8.9,11.8,-2.8,3.4,0.04,0.9,27.0,13.0
20785A,United Kingdom,8,0,False,23.4,811.0,14.5,9.9,4.6,3.6,0.08,1.3,45.0,34.0
23218B,United Kingdom,8,0,True,21.4,2059.0,11.8,6.4,5.4,3.9,0.12,1.4,27.0,24.0
29457A,United Kingdom,13,0,True,24.6,390.0,14.1,4.4,9.7,3.2,0.06,1.6,52.0,4.0
37596A,United Kingdom,4,0,False,18.2,5141.0,6.2,13.7,-7.5,2.4,0.04,0.7,23.0,0.0
39475C,United Kingdom,5,0,True,19.3,3976.0,12.2,9.2,3.1,2.4,0.0,1.2,46.0,29.0
46846P,United Kingdom,6,0,False,20.2,3106.0,8.1,8.6,-0.5,3.4,0.08,1.1,36.0,0.0
46846T,United Kingdom,9,0,True,25.5,188.0,18.1,4.9,13.2,4.2,0.15,1.8,49.0,13.0
55609A,United Kingdom,3,0,False,18.9,4403.0,10.0,12.5,-2.5,3.0,0.0,1.0,34.0,5.0
58053H,United Kingdom,4,0,False,16.8,6719.0,2.4,13.8,-11.4,1.2,0.0,0.6,26.0,0.0
66618Z,United Kingdom,8,0,False,23.5,767.0,11.9,6.8,5.1,3.0,0.0,1.2,41.0,8.0
71368A,United Kingdom,7,0,False,20.9,2458.0,8.3,6.9,1.3,3.6,0.03,1.1,24.0,0.0
80745A,United Kingdom,3,0,False,17.0,6492.0,9.8,8.5,1.3,2.5,0.0,0.8,23.0,0.0
83697A,United Kingdom,6,0,False,19.6,3703.0,4.1,13.4,-9.2,2.4,0.0,0.7,28.0,0.0
84899C,United Kingdom,6,0,True,24.8,334.0,19.9,9.4,10.5,4.4,0.22,1.7,44.0,35.0
84899D,United Kingdom,6,0,True,20.5,2838.0,10.1,12.3,-2.2,2.4,0.03,1.0,46.0,28.0
84899E,United Kingdom,4,0,False,21.2,2203.0,13.6,11.7,1.9,4.4,0.2,1.5,34.0,25.0
1860A,Texas,12,2,False,21.1,2288.0,6.2,10.1,-3.9,2.8,0.04,0.9,24.0,10.0
1860B,Texas,12,2,False,21.0,2371.0,5.8,11.3,-5.5,1.8,0.03,0.8,30.0,11.0
1860C,Texas,12,2,False,21.8,1761.0,8.9,9.8,-0.9,2.4,0.04,1.1,29.0,0.0
2522A,Texas,4,0,False,18.8,4503.0,7.7,7.6,0.1,3.5,0.0,1.0,35.0,16.0
3269A,Texas,9,0,True,26.3,89.0,20.5,4.7,15.8,4.0,0.07,1.8,47.0,26.0
3269B,Texas,9,0,True,23.5,767.0,14.4,8.4,6.0,3.1,0.02,1.3,50.0,29.0
4378A,Texas,12,0,True,23.0,986.0,9.3,8.0,1.4,3.3,0.05,1.2,38.0,11.0
4378B,Texas,7,0,False,22.8,1104.0,10.9,7.7,3.2,3.9,0.03,1.4,31.0,8.0
4378X,Texas,10,0,False,22.2,1468.0,7.8,8.8,-1.1,2.8,0.02,1.0,30.0,5.0
5912A,Texas,8,0,False,19.3,3976.0,3.7,7.0,-3.3,2.6,0.0,0.7,23.0,0.0
6127A,Texas,7,1,False,22.1,1546.0,9.2,10.4,-1.1,2.3,0.0,0.9,31.0,4.0
6127B,Texas,7,1,False,23.6,730.0,13.6,7.8,5.8,3.5,0.06,1.4,45.0,6.0
6127C,Texas,7,0,False,21.5,1966.0,7.2,9.4,-2.2,2.4,0.0,1.3,29.0,0.0
6127D,Texas,6,0,False,20.3,3012.0,5.1,9.8,-4.7,3.1,0.0,0.9,32.0,0.0
8787E,Texas,7,0,False,23.9,611.0,15.4,2.7,12.8,4.9,0.06,1.7,33.0,3.0
8787S,Texas,5,0,False,19.1,4178.0,7.9,9.6,-1.7,2.0,0.0,1.0,31.0,3.0
8787Z,Texas,6,0,False,20.4,2925.0,7.2,9.2,-2.0,3.1,0.0,1.0,28.0,5.0
18020A,Texas,9,0,False,22.9,1042.0,8.4,5.1,3.3,3.3,0.04,1.2,28.0,0.0
40217B,Texas,7,0,False,20.9,2458.0,4.5,5.6,-1.0,3.6,0.0,1.3,17.0,9.0
72203A,Texas,9,0,False,20.8,2544.0,10.0,7.8,2.2,2.6,0.0,1.0,34.0,12.0
72203B,Texas,8,0,False,22.4,1363.0,7.8,6.9,0.9,2.9,0.02,1.1,30.0,12.0
74762A,Texas,7,0,True,22.8,1104.0,13.2,7.5,5.7,3.4,0.0,1.2,50.0,19.0
74762B,Texas,6,0,False,23.5,767.0,11.3,7.7,3.6,3.0,0.0,1.2,43.0,12.0
74762D,Texas,6,0,True,22.5,1313.0,8.2,6.4,1.8,3.5,0.0,1.3,40.0,3.0
74762E,Texas,5,0,False,21.1,2288.0,9.9,5.8,4.1,3.0,0.0,1.2,39.0,15.0
75775A,Texas,3,0,False,19.6,3703.0,11.8,8.0,3.9,4.1,0.07,1.4,23.0,0.0
79912A,Texas,11,0,False,19.3,3976.0,3.6,9.1,-5.5,2.4,0.0,0.6,30.0,0.0
79912B,Texas,10,0,False,20.6,2734.0,3.2,7.6,-4.5,2.2,0.0,0.8,26.0,0.0
79912C,Texas,13,0,True,27.7,7.0,22.5,2.6,19.9,4.5,0.05,2.0,46.0,35.0
79912D,Texas,13,0,True,23.7,695.0,8.4,4.9,3.5,3.2,0.03,1.3,37.0,0.0
87217A,Texas,5,0,False,22.2,1468.0,16.0,8.1,7.9,3.3,0.09,1.2,33.0,16.0
91532A,Texas,8,0,False,21.0,2371.0,6.0,6.9,-1.0,2.4,0.02,1.0,35.0,13.0
97155G,Texas,7,0,False,19.1,4178.0,5.5,8.7,-3.2,2.3,0.04,1.0,23.0,8.0
97155H,Texas,8,0,False,21.2,2203.0,6.1,8.2,-2.1,2.6,0.0,1.0,21.0,4.0
97155M,Texas,5,0,False,21.8,1761.0,10.9,7.1,3.8,3.9,0.11,1.6,39.0,13.0
97155N,Texas,5,0,False,16.8,6719.0,4.4,9.5,-5.1,2.6,0.04,0.7,25.0,0.0
99499A,Texas,11,0,False,23.1,942.0,9.6,7.3,2.3,3.3,0.04,1.3,28.0,7.0
1082E,Texas,10,2,True,26.8,41.0,19.4,10.8,8.6,4.4,0.3,1.9,63.0,52.0
1082G,Texas,6,0,False,21.5,1966.0,13.4,9.3,4.0,2.7,0.05,1.3,48.0,27.0
1082J,Texas,9,2,True,23.0,986.0,13.8,13.3,0.6,2.8,0.11,1.3,52.0,19.0
1082M,Texas,9,2,True,25.3,220.0,21.9,10.3,11.6,4.6,0.4,2.0,60.0,53.0
1082R,Texas,9,2,True,26.0,118.0,19.4,11.0,8.3,3.7,0.29,1.8,54.0,46.0
1082S,Texas,9,2,True,22.2,1468.0,13.8,12.8,1.0,2.7,0.09,1.3,46.0,38.0
1082T,Texas,6,0,False,20.7,2629.0,7.5,9.0,-1.5,3.2,0.08,1.3,43.0,17.0
2025A,Texas,6,0,False,21.2,2203.0,8.7,6.1,2.7,4.4,0.03,1.3,45.0,17.0
2025C,Texas,6,0,False,23.0,986.0,12.1,8.0,4.1,2.5,0.0,1.4,39.0,15.0
2025D,Texas,9,1,True,25.7,155.0,18.5,5.3,13.2,4.1,0.11,1.9,52.0,39.0
2129C,Texas,5,1,True,24.9,312.0,19.3,7.7,11.7,3.8,0.12,1.8,56.0,38.0
3160X,Texas,4,0,False,22.8,1104.0,16.2,5.5,10.7,4.0,0.17,1.6,36.0,8.0
5408X,Texas,5,0,False,21.5,1966.0,9.9,8.4,1.4,3.1,0.0,1.2,35.0,16.0
7110A,Texas,9,1,True,22.7,1176.0,15.0,12.0,3.0,3.9,0.33,1.6,50.0,38.0
7110B,Texas,6,0,False,19.8,3501.0,9.8,14.3,-4.5,3.2,0.16,0.9,38.0,23.0
7110H,Texas,8,0,True,23.9,611.0,14.1,9.4,4.7,3.9,0.17,1.5,49.0,45.0
7110X,Texas,7,0,True,19.8,3501.0,9.1,12.7,-3.7,2.4,0.03,1.0,50.0,31.0
9871E,Texas,4,0,False,21.1,2288.0,5.3,10.6,-5.2,3.1,0.03,1.1,26.0,8.0
9871M,Texas,4,0,False,20.7,2629.0,6.2,9.7,-3.6,2.5,0.0,1.0,26.0,8.0
11775A,Texas,7,0,False,24.2,511.0,13.8,6.3,7.5,3.0,0.07,1.4,40.0,20.0
17505B,Texas,7,0,True,19.8,3501.0,8.6,11.6,-3.0,2.7,0.11,1.1,35.0,10.0
22204K,Texas,5,0,False,20.2,3106.0,11.3,10.2,1.1,3.5,0.29,1.5,39.0,14.0
22204M,Texas,6,0,False,19.8,3501.0,8.1,15.2,-7.1,2.4,0.08,0.9,36.0,11.0
22204V,Texas,8,0,True,23.1,942.0,15.3,10.6,4.6,3.8,0.16,1.4,38.0,24.0
42368B,Texas,9,0,False,24.4,446.0,14.0,5.1,8.9,4.5,0.03,1.6,38.0,21.0
42368D,Texas,7,0,False,20.7,2629.0,7.1,6.6,0.5,3.1,0.02,1.2,33.0,0.0
46167C,Texas,4,0,False,17.6,5826.0,5.2,6.8,-1.6,2.4,0.0,1.0,22.0,11.0
74559A,Texas,7,0,True,23.6,730.0,15.2,10.8,4.4,3.2,0.12,1.3,49.0,29.0
74559D,Texas,5,0,False,20.7,2629.0,8.0,10.7,-2.7,2.4,0.0,1.0,25.0,8.0
75019A,Texas,3,0,False,18.9,4403.0,10.8,10.2,0.6,2.6,0.07,0.8,23.0,11.0
75019H,Texas,3,0,False,19.3,3976.0,11.4,9.0,2.4,2.8,0.14,1.5,38.0,23.0
75409A,Texas,5,0,False,22.6,1250.0,13.2,9.0,4.2,2.6,0.03,1.2,28.0,16.0
76058A,Texas,7,0,False,22.1,1546.0,9.7,9.7,0.0,3.1,0.06,1.1,38.0,5.0
76427A,Texas,8,0,False,22.1,1546.0,9.6,7.8,1.8,3.2,0.0,1.1,25.0,6.0
76427B,Texas,8,0,False,21.7,1822.0,9.0,6.7,2.3,3.3,0.02,1.0,39.0,5.0
87867C,Texas,9,1,True,26.2,96.0,18.2,8.1,10.1,4.0,0.25,1.9,58.0,42.0
87867D,Texas,9,0,True,25.2,240.0,16.2,6.2,10.0,4.3,0.16,1.7,48.0,33.0
88847A,Texas,6,0,False,23.7,695.0,11.4,7.1,4.3,3.3,0.07,1.5,44.0,3.0
92168A,Texas,7,0,False,19.2,4071.0,9.7,8.8,0.9,2.6,0.0,1.0,36.0,24.0
99966A,Texas,4,0,False,18.3,5032.0,12.6,14.0,-1.4,1.8,0.0,0.6,41.0,13.0
3028Y,Texas,4,0,True,19.8,3501.0,13.1,8.8,4.2,2.2,0.05,1.2,35.0,20.0
32410H,Texas,2,0,False,14.8,8669.0,4.0,7.4,-3.4,2.2,0.0,1.1,18.0,0.0
75442A,Texas,4,0,True,21.5,1966.0,3.0,1.7,1.3,2.3,0.0,1.3,26.0,0.0
75442B,Texas,3,0,False,15.7,7812.0,-0.4,6.3,-6.7,1.8,0.0,0.4,5.0,0.0
75442E,Texas,4,0,True,20.6,2734.0,5.5,4.0,1.6,2.4,0.04,1.1,16.0,3.0
75442W,Texas,3,0,False,18.5,4820.0,1.2,5.0,-3.8,2.5,0.0,0.9,5.0,0.0
216B,Michigan,7,0,False,19.4,3876.0,1.3,6.9,-5.6,2.1,0.02,0.7,20.0,10.0
3333N,Michigan,6,0,False,21.2,2203.0,10.1,11.4,-1.3,2.3,0.0,0.9,26.0,8.0
3547K,Michigan,7,2,False,19.9,3397.0,7.0,9.9,-2.9,3.6,0.17,1.2,27.0,17.0
15155C,Michigan,6,0,False,21.4,2059.0,9.4,5.0,4.4,3.5,0.15,1.5,31.0,11.0
15155D,Michigan,6,0,False,19.2,4071.0,3.3,8.9,-5.6,2.5,0.08,0.8,23.0,0.0
15155E,Michigan,7,0,True,23.9,611.0,15.5,4.7,10.9,4.7,0.15,1.7,49.0,31.0
3116C,United Kingdom,3,0,False,21.2,2203.0,10.2,4.6,5.6,4.3,0.06,1.5,23.0,0.0
3116X,United Kingdom,7,0,False,18.4,4926.0,2.7,9.7,-7.0,2.6,0.0,0.8,20.0,0.0
6023J,United Kingdom,6,0,False,14.7,8742.0,2.3,11.9,-9.6,1.8,0.0,0.4,3.0,0.0
6493B,United Kingdom,8,0,False,21.7,1822.0,9.3,7.0,2.3,3.0,0.02,1.2,18.0,3.0
10042F,United Kingdom,9,0,False,20.1,3207.0,8.0,8.6,-0.6,2.7,0.0,1.0,23.0,0.0
10478D,United Kingdom,5,0,False,17.5,5947.0,1.6,7.1,-5.5,2.4,0.0,0.7,10.0,0.0
20785B,United Kingdom,8,0,False,18.5,4820.0,6.3,6.1,0.2,2.5,0.02,1.0,31.0,12.0
40129A,United Kingdom,5,0,False,19.5,3781.0,9.9,9.3,0.6,2.7,0.03,1.3,33.0,13.0
54732B,United Kingdom,4,0,False,21.0,2371.0,11.2,6.0,5.2,3.7,0.0,1.3,23.0,8.0
78116A,United Kingdom,5,0,True,24.6,390.0,16.5,6.4,10.1,3.8,0.0,1.7,43.0,26.0
78116B,United Kingdom,4,0,False,16.7,6828.0,5.6,11.6,-6.0,3.1,0.0,0.7,32.0,11.0
78542B,United Kingdom,3,0,False,16.2,7317.0,3.1,14.9,-11.8,1.2,0.0,0.4,5.0,0.0
45009S,Texas,5,0,True,17.6,5826.0,3.5,7.9,-4.5,2.3,0.0,1.2,12.0,0.0
6588A,Arizona,4,0,False,17.1,6385.0,2.9,9.2,-6.2,2.6,0.0,0.9,20.0,0.0
917B,Washington,8,0,True,21.8,1761.0,11.4,8.7,2.7,4.1,0.16,1.6,47.0,40.0
938D,Washington,5,0,False,18.7,4605.0,5.9,7.3,-1.4,3.2,0.05,1.1,32.0,18.0
7784G,Washington,3,0,False,16.9,6599.0,2.2,11.0,-8.9,1.9,0.0,0.4,23.0,3.0
7784H,Washington,4,0,False,16.4,7127.0,2.8,12.4,-9.6,1.9,0.0,0.4,18.0,5.0
7784K,Washington,6,0,False,21.3,2133.0,8.1,7.0,1.2,3.1,0.02,1.1,28.0,8.0
7784S,Washington,5,0,False,21.0,2371.0,5.5,7.4,-1.9,2.6,0.03,0.9,40.0,3.0
7784T,Washington,4,0,False,18.6,4715.0,5.0,11.0,-6.0,2.7,0.0,1.0,29.0,5.0
10955M,Washington,8,0,False,21.8,1761.0,16.5,8.0,8.5,3.2,0.1,1.5,49.0,3.0
727B,Florida,3,0,False,15.4,8109.0,4.7,5.2,-0.5,3.1,0.0,1.0,29.0,11.0
1737K,Kazakhstan,2,0,False,18.6,4715.0,12.3,12.8,-0.5,3.3,0.06,1.3,39.0,13.0
1737R,Kazakhstan,3,0,False,19.6,3703.0,13.0,10.1,2.9,3.1,0.1,1.2,45.0,45.0
1737V,Kazakhstan,2,0,False,20.5,2838.0,17.1,7.2,9.9,5.2,0.0,1.8,37.0,26.0
1737W,Kazakhstan,2,0,False,22.0,1618.0,15.7,5.5,10.2,4.2,0.22,1.7,53.0,36.0
1737X,Kazakhstan,3,0,False,13.5,9614.0,-0.8,19.0,-19.8,1.8,0.0,0.2,12.0,0.0
1737Z,Kazakhstan,2,1,False,13.1,9863.0,14.4,12.0,2.4,2.1,0.06,0.7,41.0,0.0
2448K,Kazakhstan,3,0,False,16.8,6719.0,8.2,5.7,2.5,4.0,0.0,1.2,31.0,23.0
2745C,Kazakhstan,4,0,True,21.1,2288.0,14.4,11.2,3.2,2.7,0.16,1.5,48.0,43.0
17297F,Kazakhstan,2,0,False,16.5,7030.0,7.9,14.7,-6.7,2.5,0.0,0.9,26.0,26.0
1902B,California,3,0,False,16.8,6719.0,4.0,6.3,-2.3,3.1,0.05,1.0,20.0,0.0
1902G,California,4,0,False,18.1,5246.0,5.1,8.2,-3.1,1.7,0.0,0.8,20.0,0.0
1902P,California,3,0,False,7.6,11688.0,1.0,8.2,-7.2,1.7,0.0,0.6,5.0,0.0
1902S,California,5,0,False,19.2,4071.0,8.4,4.7,3.7,3.8,0.0,1.4,25.0,0.0
1902Z,California,4,0,False,18.9,4403.0,4.6,9.5,-4.9,2.3,0.0,0.8,12.0,0.0
9328Y,California,4,0,False,20.0,3301.0,6.2,8.0,-1.7,3.0,0.08,1.1,27.0,0.0
12500B,California,4,0,False,17.4,6052.0,6.1,9.5,-3.4,1.7,0.04,0.8,19.0,0.0
12500G,California,4,0,False,15.3,8218.0,3.8,8.6,-4.8,2.1,0.04,0.9,6.0,0.0
20132B,California,9,2,True,23.8,654.0,16.5,7.8,8.7,3.9,0.16,1.6,56.0,15.0
20132C,California,6,1,False,20.7,2629.0,9.5,8.5,1.0,1.8,0.03,1.0,33.0,0.0
20132D,California,3,0,False,17.6,5826.0,8.2,6.9,1.2,3.1,0.0,1.0,25.0,0.0
22906A,California,3,0,False,17.1,6385.0,8.7,7.0,1.7,3.0,0.08,1.1,26.0,0.0
29760A,California,6,0,True,24.5,413.0,20.1,4.2,15.9,3.9,0.06,1.9,46.0,21.0
29760B,California,5,0,False,19.2,4071.0,5.5,7.1,-1.5,2.4,0.0,0.9,18.0,0.0
29760D,California,8,2,True,24.3,477.0,19.8,6.6,13.2,4.5,0.26,1.8,47.0,21.0
29760E,California,6,0,True,23.9,611.0,15.1,7.1,8.0,4.2,0.09,1.7,39.0,8.0
30706A,California,2,0,False,16.7,6828.0,4.1,8.9,-4.8,2.4,0.0,0.8,8.0,0.0
51215A,California,2,0,False,15.8,7698.0,4.6,9.7,-5.0,3.0,0.06,0.9,24.0,0.0
53815A,California,4,0,False,17.5,5947.0,2.7,7.2,-4.5,3.1,0.04,0.9,6.0,0.0
53815D,California,4,0,False,20.2,3106.0,8.0,4.0,3.9,2.8,0.04,1.4,21.0,0.0
53815K,California,5,0,False,21.2,2203.0,10.3,7.7,2.6,2.5,0.0,1.1,19.0,0.0
95460A,California,2,0,False,15.9,7599.0,6.6,11.7,-5.1,2.1,0.0,0.6,22.0,0.0
96740A,California,3,0,False,17.4,6052.0,2.5,6.1,-3.6,2.1,0.0,0.9,4.0,0.0
8862A,Türkiye,3,0,False,17.5,5947.0,7.7,10.3,-2.6,2.9,0.0,1.0,15.0,0.0
11106A,Türkiye,4,0,False,15.8,7698.0,8.1,11.5,-3.4,3.9,0.05,0.8,22.0,3.0
11543G,Türkiye,5,0,False,20.0,3301.0,11.6,6.3,5.2,3.8,0.04,1.6,25.0,10.0
15001T,Türkiye,5,0,False,16.9,6599.0,7.0,6.9,0.1,2.7,0.03,1.0,23.0,0.0
16232A,Türkiye,4,0,False,16.7,6828.0,6.3,13.4,-7.1,1.6,0.0,0.7,5.0,0.0
18416S,Türkiye,5,0,False,15.3,8218.0,3.4,10.5,-7.1,1.4,0.0,0.7,9.0,0.0
18634D,Türkiye,5,0,False,15.6,7907.0,2.2,11.4,-9.1,2.6,0.0,0.8,2.0,0.0
19190T,Türkiye,7,0,True,24.7,368.0,14.1,7.2,6.9,4.1,0.0,1.7,42.0,14.0
20230T,Türkiye,7,0,True,22.6,1250.0,16.4,9.3,7.1,3.0,0.06,1.6,46.0,30.0
21190Z,Türkiye,3,0,False,16.6,6924.0,3.9,5.4,-1.5,3.1,0.0,1.2,18.0,3.0
22911M,Türkiye,7,0,True,20.2,3106.0,12.2,7.6,4.6,3.4,0.04,1.4,36.0,7.0
26622B,Türkiye,5,0,False,16.6,6924.0,6.3,13.9,-7.6,1.9,0.0,0.6,34.0,26.0
28390T,Türkiye,4,0,False,16.9,6599.0,6.5,10.4,-3.9,2.7,0.0,1.0,14.0,3.0
33900A,Türkiye,4,0,True,15.2,8308.0,4.1,11.6,-7.4,2.7,0.0,0.7,24.0,0.0
33900B,Türkiye,3,0,False,16.5,7030.0,11.0,11.0,0.0,3.5,0.1,1.1,31.0,5.0
34001A,Türkiye,4,0,False,24.3,477.0,21.2,7.3,13.9,5.7,0.24,2.2,42.0,40.0
34001B,Türkiye,6,0,True,21.7,1822.0,13.2,7.0,6.2,3.1,0.11,1.5,54.0,37.0
34035A,Türkiye,5,0,False,18.3,5032.0,10.0,8.8,1.1,2.7,0.04,0.9,34.0,12.0
34067A,Türkiye,4,0,False,15.4,8109.0,4.0,15.6,-11.5,2.1,0.0,0.4,19.0,3.0
34100A,Türkiye,6,0,False,24.6,390.0,16.3,5.0,11.3,3.6,0.04,1.8,46.0,28.0
34100B,Türkiye,5,0,False,18.4,4926.0,8.4,7.3,1.0,2.9,0.0,1.2,43.0,13.0
34444A,Türkiye,6,0,False,18.3,5032.0,6.1,8.7,-2.6,2.3,0.0,0.9,11.0,0.0
34589A,Türkiye,3,0,False,17.7,5708.0,11.0,11.7,-0.7,3.1,0.05,0.9,32.0,14.0
34999A,Türkiye,2,0,False,14.5,8904.0,7.0,12.8,-5.8,3.4,0.0,0.5,12.0,3.0
41207B,Türkiye,4,0,False,14.6,8819.0,7.6,11.8,-4.2,2.6,0.0,0.6,3.0,3.0
46262X,Türkiye,3,0,False,15.9,7599.0,7.4,9.1,-1.7,2.8,0.0,1.0,25.0,5.0
54437A,Türkiye,4,0,False,13.6,9542.0,3.4,6.6,-3.1,2.4,0.0,0.6,10.0,0.0
57570A,Türkiye,4,0,False,15.3,8218.0,4.5,7.3,-2.9,2.9,0.0,0.7,10.0,0.0
59001A,Türkiye,6,0,True,22.2,1468.0,12.5,9.8,2.7,4.1,0.29,1.8,45.0,34.0
63840R,Türkiye,4,0,False,19.2,4071.0,14.0,6.5,7.5,1.9,0.0,1.3,44.0,3.0
63840T,Türkiye,4,0,False,20.0,3301.0,11.0,6.7,4.4,3.0,0.0,1.2,32.0,18.0
71080V,Türkiye,4,0,False,14.8,8669.0,5.5,9.0,-3.6,1.9,0.0,0.7,10.0,0.0
74598F,Türkiye,3,0,False,15.2,8308.0,2.1,11.5,-9.4,1.7,0.0,0.6,5.0,0.0
86840B,Türkiye,4,0,False,21.6,1885.0,9.1,8.3,0.8,2.9,0.0,0.9,23.0,3.0
86840C,Türkiye,4,0,False,16.9,6599.0,4.2,14.5,-10.3,1.3,0.0,0.9,18.0,0.0
86840M,Türkiye,5,0,False,21.0,2371.0,8.1,9.1,-0.9,2.2,0.0,0.9,27.0,3.0
90622B,Türkiye,5,0,False,19.3,3976.0,9.2,8.2,1.0,1.6,0.05,0.9,29.0,14.0
92320T,Türkiye,5,0,False,18.0,5344.0,13.9,9.3,4.6,3.8,0.0,1.1,42.0,32.0
92320X,Türkiye,5,0,False,21.8,1761.0,11.2,8.0,3.2,3.2,0.0,1.3,44.0,23.0
343X,District of Columbia,9,3,True,22.9,1042.0,15.3,8.6,6.7,3.5,0.1,1.5,32.0,0.0
2961F,District of Columbia,3,0,False,15.9,7599.0,5.4,5.6,-0.2,2.2,0.0,1.1,5.0,0.0
11555A,District of Columbia,3,0,False,17.3,6161.0,3.0,9.5,-6.5,1.7,0.0,0.7,25.0,0.0
11555B,District of Columbia,5,0,True,17.4,6052.0,3.1,13.6,-10.4,2.2,0.07,0.6,20.0,0.0
17760X,District of Columbia,6,0,True,20.2,3106.0,9.8,8.4,1.3,3.2,0.04,1.4,21.0,0.0
19800A,District of Columbia,4,0,False,18.4,4926.0,10.6,5.0,5.6,3.3,0.0,1.2,26.0,16.0
4862E,Ontario,2,0,False,16.2,7317.0,12.0,15.1,-3.0,2.8,0.0,1.0,27.0,0.0
9651A,Ontario,4,0,False,19.6,3703.0,12.1,11.0,1.1,2.8,0.2,1.2,39.0,15.0
16868Z,Ontario,9,3,False,23.2,895.0,17.1,9.9,7.1,3.7,0.1,1.6,53.0,43.0
40404Y,Ontario,2,0,False,17.3,6161.0,8.0,10.5,-2.5,3.2,0.06,1.1,26.0,5.0
814K,Pennsylvania,7,0,False,21.4,2059.0,5.8,4.3,1.4,3.1,0.02,1.2,20.0,10.0
814N,Pennsylvania,7,0,False,20.6,2734.0,7.4,6.6,0.8,3.1,0.0,1.0,26.0,0.0
814S,Pennsylvania,7,0,False,21.8,1761.0,8.3,7.9,0.3,2.6,0.0,1.2,19.0,3.0
1462A,Pennsylvania,4,0,False,20.0,3301.0,11.0,7.0,4.0,4.3,0.04,1.4,29.0,13.0
1462B,Pennsylvania,4,0,False,19.1,4178.0,6.7,7.3,-0.6,2.1,0.0,1.0,33.0,10.0
3260A,Pennsylvania,5,0,False,21.2,2203.0,10.5,5.0,5.5,3.7,0.07,1.4,31.0,0.0
3260H,Pennsylvania,5,0,False,19.9,3397.0,9.8,7.6,2.2,3.1,0.0,1.1,25.0,3.0
3260P,Pennsylvania,4,0,False,19.7,3601.0,13.3,6.4,6.8,3.2,0.0,1.4,34.0,0.0
3260R,Pennsylvania,6,0,False,18.5,4820.0,5.2,7.8,-2.6,2.8,0.0,1.0,28.0,0.0
3260S,Pennsylvania,5,0,False,22.0,1618.0,12.1,6.6,5.5,3.3,0.0,1.5,32.0,10.0
3260Z,Pennsylvania,4,0,False,20.2,3106.0,7.6,10.4,-2.9,2.7,0.0,0.8,22.0,3.0
11921A,Pennsylvania,4,0,False,21.0,2371.0,9.8,6.2,3.6,3.4,0.07,1.2,26.0,16.0
11921C,Pennsylvania,4,0,False,16.8,6719.0,5.9,10.4,-4.5,2.0,0.03,0.7,20.0,10.0
11921F,Pennsylvania,4,0,False,20.3,3012.0,8.4,9.3,-0.8,3.1,0.0,1.0,18.0,5.0
13756A,Pennsylvania,4,0,False,21.1,2288.0,12.0,4.3,7.7,3.9,0.04,1.2,36.0,8.0
13756B,Pennsylvania,4,0,False,20.9,2458.0,5.8,9.6,-3.8,1.9,0.0,1.0,26.0,0.0
13756C,Pennsylvania,4,0,False,15.6,7907.0,1.8,8.3,-6.5,2.7,0.0,0.6,23.0,3.0
14082A,Pennsylvania,6,0,False,20.5,2838.0,6.6,5.6,0.9,3.2,0.02,1.2,21.0,0.0
14444A,Pennsylvania,4,0,False,21.5,1966.0,8.2,7.8,0.4,2.5,0.0,1.4,32.0,8.0
15801A,Pennsylvania,4,0,False,20.9,2458.0,9.6,5.0,4.6,3.7,0.07,1.4,34.0,10.0
15801B,Pennsylvania,4,0,False,17.7,5708.0,3.3,10.0,-6.7,2.9,0.04,0.9,21.0,0.0
15801C,Pennsylvania,5,1,False,19.0,4293.0,6.0,8.9,-2.9,2.7,0.0,0.8,33.0,12.0
15801E,Pennsylvania,6,1,True,24.9,312.0,13.6,5.8,7.9,3.4,0.0,1.4,46.0,37.0
15801F,Pennsylvania,4,0,False,19.6,3703.0,7.6,6.0,1.7,3.8,0.07,1.2,29.0,6.0
16346U,Pennsylvania,5,0,False,17.6,5826.0,2.1,7.0,-4.9,2.2,0.0,1.0,20.0,0.0
16346W,Pennsylvania,6,0,True,23.2,895.0,16.0,4.2,11.8,3.9,0.06,1.7,43.0,12.0
16346X,Pennsylvania,6,0,True,24.9,312.0,14.8,3.4,11.5,4.0,0.06,1.8,40.0,4.0
16438C,Pennsylvania,5,0,False,19.3,3976.0,4.6,7.8,-3.2,2.2,0.0,1.0,23.0,10.0
16438U,Pennsylvania,5,0,False,17.8,5588.0,8.5,10.4,-1.9,2.6,0.0,0.7,28.0,15.0
21468A,Pennsylvania,3,0,False,17.8,5588.0,5.0,10.6,-5.6,2.0,0.05,1.0,20.0,8.0
32219A,Pennsylvania,5,0,False,19.8,3501.0,9.0,4.8,4.2,2.6,0.03,1.3,44.0,3.0
32219B,Pennsylvania,5,0,False,18.8,4503.0,5.5,9.0,-3.5,2.3,0.0,0.8,28.0,3.0
32219C,Pennsylvania,5,0,False,19.1,4178.0,5.6,8.1,-2.5,2.1,0.0,1.1,35.0,3.0
32767A,Pennsylvania,4,0,True,22.2,1468.0,20.3,4.6,15.7,4.1,0.07,1.7,50.0,35.0
48580A,Pennsylvania,6,0,False,18.6,4715.0,2.3,8.7,-6.4,2.0,0.0,0.7,20.0,0.0
48580B,Pennsylvania,6,0,False,20.8,2544.0,6.9,4.5,2.5,4.3,0.02,1.3,26.0,3.0
48580C,Pennsylvania,6,0,False,17.3,6161.0,2.6,7.2,-4.6,2.2,0.0,0.7,23.0,3.0
52575C,Pennsylvania,6,0,True,23.5,767.0,17.0,6.3,10.7,3.0,0.11,1.4,45.0,9.0
55286A,Pennsylvania,10,4,False,24.8,334.0,16.4,9.3,7.1,3.1,0.17,1.7,48.0,25.0
56238A,Pennsylvania,5,0,False,19.5,3781.0,4.1,6.8,-2.7,2.2,0.0,0.9,23.0,3.0
58690A,Pennsylvania,5,0,False,13.6,9542.0,2.8,9.6,-6.8,1.8,0.0,0.5,20.0,0.0
65280A,Pennsylvania,4,0,True,21.5,1966.0,8.6,6.4,2.2,3.7,0.05,1.2,40.0,21.0
65524A,Pennsylvania,3,0,False,19.7,3601.0,8.6,8.3,0.3,3.8,0.05,1.1,31.0,14.0
65524B,Pennsylvania,3,0,False,19.7,3601.0,7.8,7.9,-0.1,3.8,0.0,1.3,29.0,0.0
71161A,Pennsylvania,3,0,False,20.6,2734.0,9.8,4.7,5.1,3.8,0.0,1.5,32.0,5.0
71161B,Pennsylvania,3,0,False,16.8,6719.0,3.4,8.5,-5.1,2.2,0.05,0.7,29.0,3.0
79163B,Pennsylvania,6,0,False,20.9,2458.0,6.4,7.1,-0.7,2.9,0.0,1.0,27.0,0.0
79163D,Pennsylvania,8,1,True,24.4,446.0,17.6,9.2,8.4,3.3,0.17,1.6,39.0,22.0
79163F,Pennsylvania,5,0,False,17.9,5478.0,3.1,7.9,-4.8,2.6,0.0,0.8,23.0,0.0
174B,New York,3,0,False,14.9,8566.0,1.7,14.4,-12.8,1.9,0.0,0.4,10.0,0.0
174C,New York,3,0,False,15.7,7812.0,3.2,11.7,-8.6,2.9,0.0,0.5,15.0,0.0
174D,New York,3,0,False,16.4,7127.0,4.2,12.0,-7.8,2.6,0.0,0.8,20.0,0.0
174E,New York,2,0,False,10.6,11002.0,4.0,14.8,-10.8,1.5,0.0,0.3,8.0,0.0
1716A,New York,5,0,False,21.6,1885.0,7.5,8.1,-0.6,2.6,0.0,1.2,24.0,9.0
1716B,New York,4,0,False,17.4,6052.0,7.7,10.9,-3.2,2.7,0.07,0.9,21.0,3.0
1716M,New York,5,0,False,18.7,4605.0,6.9,10.0,-3.1,1.8,0.0,0.9,36.0,0.0
1757A,New York,4,0,False,21.0,2371.0,10.6,9.8,0.8,2.8,0.11,1.2,25.0,9.0
1870B,New York,4,0,False,16.9,6599.0,4.4,10.4,-6.0,2.5,0.0,0.9,23.0,0.0
1870D,New York,4,0,False,16.7,6828.0,2.4,10.3,-7.9,1.6,0.0,0.8,18.0,0.0
1870E,New York,4,0,False,14.6,8819.0,2.1,8.7,-6.6,1.9,0.0,0.9,19.0,0.0
1870F,New York,3,0,False,15.3,8218.0,4.0,9.2,-5.2,2.2,0.0,0.8,27.0,0.0
3699A,New York,2,0,False,13.6,9542.0,4.2,10.8,-6.6,2.6,0.07,0.9,18.0,0.0
4171A,New York,3,0,False,16.9,6599.0,10.4,8.8,1.5,3.5,0.0,1.1,22.0,11.0
5111A,New York,4,0,False,18.0,5344.0,11.3,10.2,1.1,2.4,0.12,1.1,26.0,0.0
5111B,New York,4,0,False,20.4,2925.0,7.2,5.7,1.5,4.3,0.12,1.5,22.0,0.0
5111C,New York,4,0,False,16.0,7504.0,6.4,10.4,-4.0,1.3,0.0,0.5,28.0,0.0
5111D,New York,4,0,False,15.7,7812.0,4.6,9.1,-4.5,2.4,0.06,1.0,13.0,0.0
5501B,New York,3,0,False,18.0,5344.0,7.1,8.2,-1.1,3.4,0.05,1.0,26.0,8.0
5501C,New York,3,0,False,17.0,6492.0,8.3,9.5,-1.2,3.0,0.0,1.0,23.0,0.0
5501D,New York,3,0,False,17.3,6161.0,9.7,9.4,0.4,3.0,0.07,1.0,24.0,3.0
5501X,New York,3,0,False,20.9,2458.0,12.4,5.0,7.4,3.7,0.09,1.5,24.0,0.0
6527A,New York,4,0,False,17.7,5708.0,12.4,11.2,1.2,2.8,0.0,1.0,43.0,23.0
6527B,New York,4,0,False,20.6,2734.0,9.9,8.9,1.0,3.4,0.07,1.4,40.0,15.0
7157A,New York,9,0,True,26.5,67.0,13.6,6.1,7.4,3.5,0.12,1.7,40.0,36.0
7157B,New York,7,0,False,22.7,1176.0,9.8,6.8,3.0,2.9,0.04,1.2,37.0,17.0
7157D,New York,7,0,False,20.7,2629.0,7.3,9.4,-2.1,2.8,0.0,1.1,32.0,8.0
7157M,New York,8,0,False,21.1,2288.0,9.6,7.4,2.3,3.1,0.04,1.2,33.0,7.0
7157S,New York,7,0,False,18.8,4503.0,3.5,8.9,-5.3,2.4,0.04,0.7,19.0,0.0
7157V,New York,8,0,False,22.4,1363.0,10.1,7.9,2.2,3.1,0.0,1.2,33.0,8.0
7157X,New York,7,0,False,19.4,3876.0,4.5,11.2,-6.6,2.2,0.02,0.8,23.0,3.0
7157Z,New York,8,0,False,23.1,942.0,9.3,6.1,3.2,2.6,0.04,1.0,33.0,8.0
8746A,New York,7,0,False,23.5,767.0,11.6,7.1,4.5,3.4,0.02,1.4,33.0,13.0
8746B,New York,7,0,False,19.3,3976.0,6.3,7.9,-1.5,2.6,0.0,1.1,23.0,0.0
8828A,New York,3,0,False,19.9,3397.0,11.9,11.2,0.7,3.5,0.13,1.2,27.0,3.0
8876C,New York,6,0,False,21.9,1688.0,11.2,8.4,2.7,2.9,0.02,1.2,36.0,13.0
8876E,New York,5,0,False,20.9,2458.0,7.3,8.1,-0.8,2.8,0.0,1.1,32.0,0.0
12801B,New York,2,0,False,13.4,9664.0,1.9,8.0,-6.1,1.8,0.07,0.7,8.0,8.0
12946Z,New York,3,0,False,20.9,2458.0,16.9,7.0,9.9,3.8,0.13,1.5,28.0,0.0
13460B,New York,6,0,False,25.1,262.0,14.4,5.8,8.5,3.3,0.05,1.6,47.0,13.0
13460D,New York,4,0,False,20.3,3012.0,7.8,11.2,-3.4,3.0,0.0,0.9,18.0,0.0
14711A,New York,4,0,False,21.3,2133.0,12.5,7.7,4.8,3.8,0.08,1.3,25.0,16.0
14711B,New York,5,0,True,24.0,566.0,20.2,5.3,14.9,4.2,0.04,1.5,50.0,17.0
14711C,New York,3,0,False,19.2,4071.0,7.3,7.1,0.1,4.4,0.0,1.2,9.0,0.0
14770A,New York,3,0,False,18.6,4715.0,10.5,7.5,3.0,3.0,0.0,1.3,19.0,0.0
14807A,New York,3,0,False,17.6,5826.0,12.6,10.3,2.3,3.7,0.1,1.1,34.0,6.0
14895A,New York,6,0,False,25.1,262.0,14.3,5.3,8.9,3.3,0.11,1.6,35.0,31.0
14895B,New York,6,0,False,18.3,5032.0,4.3,12.4,-8.1,2.2,0.03,0.5,26.0,8.0
14895C,New York,6,0,False,18.5,4820.0,4.8,9.1,-4.3,2.4,0.0,0.7,20.0,0.0
14895D,New York,6,0,False,19.0,4293.0,6.0,7.3,-1.2,3.0,0.0,0.9,20.0,0.0
15796C,New York,2,0,False,13.0,9917.0,4.8,9.8,-5.0,2.6,0.0,0.6,11.0,0.0
23241A,New York,4,0,False,15.4,8109.0,4.1,11.1,-7.0,2.2,0.07,0.6,26.0,0.0
23241B,New York,4,0,False,14.0,9278.0,5.5,9.0,-3.5,2.9,0.09,0.8,4.0,0.0
23241C,New York,4,0,False,17.1,6385.0,2.7,8.2,-5.6,2.6,0.0,0.9,6.0,0.0
26455A,New York,4,0,False,19.5,3781.0,11.8,10.6,1.3,3.3,0.05,1.3,34.0,3.0
34000S,New York,5,0,False,24.0,566.0,12.1,7.5,4.6,4.2,0.18,1.7,34.0,0.0
34000T,New York,5,0,False,18.9,4403.0,8.5,11.5,-3.0,3.4,0.07,1.1,26.0,8.0
34000Z,New York,5,0,False,22.0,1618.0,12.9,8.4,4.5,4.2,0.18,1.6,34.0,3.0
34087A,New York,3,0,False,17.7,5708.0,10.6,6.8,3.8,4.0,0.0,1.1,23.0,0.0
53417P,New York,4,0,False,25.8,138.0,19.6,5.5,14.1,6.0,0.04,2.0,38.0,7.0
53417X,New York,4,0,False,19.9,3397.0,9.2,11.7,-2.5,3.1,0.14,1.0,21.0,0.0
53999G,New York,6,0,False,18.7,4605.0,6.0,11.2,-5.2,2.2,0.0,0.7,23.0,0.0
53999H,New York,5,0,False,13.5,9614.0,2.1,15.0,-12.9,2.1,0.0,0.4,26.0,0.0
53999P,New York,7,0,True,27.0,33.0,22.2,6.7,15.5,4.3,0.2,2.0,50.0,28.0
61775B,New York,2,0,False,15.1,8403.0,2.6,8.5,-5.9,2.1,0.0,0.8,11.0,0.0
64040A,New York,6,0,False,18.6,4715.0,5.5,7.5,-2.0,2.5,0.03,0.8,40.0,0.0
64040B,New York,7,0,True,23.6,730.0,12.8,5.6,7.2,3.5,0.11,1.5,36.0,17.0
64783A,New York,6,0,True,24.2,511.0,14.1,6.5,7.6,4.0,0.12,1.5,23.0,0.0
64783B,New York,5,0,False,21.5,1966.0,14.8,5.8,9.0,3.0,0.03,1.2,34.0,0.0
64783C,New York,5,0,False,22.0,1618.0,9.5,6.4,3.2,3.2,0.12,1.3,31.0,3.0
64820A,New York,5,0,True,20.4,2925.0,9.4,5.1,4.3,2.9,0.0,1.2,23.0,15.0
64820B,New York,4,0,False,17.7,5708.0,5.3,9.7,-4.4,2.0,0.0,0.8,12.0,0.0
84207A,New York,5,0,False,19.2,4071.0,10.0,8.5,1.5,2.4,0.0,1.0,35.0,0.0
1170B,Berlin,2,0,False,14.1,9191.0,-0.7,13.6,-14.3,2.6,0.0,0.5,18.0,0.0
15444A,Niedersachsen,2,0,False,14.3,9041.0,4.7,11.5,-6.8,3.6,0.0,0.8,16.0,0.0
15444B,Niedersachsen,2,0,False,12.6,10146.0,1.2,18.5,-17.3,3.0,0.0,0.6,4.0,0.0
35993A,Rheinland-Pfalz,7,0,True,25.1,262.0,23.2,3.2,20.1,4.9,0.15,2.0,40.0,35.0
35993B,Rheinland-Pfalz,7,0,True,23.7,695.0,18.3,6.3,11.9,3.5,0.12,1.5,46.0,17.0
48952E,Berlin,2,0,False,10.0,11177.0,5.2,10.8,-5.6,2.0,0.0,0.7,16.0,8.0
48952G,Berlin,2,0,False,10.4,11053.0,7.5,16.8,-9.3,1.8,0.0,0.7,36.0,12.0
66497A,Berlin,3,0,True,21.2,2203.0,19.6,7.4,12.3,3.8,0.0,1.5,39.0,24.0
73447A,Baden-Württemberg,5,0,False,20.4,2925.0,9.8,11.6,-1.9,2.8,0.0,0.9,43.0,10.0
76565A,Brandenburg,2,0,False,18.0,5344.0,17.3,8.8,8.5,3.8,0.0,1.7,33.0,18.0
34012C,Idaho,6,0,False,21.0,2371.0,10.4,5.4,5.0,3.1,0.0,1.1,36.0,10.0
1588A,Idaho,2,0,False,18.3,5032.0,2.2,4.2,-2.1,2.4,0.0,1.0,18.0,0.0
1588B,Idaho,3,0,False,17.9,5478.0,3.7,7.3,-3.6,2.7,0.0,0.8,26.0,0.0
1588H,Idaho,2,0,False,20.0,3301.0,6.8,4.7,2.1,3.6,0.0,1.1,27.0,3.0
1588J,Idaho,3,0,False,22.7,1176.0,15.2,6.2,9.0,2.5,0.0,1.3,38.0,8.0
1588N,Idaho,2,0,False,22.8,1104.0,9.3,1.8,7.5,4.2,0.0,1.6,23.0,3.0
1588X,Idaho,2,0,False,16.5,7030.0,1.0,6.6,-5.6,2.2,0.0,0.8,10.0,0.0
4647A,Idaho,5,0,False,16.0,7504.0,6.4,12.6,-6.2,1.6,0.0,0.7,24.0,3.0
5689B,Idaho,7,0,True,24.6,390.0,16.8,7.3,9.5,4.0,0.09,1.5,44.0,28.0
5689C,Idaho,6,0,False,21.5,1966.0,11.7,7.8,4.0,3.1,0.0,1.0,38.0,3.0
5689E,Idaho,6,0,False,20.3,3012.0,4.7,6.0,-1.3,2.7,0.0,0.9,39.0,10.0
9551A,Idaho,3,0,False,18.0,5344.0,5.0,12.7,-7.7,2.2,0.0,0.7,20.0,5.0
9551B,Idaho,3,0,False,19.1,4178.0,9.8,7.8,2.0,3.8,0.0,1.1,29.0,1.0
9551C,Idaho,3,0,False,14.1,9191.0,2.5,16.6,-14.1,2.4,0.0,0.5,15.0,0.0
9551D,Idaho,3,0,False,14.5,8904.0,4.3,15.9,-11.6,2.5,0.0,0.4,23.0,5.0
9551F,Idaho,3,0,False,15.8,7698.0,4.0,9.7,-5.7,2.7,0.0,0.6,20.0,0.0
9551G,Idaho,3,0,False,14.7,8742.0,5.9,16.1,-10.2,1.8,0.05,0.5,20.0,0.0
9776A,Idaho,6,0,False,19.8,3501.0,10.6,9.8,0.8,1.8,0.0,1.0,38.0,0.0
9776B,Idaho,5,0,False,21.8,1761.0,13.7,6.3,7.5,2.4,0.09,1.5,35.0,22.0
9776C,Idaho,5,0,False,20.4,2925.0,9.9,7.5,2.4,2.8,0.06,1.3,32.0,0.0
9776D,Idaho,5,0,False,17.1,6385.0,4.1,11.6,-7.5,2.2,0.12,1.0,16.0,8.0
9776G,Idaho,4,0,False,17.2,6264.0,6.6,11.0,-4.4,1.8,0.15,0.8,23.0,5.0
11777A,Idaho,8,1,True,21.9,1688.0,9.1,8.8,0.3,3.2,0.04,1.2,38.0,32.0
11777B,Idaho,7,0,False,19.0,4293.0,3.7,10.0,-6.3,2.1,0.02,0.9,18.0,0.0
11777C,Idaho,11,3,True,27.1,26.0,24.3,8.3,16.0,4.2,0.22,1.9,61.0,48.0
11777X,Idaho,8,1,False,23.8,654.0,11.6,8.7,2.9,3.1,0.12,1.4,29.0,24.0
11777Y,Idaho,8,0,True,22.6,1250.0,10.3,7.9,2.4,2.9,0.02,1.3,45.0,34.0
34012A,Idaho,6,0,False,20.2,3106.0,5.3,8.3,-3.0,3.4,0.0,0.9,27.0,4.0
63031A,Idaho,6,1,False,23.1,942.0,11.2,8.5,2.7,3.3,0.02,1.3,36.0,10.0
63031B,Idaho,7,1,True,22.8,1104.0,13.0,10.0,3.1,3.3,0.0,1.1,42.0,18.0
63031D,Idaho,6,1,False,21.4,2059.0,6.4,8.7,-2.3,2.4,0.02,0.8,33.0,0.0
63031Z,Idaho,6,1,False,22.8,1104.0,7.0,8.0,-1.0,2.7,0.02,1.0,27.0,8.0
415A,South Carolina,4,0,False,19.1,4178.0,8.9,7.4,1.5,3.2,0.08,1.4,28.0,17.0
415C,South Carolina,4,0,False,18.5,4820.0,7.3,8.2,-0.9,2.7,0.08,1.2,27.0,31.0
415D,South Carolina,4,0,False,19.5,3781.0,11.0,6.6,4.4,3.6,0.04,1.2,39.0,17.0
415J,South Carolina,4,0,False,22.0,1618.0,12.2,8.2,4.0,3.2,0.04,1.4,33.0,15.0
3796A,South Carolina,8,1,False,22.7,1176.0,13.4,9.4,3.9,3.2,0.13,1.3,48.0,29.0
3796B,South Carolina,10,1,True,21.7,1822.0,16.4,11.3,5.1,2.8,0.16,1.5,47.0,36.0
3796D,South Carolina,11,1,True,23.3,854.0,13.4,9.7,3.7,3.1,0.23,1.4,39.0,30.0
3796E,South Carolina,9,1,False,23.8,654.0,13.5,8.2,5.2,3.0,0.17,1.4,47.0,31.0
3796F,South Carolina,11,1,True,26.1,106.0,20.6,7.6,13.0,4.2,0.47,2.1,56.0,49.0
3796G,South Carolina,8,1,False,19.7,3601.0,7.9,11.0,-3.0,2.5,0.05,0.9,28.0,13.0
3796H,South Carolina,9,1,False,24.0,566.0,14.5,8.2,6.4,3.0,0.05,1.4,42.0,30.0
3796J,South Carolina,7,1,False,23.4,811.0,15.6,6.5,9.1,4.0,0.2,1.8,52.0,25.0
3796K,South Carolina,7,1,False,23.5,767.0,15.8,8.6,7.2,3.7,0.27,1.7,49.0,33.0
7432E,South Carolina,6,0,False,20.1,3207.0,8.8,9.4,-0.7,2.7,0.03,1.2,33.0,13.0
7447G,South Carolina,9,1,True,23.3,854.0,12.5,11.3,1.2,2.8,0.14,1.5,50.0,32.0
8926W,South Carolina,12,3,True,25.0,287.0,18.8,6.9,11.8,4.2,0.25,1.8,54.0,57.0
9447A,South Carolina,7,0,False,20.0,3301.0,4.9,8.0,-3.1,2.5,0.02,1.0,36.0,3.0
9447G,South Carolina,7,0,True,23.4,811.0,17.0,7.4,9.6,3.2,0.21,1.8,58.0,47.0
9447W,South Carolina,5,0,False,19.5,3781.0,9.1,10.9,-1.8,1.5,0.03,0.8,37.0,27.0
9623H,South Carolina,7,1,False,19.8,3501.0,7.8,7.8,0.1,2.9,0.05,1.2,36.0,0.0
9623W,South Carolina,8,1,True,22.2,1468.0,13.4,6.3,7.1,3.2,0.11,1.5,51.0,35.0
9880A,South Carolina,7,0,False,21.6,1885.0,9.1,6.1,3.1,3.3,0.17,1.4,37.0,9.0
9880B,South Carolina,7,0,False,19.3,3976.0,5.3,12.8,-7.5,2.3,0.04,0.7,20.0,0.0
21510W,South Carolina,6,0,False,21.2,2203.0,13.1,11.2,1.9,2.8,0.24,1.2,49.0,37.0
21510Y,South Carolina,5,0,False,19.3,3976.0,5.7,10.0,-4.3,3.1,0.0,1.0,29.0,11.0
26468A,South Carolina,7,0,True,20.2,3106.0,6.2,11.7,-5.5,2.9,0.16,1.1,40.0,26.0
26468B,South Carolina,6,0,False,18.9,4403.0,7.9,13.6,-5.8,2.0,0.0,0.8,26.0,25.0
26468C,South Carolina,5,0,False,20.7,2629.0,13.7,11.3,2.4,3.5,0.15,1.4,30.0,11.0
31617A,South Carolina,8,0,False,19.3,3976.0,7.5,11.4,-3.9,2.5,0.03,0.7,36.0,9.0
31617Z,South Carolina,8,1,False,25.0,287.0,16.2,9.6,6.6,4.0,0.2,1.6,41.0,24.0
44252A,South Carolina,9,1,True,24.9,312.0,18.9,8.3,10.6,3.9,0.38,1.9,48.0,31.0
44252C,South Carolina,7,1,False,22.6,1250.0,11.8,10.7,1.1,3.1,0.06,1.3,43.0,27.0
44252R,South Carolina,10,1,True,19.8,3501.0,6.7,14.0,-7.3,2.1,0.02,0.6,37.0,19.0
65162A,South Carolina,6,0,False,22.0,1618.0,14.0,6.7,7.3,3.0,0.07,1.5,42.0,23.0
65162C,South Carolina,8,2,True,25.3,220.0,17.8,8.5,9.3,3.6,0.35,1.7,53.0,44.0
79267S,South Carolina,8,1,False,22.2,1468.0,10.8,6.6,4.2,2.8,0.06,1.2,29.0,14.0
79267V,South Carolina,6,1,False,21.4,2059.0,14.3,11.2,3.2,2.8,0.12,1.4,49.0,24.0
79267W,South Carolina,7,1,False,21.0,2371.0,10.8,12.9,-2.1,3.3,0.04,1.0,45.0,25.0
86400G,South Carolina,5,0,False,19.4,3876.0,10.7,8.4,2.3,2.8,0.11,1.1,29.0,11.0
95059D,South Carolina,4,0,False,21.2,2203.0,18.6,6.2,12.4,3.1,0.29,1.6,38.0,33.0
1154A,Utah,9,1,False,20.6,2734.0,11.3,14.0,-2.7,2.7,0.22,1.1,36.0,23.0
1154D,Utah,9,1,False,19.5,3781.0,11.8,16.0,-4.2,2.7,0.14,0.9,34.0,23.0
1908B,Utah,8,2,True,21.6,1885.0,15.2,15.9,-0.7,2.8,0.38,1.4,43.0,40.0
1908V,Utah,7,2,False,20.8,2544.0,11.6,13.7,-2.1,2.6,0.17,1.3,39.0,14.0
2054V,Utah,11,3,True,26.7,46.0,22.1,11.5,10.7,4.3,0.46,2.2,61.0,53.0
2131F,Utah,9,1,False,22.5,1313.0,14.6,11.0,3.6,3.0,0.23,1.4,50.0,6.0
2131G,Utah,10,1,False,25.1,262.0,21.8,13.4,8.4,3.8,0.27,1.7,58.0,42.0
2131H,Utah,13,3,True,28.8,1.0,25.2,11.3,13.9,4.7,0.66,2.5,57.0,54.0
2131J,Utah,10,1,False,21.9,1688.0,14.7,14.2,0.5,2.7,0.23,1.3,43.0,25.0
2131N,Utah,12,2,True,22.7,1176.0,16.6,13.2,3.4,3.6,0.39,1.6,55.0,47.0
2131V,Utah,7,1,False,24.0,566.0,22.6,13.1,9.5,4.6,0.57,2.0,57.0,33.0
2131Y,Utah,11,2,False,24.6,390.0,20.0,9.6,10.4,3.6,0.34,1.9,57.0,29.0
2323D,Utah,6,1,False,19.3,3976.0,9.4,15.1,-5.7,2.7,0.11,1.0,36.0,13.0
2323H,Utah,7,1,False,19.3,3976.0,10.9,17.2,-6.3,2.6,0.22,0.9,32.0,20.0
2323V,Utah,8,1,False,20.8,2544.0,11.1,11.4,-0.4,2.8,0.18,1.3,46.0,12.0
2323X,Utah,8,1,False,21.1,2288.0,13.6,12.4,1.2,2.3,0.19,1.2,43.0,29.0
8385A,Utah,8,1,False,22.1,1546.0,13.9,10.0,3.9,3.9,0.21,1.4,41.0,12.0
8385M,Utah,8,1,False,20.6,2734.0,8.6,12.0,-3.3,2.7,0.12,1.0,35.0,19.0
15486N,Utah,7,1,True,23.2,895.0,18.2,11.2,7.0,3.1,0.26,1.5,54.0,38.0
55117J,Utah,11,1,True,21.8,1761.0,13.4,13.5,-0.1,3.0,0.26,1.3,41.0,13.0
84075X,Utah,10,0,False,21.3,2133.0,13.0,10.1,3.0,3.8,0.33,1.3,43.0,24.0
84075Y,Utah,7,0,False,21.1,2288.0,12.4,13.6,-1.1,3.3,0.3,1.4,35.0,14.0
84075Z,Utah,7,0,False,20.2,3106.0,12.3,16.7,-4.5,2.1,0.13,0.8,43.0,8.0
98548C,Utah,15,4,True,24.5,413.0,18.7,8.7,10.0,3.3,0.29,1.7,60.0,48.0
98548D,Utah,15,2,True,23.6,730.0,18.5,13.0,5.5,3.4,0.28,1.7,59.0,43.0
98548H,Utah,13,2,True,24.5,413.0,19.8,10.6,9.3,4.1,0.54,2.0,58.0,49.0
98548K,Utah,14,2,False,23.9,611.0,16.1,10.5,5.6,3.4,0.23,1.6,58.0,27.0
98548M,Utah,12,1,False,22.7,1176.0,12.8,12.8,0.0,3.5,0.27,1.4,48.0,27.0
51191A,Kansas,5,0,False,17.8,5588.0,0.8,5.4,-4.6,2.6,0.0,0.8,20.0,5.0
106A,Texas,7,1,True,22.1,1546.0,15.2,6.9,8.3,3.5,0.07,1.4,51.0,28.0
106X,Texas,5,0,False,22.7,1176.0,16.2,10.4,5.7,3.2,0.18,1.3,36.0,26.0
597B,Texas,9,0,False,20.9,2458.0,6.4,10.5,-4.2,2.3,0.02,1.0,40.0,8.0
597C,Texas,8,0,False,22.4,1363.0,11.7,7.0,4.7,2.5,0.02,1.1,39.0,5.0
597D,Texas,8,0,False,21.8,1761.0,9.9,8.6,1.3,2.9,0.04,1.1,44.0,12.0
1585B,Texas,8,0,True,26.5,67.0,22.2,7.7,14.6,3.7,0.24,2.0,55.0,30.0
1585Z,Texas,11,0,False,23.0,986.0,14.5,9.7,4.8,3.2,0.01,1.4,36.0,24.0
3350A,Texas,11,1,False,23.4,811.0,10.7,7.9,2.8,3.2,0.02,1.2,38.0,4.0
3350B,Texas,12,1,True,23.1,942.0,9.7,8.0,1.7,2.3,0.02,1.2,35.0,14.0
3350C,Texas,12,1,True,22.5,1313.0,16.1,7.6,8.5,2.7,0.08,1.4,35.0,15.0
3691C,Texas,3,0,False,20.4,2925.0,15.1,11.3,3.8,1.3,0.14,1.4,31.0,1.0
4148S,Texas,13,1,True,22.9,1042.0,10.8,6.3,4.5,3.2,0.1,1.5,40.0,7.0
4148Z,Texas,10,1,True,26.5,67.0,20.2,8.7,11.6,4.5,0.27,1.9,47.0,38.0
8514B,Texas,5,0,False,19.5,3781.0,6.5,12.2,-5.7,2.0,0.0,1.0,14.0,0.0
9189X,Texas,9,2,True,26.6,54.0,22.3,8.6,13.7,4.1,0.27,2.1,61.0,45.0
9950X,Texas,6,0,False,20.7,2629.0,8.6,11.4,-2.8,2.7,0.0,1.0,34.0,9.0
12169A,Texas,3,0,False,17.5,5947.0,11.2,13.2,-2.0,2.3,0.0,0.8,39.0,21.0
13974A,Texas,8,0,False,24.8,334.0,13.9,6.1,7.8,3.9,0.12,1.6,41.0,15.0
16645D,Texas,8,0,False,23.8,654.0,16.2,9.6,6.6,3.2,0.06,1.2,43.0,10.0
16756A,Texas,9,0,True,26.1,106.0,17.9,5.7,12.2,4.2,0.19,1.9,56.0,37.0
16756B,Texas,9,0,True,22.6,1250.0,11.4,8.4,3.0,3.8,0.13,1.4,33.0,11.0
20480J,Texas,5,0,False,15.8,7698.0,4.8,8.0,-3.2,2.2,0.05,0.9,28.0,10.0
20480S,Texas,11,0,True,23.8,654.0,15.0,9.1,5.9,3.9,0.19,1.4,46.0,34.0
20480Y,Texas,9,0,True,26.6,54.0,20.6,7.6,13.0,4.0,0.26,2.0,56.0,46.0
32410C,Texas,8,0,False,23.3,854.0,15.4,8.3,7.2,3.9,0.1,1.5,47.0,12.0
32410E,Texas,8,0,False,23.5,767.0,13.3,8.0,5.3,2.7,0.06,1.2,39.0,13.0
36963A,Texas,4,0,False,15.2,8308.0,6.9,11.5,-4.6,2.4,0.0,0.9,37.0,13.0
43272A,Texas,6,0,True,17.4,6052.0,3.0,10.3,-7.3,1.9,0.0,0.6,24.0,3.0
43272Z,Texas,7,0,True,20.7,2629.0,13.4,9.8,3.6,2.7,0.04,1.1,50.0,3.0
70291B,Texas,8,0,False,25.1,262.0,16.2,6.3,9.9,4.0,0.08,1.7,38.0,0.0
75150B,Texas,6,0,False,17.2,6264.0,3.3,16.3,-13.0,1.0,0.0,0.5,24.0,0.0
75160X,Texas,7,0,False,20.7,2629.0,9.8,9.8,-0.1,3.1,0.0,1.1,34.0,6.0
75503A,Texas,9,0,True,22.8,1104.0,11.0,10.1,0.9,2.3,0.02,0.9,38.0,25.0
75503H,Texas,9,0,True,24.7,368.0,15.3,9.0,6.3,3.5,0.05,1.4,45.0,27.0
75503R,Texas,7,0,True,23.3,854.0,10.3,5.4,4.9,2.5,0.05,1.3,36.0,18.0
75503Y,Texas,8,0,False,21.0,2371.0,8.8,9.7,-0.9,2.5,0.07,1.0,33.0,13.0
77711P,Texas,6,0,False,20.8,2544.0,13.1,9.9,3.2,2.7,0.1,1.4,34.0,12.0
77711X,Texas,7,0,True,21.0,2371.0,11.8,10.6,1.1,2.5,0.11,1.3,45.0,43.0
87490A,Texas,7,0,True,26.0,118.0,19.7,6.5,13.1,4.1,0.02,1.8,46.0,23.0
87490F,Texas,4,0,False,21.9,1688.0,7.9,7.6,0.3,2.7,0.0,1.1,30.0,0.0
87490X,Texas,4,0,False,20.4,2925.0,8.4,6.5,1.9,2.7,0.03,1.2,40.0,6.0
87490Z,Texas,7,0,True,25.3,220.0,14.7,5.1,9.6,3.6,0.0,1.6,49.0,0.0
91022B,Texas,7,0,False,17.6,5826.0,7.5,9.3,-1.7,2.9,0.0,0.9,20.0,5.0
91022J,Texas,10,0,True,22.2,1468.0,10.5,11.2,-0.7,2.7,0.04,1.0,41.0,0.0
93530A,Texas,5,0,False,19.3,3976.0,5.8,10.0,-4.3,2.2,0.0,1.0,1.0,0.0
201A,Arizona,3,0,False,20.0,3301.0,11.2,10.4,0.8,2.9,0.04,1.2,23.0,3.0
201E,Arizona,3,0,False,20.1,3207.0,9.8,8.7,1.1,3.2,0.16,1.3,31.0,0.0
538S,Arizona,6,1,True,25.2,240.0,18.8,11.0,7.8,3.5,0.23,1.6,48.0,21.0
781X,Arizona,6,1,True,24.1,542.0,16.6,11.1,5.5,3.6,0.17,1.6,49.0,38.0
937X,Arizona,6,1,True,26.3,89.0,20.8,10.9,9.9,4.8,0.41,2.1,52.0,52.0
1511X,Arizona,6,0,False,23.5,767.0,15.6,9.0,6.6,3.3,0.32,1.5,45.0,18.0
1696X,Arizona,7,0,False,24.2,511.0,15.7,5.1,10.7,3.8,0.08,1.5,43.0,34.0
1696Z,Arizona,8,1,False,23.5,767.0,14.7,7.3,7.4,3.3,0.16,1.3,37.0,19.0
2035X,Arizona,7,0,False,22.8,1104.0,14.7,6.7,8.0,3.6,0.06,1.4,46.0,25.0
2420A,Arizona,7,2,False,21.6,1885.0,10.5,13.1,-2.6,2.0,0.06,0.7,44.0,3.0
2627E,Arizona,12,3,True,26.5,67.0,16.2,10.5,5.6,3.5,0.24,1.6,53.0,47.0
2627X,Arizona,11,2,False,22.9,1042.0,12.2,8.6,3.7,3.3,0.07,1.3,32.0,17.0
2830X,Arizona,6,0,False,22.1,1546.0,7.9,5.9,1.9,3.1,0.05,1.4,41.0,9.0
3344H,Arizona,4,0,False,20.4,2925.0,15.2,12.4,2.8,3.5,0.09,1.5,35.0,22.0
3455V,Arizona,3,0,False,19.7,3601.0,12.2,12.2,0.0,3.0,0.04,1.3,32.0,15.0
5405M,Arizona,5,0,False,18.9,4403.0,5.0,10.9,-5.9,2.5,0.03,0.7,30.0,3.0
6030B,Arizona,5,0,False,19.9,3397.0,11.1,8.1,3.0,2.5,0.1,0.9,43.0,3.0
6030J,Arizona,3,0,False,16.4,7127.0,7.9,11.6,-3.8,2.6,0.09,0.9,23.0,9.0
6030K,Arizona,9,0,True,24.9,312.0,15.3,7.0,8.3,3.9,0.24,2.0,52.0,27.0
6030M,Arizona,5,0,False,19.2,4071.0,9.8,13.1,-3.3,2.5,0.07,1.1,33.0,20.0
6323C,Arizona,5,0,False,20.6,2734.0,13.3,8.6,4.8,3.8,0.09,1.3,41.0,10.0
6323X,Arizona,7,1,True,22.9,1042.0,14.5,7.0,7.5,4.0,0.09,1.5,48.0,25.0
6323Z,Arizona,5,0,False,21.3,2133.0,14.0,9.9,4.0,4.1,0.17,1.4,38.0,22.0
7996D,Arizona,6,0,True,23.0,986.0,18.3,8.9,9.4,3.1,0.16,1.7,50.0,41.0
7996F,Arizona,5,0,False,19.4,3876.0,5.3,14.3,-9.0,2.2,0.03,0.9,30.0,9.0
8598A,Arizona,3,0,False,17.0,6492.0,6.1,10.4,-4.4,3.0,0.0,0.7,27.0,14.0
8800T,Arizona,6,0,True,25.4,205.0,20.4,10.0,10.3,3.8,0.33,1.8,57.0,51.0
9636B,Arizona,6,0,False,23.5,767.0,9.8,10.4,-0.6,2.3,0.0,1.0,34.0,21.0
25155D,Arizona,7,0,False,20.6,2734.0,5.8,10.0,-4.2,2.5,0.02,0.7,29.0,3.0
25155R,Arizona,8,0,False,22.8,1104.0,2.0,6.5,-4.4,2.1,0.04,0.7,28.0,10.0
25155Z,Arizona,8,0,False,25.0,287.0,11.0,7.7,3.4,3.5,0.17,1.4,41.0,15.0
33472G,Arizona,5,0,False,19.9,3397.0,6.6,11.3,-4.7,2.0,0.0,0.9,29.0,5.0
34716C,Arizona,5,0,False,20.4,2925.0,5.4,9.7,-4.3,2.7,0.07,1.0,38.0,0.0
37792C,Arizona,3,0,False,17.6,5826.0,8.4,12.0,-3.6,2.6,0.09,0.9,31.0,20.0
43141C,Arizona,3,0,False,19.6,3703.0,16.0,8.2,7.9,3.9,0.06,1.3,37.0,11.0
43141Z,Arizona,5,0,True,22.0,1618.0,14.0,5.4,8.6,2.9,0.1,1.6,44.0,17.0
47510W,Arizona,7,0,True,21.0,2371.0,9.7,7.7,2.0,3.5,0.02,1.0,32.0,10.0
52311H,Arizona,6,0,False,23.3,854.0,16.9,5.0,11.9,3.9,0.07,1.5,43.0,33.0
52430B,Arizona,5,0,False,18.7,4605.0,9.7,13.5,-3.9,2.4,0.08,0.8,26.0,6.0
52430C,Arizona,5,0,False,19.7,3601.0,11.0,12.9,-1.9,2.1,0.03,1.0,37.0,16.0
52430D,Arizona,5,0,False,20.3,3012.0,9.8,9.6,0.3,2.1,0.17,1.1,37.0,6.0
66556Z,Arizona,11,1,True,27.2,19.0,19.1,6.5,12.6,4.2,0.26,2.0,56.0,44.0
80080X,Arizona,7,0,True,23.3,854.0,12.6,12.4,0.3,2.8,0.05,1.2,57.0,39.0
85142Z,Arizona,9,2,True,24.2,511.0,15.5,11.1,4.3,3.0,0.15,1.3,42.0,27.0
85711A,Arizona,4,0,False,19.6,3703.0,9.4,9.2,0.2,1.7,0.0,0.9,37.0,20.0
85711C,Arizona,4,0,False,18.0,5344.0,5.4,9.1,-3.7,3.0,0.0,1.0,25.0,8.0
94800X,Arizona,3,0,False,21.6,1885.0,11.8,11.5,0.3,2.5,0.09,1.2,42.0,10.0
94949J,Arizona,4,0,False,22.2,1468.0,13.4,10.9,2.5,3.4,0.03,1.3,49.0,25.0
99067A,Arizona,9,1,False,24.7,368.0,15.5,6.4,9.1,3.7,0.16,1.6,41.0,38.0
99067B,Arizona,9,1,False,24.5,413.0,13.1,8.2,4.9,2.8,0.09,1.2,39.0,0.0
24Z,Maryland,3,0,False,15.5,8011.0,14.9,16.1,-1.2,1.3,0.0,0.6,44.0,23.0
53A,Maryland,8,1,True,22.2,1468.0,8.3,8.5,-0.2,2.5,0.08,1.2,43.0,34.0
53B,Maryland,8,1,False,19.2,4071.0,9.6,10.6,-0.9,2.9,0.09,0.9,36.0,5.0
53C,Maryland,8,1,False,23.7,695.0,15.1,11.9,3.2,3.6,0.13,1.5,40.0,13.0
53D,Maryland,8,1,False,21.6,1885.0,8.7,7.5,1.2,2.2,0.13,1.2,38.0,17.0
53E,Maryland,7,1,False,22.1,1546.0,10.3,10.3,-0.1,2.5,0.1,1.4,39.0,15.0
53F,Maryland,11,1,False,23.2,895.0,15.4,7.6,7.8,3.2,0.06,1.5,36.0,13.0
593C,Maryland,3,0,False,16.8,6719.0,12.9,7.2,5.8,3.6,0.05,1.2,34.0,8.0
676D,Maryland,5,0,False,23.3,854.0,16.4,7.2,9.2,3.4,0.13,1.8,43.0,14.0
676V,Maryland,5,0,False,20.0,3301.0,11.6,10.4,1.2,2.9,0.04,1.2,34.0,14.0
898A,Maryland,2,0,False,16.0,7504.0,12.9,13.3,-0.4,3.2,0.08,1.2,35.0,6.0
929N,Maryland,8,2,True,23.1,942.0,12.7,12.6,0.2,3.4,0.14,1.4,42.0,20.0
929S,Maryland,8,1,True,22.7,1176.0,14.4,9.9,4.6,3.9,0.21,1.5,45.0,42.0
929T,Maryland,8,1,False,21.2,2203.0,9.6,9.7,-0.1,2.7,0.06,1.2,36.0,18.0
929V,Maryland,9,0,False,22.3,1420.0,13.9,8.5,5.3,3.6,0.2,1.4,34.0,13.0
929X,Maryland,4,0,False,17.0,6492.0,6.0,13.9,-7.9,3.1,0.2,1.0,33.0,13.0
934A,Maryland,4,0,False,20.3,3012.0,11.3,7.9,3.4,2.5,0.0,1.3,42.0,8.0
934Z,Maryland,9,0,True,21.8,1761.0,11.9,8.1,3.9,3.5,0.08,1.3,36.0,18.0
960Y,Maryland,5,0,False,16.9,6599.0,9.6,11.4,-1.7,3.4,0.08,1.1,33.0,17.0
960Z,Maryland,5,0,False,17.4,6052.0,5.4,9.5,-4.1,2.3,0.04,1.1,23.0,12.0
1658T,Maryland,12,2,True,23.7,695.0,11.6,11.7,-0.1,3.5,0.11,1.2,50.0,41.0
1727A,Maryland,6,0,False,20.9,2458.0,8.8,10.0,-1.1,3.5,0.03,1.1,25.0,3.0
1727K,Maryland,8,0,True,25.4,205.0,18.6,2.5,16.1,4.7,0.16,1.8,56.0,35.0
1727R,Maryland,8,0,True,23.5,767.0,18.3,7.9,10.4,3.4,0.14,1.4,46.0,27.0
1727V,Maryland,4,0,False,18.2,5141.0,5.5,8.8,-3.4,2.5,0.0,0.9,33.0,15.0
1727X,Maryland,5,0,False,18.2,5141.0,10.5,11.3,-0.8,1.4,0.16,1.0,27.0,13.0
1727Y,Maryland,4,0,False,16.8,6719.0,8.6,6.7,1.9,2.8,0.04,1.1,35.0,17.0
1893A,Maryland,5,0,False,20.6,2734.0,10.1,11.4,-1.4,2.7,0.13,1.1,28.0,25.0
5525A,Maryland,4,0,False,16.6,6924.0,7.1,13.5,-6.4,1.9,0.0,0.6,29.0,9.0
5588B,Maryland,6,0,False,22.4,1363.0,11.9,7.0,4.9,3.8,0.08,1.5,43.0,3.0
5588E,Maryland,4,0,False,20.0,3301.0,10.6,8.8,1.8,3.1,0.08,1.4,44.0,26.0
5588H,Maryland,7,0,False,20.7,2629.0,5.8,10.9,-5.0,2.2,0.02,0.9,38.0,0.0
5839B,Maryland,3,0,False,18.7,4605.0,13.2,10.4,2.8,3.6,0.11,1.4,38.0,6.0
5977A,Maryland,2,0,False,15.9,7599.0,12.2,7.5,4.7,4.0,0.0,1.4,28.0,0.0
7135E,Maryland,5,0,False,16.5,7030.0,4.2,13.7,-9.5,1.6,0.04,0.6,27.0,3.0
7135F,Maryland,4,0,False,19.7,3601.0,9.7,8.4,1.3,2.6,0.12,1.1,33.0,3.0
7135R,Maryland,5,0,False,19.6,3703.0,8.5,7.3,1.2,2.5,0.1,1.0,30.0,15.0
7135Z,Maryland,4,0,False,17.5,5947.0,3.7,12.1,-8.5,2.4,0.04,0.9,30.0,0.0
9080C,Maryland,8,0,True,23.8,654.0,16.5,7.8,8.8,3.2,0.05,1.5,52.0,25.0
9080R,Maryland,7,0,False,20.6,2734.0,8.6,11.4,-2.8,2.7,0.05,1.0,25.0,0.0
9080S,Maryland,9,0,True,24.4,446.0,16.7,4.3,12.4,4.0,0.08,1.6,45.0,39.0
12699A,Maryland,5,0,False,19.4,3876.0,6.2,8.1,-1.9,2.8,0.03,1.0,33.0,8.0
20096G,Maryland,11,2,True,25.1,262.0,20.4,12.6,7.8,3.7,0.21,1.7,59.0,46.0
21078A,Maryland,3,0,False,16.7,6828.0,8.7,7.6,1.1,2.7,0.16,1.0,32.0,8.0
21078B,Maryland,3,0,False,17.6,5826.0,8.5,8.8,-0.3,3.6,0.05,1.2,25.0,13.0
21217A,Maryland,2,0,False,17.6,5826.0,3.2,6.3,-3.1,2.7,0.0,0.8,23.0,0.0
23382H,Maryland,10,2,True,24.0,566.0,14.3,9.1,5.2,3.1,0.14,1.7,54.0,47.0
26648B,Maryland,6,0,False,18.4,4926.0,7.6,9.1,-1.5,2.6,0.03,0.9,21.0,10.0
26648X,Maryland,5,0,False,21.3,2133.0,10.5,6.8,3.7,3.1,0.0,1.1,32.0,9.0
66852A,Maryland,5,0,False,18.8,4503.0,6.8,9.7,-2.9,3.1,0.08,1.0,27.0,8.0
68186A,Maryland,8,1,False,21.9,1688.0,12.4,12.4,0.0,3.5,0.12,1.2,47.0,11.0
76763A,Maryland,5,0,False,22.3,1420.0,14.6,6.8,7.9,3.7,0.2,1.6,42.0,22.0
76763B,Maryland,5,0,False,17.7,5708.0,6.9,11.7,-4.8,2.6,0.0,0.7,40.0,8.0
79666A,Maryland,3,0,False,21.2,2203.0,13.6,4.2,9.4,3.0,0.0,1.3,31.0,12.0
93330A,Maryland,7,0,False,19.1,4178.0,5.5,6.3,-0.7,2.4,0.0,0.9,35.0,9.0
96807A,Maryland,4,0,False,20.4,2925.0,8.5,3.2,5.3,4.9,0.08,1.5,24.0,13.0
28466Z,Colorado,7,1,True,22.2,1468.0,8.7,6.9,1.9,3.4,0.0,1.3,23.0,11.0
52800U,Colorado,6,0,False,21.5,1966.0,12.3,6.7,5.6,4.0,0.0,1.3,29.0,8.0
373A,New Mexico,6,0,False,22.6,1250.0,10.3,3.2,7.1,3.1,0.03,1.6,31.0,8.0
6383C,New Mexico,10,0,False,17.1,6385.0,2.0,7.0,-5.0,2.3,0.02,0.6,9.0,3.0
6383D,New Mexico,10,0,False,18.0,5344.0,2.9,5.7,-2.8,2.4,0.0,0.9,6.0,0.0
6467A,New Mexico,9,0,False,21.8,1761.0,6.4,4.2,2.3,3.1,0.02,1.1,11.0,0.0
6645A,New Mexico,8,0,True,23.1,942.0,15.1,6.8,8.2,3.7,0.1,1.6,42.0,25.0
8776A,New Mexico,4,0,False,15.6,7907.0,0.5,11.4,-10.9,1.7,0.0,0.3,12.0,0.0
20017A,New Mexico,7,0,True,22.0,1618.0,11.5,5.8,5.7,4.2,0.07,1.5,35.0,0.0
20017B,New Mexico,6,0,True,21.6,1885.0,13.7,6.5,7.2,3.8,0.0,1.4,39.0,6.0
37004B,New Mexico,5,0,False,18.8,4503.0,3.2,6.3,-3.1,2.5,0.0,0.8,8.0,0.0
39169A,New Mexico,3,0,False,17.6,5826.0,4.6,11.1,-6.5,2.4,0.05,0.6,16.0,0.0
39169B,New Mexico,3,0,False,18.0,5344.0,4.4,9.3,-4.9,3.3,0.1,0.9,10.0,3.0
48778C,New Mexico,3,0,False,17.0,6492.0,5.0,5.1,-0.1,2.5,0.0,1.1,17.0,3.0
48778D,New Mexico,3,0,False,18.8,4503.0,6.1,5.8,0.4,3.3,0.0,1.1,13.0,0.0
55885S,New Mexico,4,0,False,20.2,3106.0,7.5,6.2,1.3,3.4,0.0,1.0,24.0,5.0
55885X,New Mexico,4,0,False,20.5,2838.0,7.7,6.7,1.0,2.9,0.0,1.1,22.0,3.0
55885Y,New Mexico,4,0,False,18.2,5141.0,4.1,7.2,-3.0,2.8,0.03,0.8,18.0,8.0
56349A,New Mexico,2,0,False,15.5,8011.0,1.8,11.4,-9.6,2.8,0.0,0.9,5.0,0.0
56847C,New Mexico,4,0,False,16.0,7504.0,4.7,5.1,-0.4,3.3,0.0,1.0,8.0,0.0
64846A,New Mexico,4,0,False,15.1,8403.0,3.5,8.9,-5.3,2.4,0.0,0.6,20.0,0.0
64846B,New Mexico,5,0,True,23.6,730.0,17.5,6.6,11.0,3.9,0.12,1.8,25.0,26.0
65059A,New Mexico,5,0,False,14.4,8971.0,0.8,11.6,-10.8,1.8,0.0,0.5,5.0,0.0
69580A,New Mexico,8,0,True,23.4,811.0,14.7,7.7,7.1,3.1,0.15,1.7,42.0,21.0
69580X,New Mexico,4,0,False,20.5,2838.0,8.5,5.6,2.9,3.9,0.1,1.2,25.0,3.0
69580Z,New Mexico,2,0,False,15.8,7698.0,2.6,10.1,-7.5,1.9,0.0,0.6,15.0,0.0
70540A,New Mexico,3,0,False,16.3,7222.0,6.0,6.7,-0.7,4.3,0.0,1.1,18.0,3.0
82228A,New Mexico,6,0,False,20.5,2838.0,8.1,3.8,4.3,2.9,0.0,1.4,21.0,0.0
82228B,New Mexico,5,0,False,18.6,4715.0,6.0,6.4,-0.4,2.7,0.0,1.0,11.0,0.0
82228C,New Mexico,3,0,False,18.2,5141.0,6.2,6.5,-0.3,3.2,0.0,1.0,19.0,0.0
81A,Pennsylvania,6,1,False,22.0,1618.0,14.2,12.2,2.1,3.3,0.07,1.4,43.0,24.0
81U,Pennsylvania,6,0,False,20.3,3012.0,13.9,9.7,4.2,3.1,0.17,1.4,44.0,16.0
81X,Pennsylvania,11,3,True,24.2,511.0,16.6,10.6,6.0,3.0,0.14,1.6,52.0,36.0
81Y,Pennsylvania,9,2,False,22.2,1468.0,16.3,11.8,4.5,3.0,0.29,1.5,45.0,36.0
91U,Pennsylvania,8,1,True,22.7,1176.0,14.8,9.8,5.0,3.2,0.26,1.6,50.0,41.0
101A,Pennsylvania,4,0,False,17.0,6492.0,10.3,13.8,-3.6,2.2,0.07,0.9,32.0,11.0
101B,Pennsylvania,4,0,False,14.7,8742.0,7.3,15.2,-7.9,2.4,0.04,0.7,28.0,12.0
169A,Pennsylvania,11,2,True,21.9,1688.0,14.3,12.7,1.5,3.9,0.34,1.3,48.0,42.0
169B,Pennsylvania,9,2,False,20.3,3012.0,10.3,10.6,-0.3,3.1,0.08,1.4,44.0,12.0
169E,Pennsylvania,10,3,False,16.7,6828.0,7.0,14.3,-7.3,2.7,0.08,0.7,41.0,14.0
169Y,Pennsylvania,13,4,False,20.0,3301.0,8.1,13.9,-5.9,2.4,0.12,1.1,33.0,12.0
169Z,Pennsylvania,8,1,False,19.0,4293.0,6.3,7.9,-1.6,3.5,0.06,1.1,33.0,12.0
197A,Pennsylvania,7,0,False,19.5,3781.0,10.9,10.4,0.5,2.3,0.08,1.1,45.0,27.0
197B,Pennsylvania,12,4,True,25.4,205.0,15.1,10.1,4.9,3.7,0.14,1.6,47.0,22.0
197C,Pennsylvania,8,1,False,21.2,2203.0,10.0,8.7,1.3,3.2,0.16,1.2,41.0,31.0
197E,Pennsylvania,11,2,True,23.5,767.0,15.0,9.4,5.6,3.8,0.39,1.6,53.0,50.0
242R,Pennsylvania,8,1,False,21.0,2371.0,9.3,12.0,-2.7,2.3,0.12,1.1,35.0,18.0
242S,Pennsylvania,12,3,True,22.9,1042.0,15.4,10.7,4.7,3.2,0.16,1.3,52.0,45.0
242V,Pennsylvania,9,2,False,22.6,1250.0,14.5,12.3,2.3,3.4,0.17,1.3,45.0,24.0
242W,Pennsylvania,11,3,False,22.2,1468.0,13.7,11.8,1.9,3.8,0.12,1.3,50.0,39.0
242X,Pennsylvania,12,4,True,25.1,262.0,18.3,9.5,8.8,3.2,0.18,1.7,54.0,49.0
255D,Pennsylvania,12,1,False,22.3,1420.0,12.7,10.6,2.1,3.2,0.13,1.3,49.0,26.0
255K,Pennsylvania,12,1,False,22.7,1176.0,14.2,9.8,4.5,3.3,0.15,1.4,51.0,30.0
255M,Pennsylvania,13,1,True,25.2,240.0,20.9,9.1,11.8,3.7,0.19,1.7,56.0,45.0
293Y,Pennsylvania,13,2,True,21.1,2288.0,12.9,10.1,2.8,2.8,0.14,1.2,43.0,35.0
293Z,Pennsylvania,12,1,False,23.6,730.0,15.4,11.2,4.1,3.1,0.16,1.6,51.0,41.0
717A,Pennsylvania,9,2,True,22.1,1546.0,12.7,15.4,-2.7,3.5,0.35,1.5,36.0,15.0
729S,Pennsylvania,7,1,True,24.2,511.0,21.1,10.0,11.2,4.5,0.55,2.2,56.0,57.0
842T,Pennsylvania,14,1,True,24.0,566.0,14.7,9.7,5.0,3.9,0.29,1.5,51.0,42.0
1267B,Pennsylvania,6,0,False,17.8,5588.0,4.0,17.9,-13.9,2.2,0.07,0.7,24.0,8.0
1267E,Pennsylvania,6,0,False,19.1,4178.0,9.0,10.6,-1.6,2.3,0.1,1.2,31.0,13.0
1267V,Pennsylvania,9,1,True,22.9,1042.0,14.9,11.3,3.6,3.6,0.18,1.4,55.0,29.0
1723A,Pennsylvania,8,1,False,21.3,2133.0,16.6,11.3,5.3,3.3,0.15,1.5,50.0,20.0
1723B,Pennsylvania,8,1,False,19.1,4178.0,10.5,10.9,-0.3,3.0,0.12,1.1,34.0,0.0
1723D,Pennsylvania,7,1,False,19.1,4178.0,13.9,13.4,0.5,3.3,0.24,1.3,45.0,28.0
3327A,Pennsylvania,5,0,False,19.0,4293.0,11.6,10.5,1.2,2.6,0.03,1.0,39.0,7.0
3327B,Pennsylvania,5,0,False,16.9,6599.0,9.4,7.9,1.6,3.5,0.06,0.9,27.0,8.0
3327C,Pennsylvania,5,0,False,17.4,6052.0,5.7,12.3,-6.6,2.0,0.09,0.6,25.0,4.0
3327E,Pennsylvania,5,0,False,18.5,4820.0,5.5,8.3,-2.8,3.3,0.09,1.1,34.0,17.0
3327H,Pennsylvania,5,0,False,17.0,6492.0,7.3,14.9,-7.6,2.5,0.09,0.8,40.0,11.0
3701A,Pennsylvania,7,0,False,20.2,3106.0,18.2,10.9,7.3,4.5,0.19,1.5,31.0,0.0
6121A,Pennsylvania,12,2,True,23.4,811.0,13.9,9.8,4.1,3.6,0.21,1.3,47.0,35.0
6121B,Pennsylvania,10,2,False,21.5,1966.0,12.0,10.7,1.3,3.2,0.08,1.2,48.0,46.0
6121C,Pennsylvania,14,2,True,23.1,942.0,14.8,9.8,5.0,3.0,0.23,1.4,55.0,49.0
6121D,Pennsylvania,12,1,False,19.9,3397.0,8.7,12.8,-4.1,2.3,0.12,0.9,41.0,26.0
6121E,Pennsylvania,13,1,False,22.6,1250.0,14.8,11.2,3.7,3.2,0.15,1.3,48.0,41.0
6121F,Pennsylvania,6,1,False,19.4,3876.0,12.7,12.7,0.0,2.8,0.16,1.4,47.0,7.0
7518C,Pennsylvania,6,0,False,17.8,5588.0,12.2,13.1,-0.9,2.6,0.24,1.2,26.0,3.0
7518D,Pennsylvania,5,0,False,20.7,2629.0,12.1,13.2,-1.1,2.1,0.11,1.0,46.0,28.0
8114A,Pennsylvania,3,0,False,16.0,7504.0,6.5,15.1,-8.6,1.9,0.1,0.8,41.0,15.0
8637A,Pennsylvania,5,0,False,18.2,5141.0,16.8,10.0,6.8,3.1,0.11,1.1,36.0,19.0
8637D,Pennsylvania,3,0,False,15.9,7599.0,6.4,17.5,-11.1,2.4,0.1,0.7,28.0,3.0
23184A,Pennsylvania,9,1,False,19.7,3601.0,10.0,11.2,-1.2,2.7,0.11,1.1,42.0,17.0
23184C,Pennsylvania,8,1,False,17.5,5947.0,4.6,14.3,-9.7,2.1,0.02,0.6,27.0,5.0
23184D,Pennsylvania,6,0,False,19.3,3976.0,7.7,9.1,-1.4,1.5,0.05,0.8,32.0,0.0
41819B,Pennsylvania,3,0,False,18.8,4503.0,11.7,14.1,-2.4,2.6,0.23,1.3,30.0,3.0
45525A,Pennsylvania,5,0,False,21.7,1822.0,11.7,7.5,4.2,3.1,0.2,1.6,37.0,25.0
45525C,Pennsylvania,6,1,False,17.9,5478.0,5.0,10.5,-5.5,2.5,0.05,0.7,28.0,5.0
46779A,Pennsylvania,5,0,False,17.1,6385.0,5.8,11.4,-5.6,2.5,0.0,0.7,30.0,15.0
46779B,Pennsylvania,6,0,False,18.8,4503.0,9.6,11.7,-2.1,2.9,0.12,1.0,34.0,16.0
30029B,North Dakota,8,1,True,26.6,54.0,20.2,3.8,16.4,4.2,0.14,1.8,50.0,31.0
58072B,North Dakota,5,0,False,21.0,2371.0,11.2,5.8,5.4,3.5,0.0,1.3,27.0,0.0
58072D,North Dakota,6,1,False,21.4,2059.0,8.2,8.1,0.1,3.0,0.0,1.1,29.0,7.0
58072J,North Dakota,5,0,False,18.3,5032.0,4.5,8.7,-4.3,3.0,0.0,0.9,10.0,0.0
76151A,North Dakota,4,0,False,17.4,6052.0,2.4,9.2,-6.8,2.1,0.0,0.6,20.0,0.0
76151H,North Dakota,4,0,False,18.0,5344.0,1.3,11.5,-10.2,2.3,0.0,0.6,15.0,5.0
96671A,North Dakota,8,1,True,24.0,566.0,12.5,7.9,4.7,3.2,0.04,1.3,38.0,12.0
96671E,North Dakota,6,1,False,20.7,2629.0,10.4,9.7,0.7,2.8,0.06,0.9,45.0,24.0
96671G,North Dakota,6,1,False,21.1,2288.0,9.2,7.3,2.0,3.1,0.02,1.2,25.0,13.0
96671S,North Dakota,4,0,False,17.0,6492.0,3.3,11.6,-8.4,2.2,0.03,0.8,7.0,0.0
96671V,North Dakota,7,1,True,23.9,611.0,13.4,5.7,7.6,4.1,0.08,1.4,37.0,14.0
40A,New Hampshire,4,1,False,20.6,2734.0,12.8,11.6,1.1,3.1,0.03,1.1,35.0,12.0
134F,New Hampshire,8,0,False,19.9,3397.0,6.9,8.6,-1.7,2.6,0.0,1.0,30.0,0.0
134K,New Hampshire,9,0,False,18.4,4926.0,4.4,9.4,-5.1,2.3,0.0,0.7,29.0,3.0
241B,New Hampshire,6,0,False,21.6,1885.0,11.9,4.9,7.0,3.8,0.05,1.4,37.0,0.0
241C,New Hampshire,6,0,False,22.4,1363.0,10.2,10.0,0.2,2.5,0.03,1.2,34.0,3.0
241E,New Hampshire,6,0,False,21.9,1688.0,12.1,6.2,5.9,4.1,0.15,1.6,36.0,17.0
241H,New Hampshire,6,0,False,20.6,2734.0,8.7,8.4,0.3,3.2,0.08,1.3,30.0,0.0
241J,New Hampshire,6,0,False,20.5,2838.0,6.5,11.0,-4.5,3.0,0.03,1.0,24.0,0.0
603B,New Hampshire,14,1,True,24.4,446.0,11.8,7.1,4.8,3.4,0.07,1.5,41.0,21.0
603C,New Hampshire,7,0,False,18.6,4715.0,4.3,11.2,-7.0,1.9,0.0,0.5,26.0,5.0
603K,New Hampshire,12,1,False,19.0,4293.0,3.3,8.0,-4.8,2.7,0.0,0.8,20.0,0.0
603S,New Hampshire,12,1,False,22.0,1618.0,7.0,7.5,-0.5,3.2,0.01,1.2,38.0,8.0
3042H,Vermont,5,0,False,20.5,2838.0,11.6,10.0,1.6,3.4,0.06,1.2,34.0,19.0
3042R,Vermont,6,0,False,21.0,2371.0,9.5,7.7,1.7,2.8,0.02,1.2,34.0,3.0
3042U,Vermont,5,0,False,16.1,7412.0,3.9,10.7,-6.8,2.2,0.0,0.6,34.0,3.0
3773C,New Hampshire,5,0,False,18.9,4403.0,6.0,9.1,-3.0,2.6,0.03,0.7,27.0,20.0
3773P,New Hampshire,8,1,True,23.6,730.0,15.9,9.4,6.5,3.6,0.04,1.3,50.0,37.0
3773Y,New Hampshire,5,0,False,16.7,6828.0,3.5,12.0,-8.4,2.2,0.06,0.6,20.0,0.0
4886A,Vermont,8,0,False,20.6,2734.0,7.3,8.2,-0.8,2.5,0.04,1.0,37.0,25.0
4886S,Vermont,12,1,True,27.1,26.0,19.4,5.8,13.6,4.0,0.22,1.9,49.0,36.0
4886W,Vermont,8,0,False,24.3,477.0,16.5,6.4,10.1,3.8,0.12,1.6,46.0,8.0
4886X,Vermont,8,0,False,20.9,2458.0,9.3,8.0,1.3,2.9,0.0,1.2,26.0,0.0
4886Y,Vermont,9,0,True,24.7,368.0,15.7,7.2,8.5,3.9,0.13,1.4,49.0,34.0
5106B,New Hampshire,5,0,False,19.7,3601.0,7.2,10.3,-3.1,3.5,0.03,1.1,24.0,9.0
6447A,Vermont,2,0,False,14.3,9041.0,6.3,14.8,-8.5,2.6,0.12,0.8,29.0,8.0
20858A,New Hampshire,4,0,False,20.8,2544.0,15.2,6.3,8.9,4.7,0.11,1.4,36.0,12.0
20858B,New Hampshire,4,0,False,18.4,4926.0,9.2,11.2,-2.0,2.8,0.07,1.0,23.0,10.0
20858C,New Hampshire,3,0,False,19.7,3601.0,5.7,6.4,-0.6,2.3,0.0,1.3,19.0,3.0
20858D,New Hampshire,3,0,False,16.6,6924.0,8.2,16.3,-8.2,1.9,0.05,0.4,27.0,3.0
77275A,New Hampshire,8,1,False,21.9,1688.0,9.4,9.1,0.3,2.5,0.04,1.3,37.0,8.0
77275B,New Hampshire,8,1,True,24.3,477.0,15.4,8.2,7.2,3.1,0.06,1.3,47.0,19.0
77275C,New Hampshire,8,1,False,22.0,1618.0,10.9,5.9,5.0,3.2,0.02,1.4,42.0,14.0
77275D,New Hampshire,8,0,False,19.9,3397.0,3.4,9.4,-6.0,2.5,0.02,0.9,23.0,5.0
77275H,New Hampshire,6,0,False,17.9,5478.0,5.4,12.9,-7.5,2.2,0.0,0.7,28.0,0.0
99119B,New Hampshire,8,0,False,19.2,4071.0,2.6,8.5,-5.9,2.4,0.02,0.9,20.0,0.0
99212G,New Hampshire,6,0,False,22.4,1363.0,14.1,6.4,7.7,3.4,0.07,1.3,40.0,6.0
94M,Florida,4,1,False,22.9,1042.0,12.5,12.1,0.3,1.9,0.0,1.2,33.0,17.0
94R,Florida,4,0,False,19.6,3703.0,11.8,12.9,-1.1,2.3,0.04,1.0,29.0,25.0
94S,Florida,6,0,False,20.7,2629.0,7.6,9.0,-1.4,3.0,0.0,1.0,21.0,8.0
94T,Florida,4,0,False,16.0,7504.0,3.5,9.9,-6.4,2.1,0.04,0.4,25.0,16.0
94V,Florida,4,0,False,17.9,5478.0,9.3,10.7,-1.4,3.1,0.1,1.3,40.0,21.0
94Z,Florida,6,0,True,19.3,3976.0,9.1,12.8,-3.6,3.1,0.09,1.1,30.0,22.0
360X,Florida,14,5,True,27.3,18.0,21.0,10.0,11.0,4.6,0.54,2.3,56.0,46.0
503A,Florida,7,0,False,20.1,3207.0,11.8,14.1,-2.2,2.1,0.16,1.1,39.0,22.0
4154E,Florida,6,1,False,22.8,1104.0,17.2,11.2,6.0,2.9,0.12,1.3,54.0,24.0
4154R,Florida,8,0,True,24.9,312.0,18.3,5.9,12.4,3.7,0.24,1.8,50.0,46.0
4154S,Florida,7,1,True,22.7,1176.0,14.6,13.4,1.1,3.5,0.38,1.6,45.0,45.0
4154V,Florida,5,0,False,24.6,390.0,16.5,10.2,6.3,4.3,0.5,2.0,38.0,36.0
4330N,Florida,9,0,False,21.9,1688.0,11.8,9.6,2.2,2.4,0.11,1.2,37.0,15.0
6293X,Florida,8,0,True,23.3,854.0,18.7,8.3,10.4,3.6,0.29,1.9,51.0,25.0
6293Z,Florida,5,0,False,19.2,4071.0,7.0,15.7,-8.8,2.0,0.17,0.8,35.0,3.0
7121A,Florida,8,0,False,22.6,1250.0,13.3,9.7,3.6,3.1,0.21,1.4,47.0,30.0
7121B,Florida,11,0,True,26.2,96.0,19.0,6.9,12.1,4.4,0.65,2.3,48.0,40.0
7121E,Florida,7,0,False,22.9,1042.0,15.9,11.3,4.6,3.8,0.31,1.6,38.0,25.0
7121F,Florida,9,0,False,24.5,413.0,17.1,11.3,5.8,3.1,0.25,1.8,44.0,35.0
8336Z,Florida,5,0,False,18.2,5141.0,7.2,11.6,-4.4,2.2,0.09,0.8,46.0,14.0
10101F,Florida,4,0,False,18.9,4403.0,6.7,13.4,-6.7,1.7,0.15,1.2,41.0,19.0
10101P,Florida,5,0,False,19.9,3397.0,13.9,11.5,2.4,3.1,0.19,1.1,41.0,16.0
11342A,Florida,9,0,False,21.1,2288.0,11.9,13.9,-2.0,3.1,0.26,1.4,39.0,23.0
11342B,Florida,10,0,False,23.8,654.0,14.7,11.4,3.2,3.8,0.4,1.6,53.0,42.0
11342C,Florida,9,0,False,22.1,1546.0,13.7,13.9,-0.3,3.4,0.33,1.4,39.0,29.0
11342D,Florida,7,0,False,20.2,3106.0,12.6,13.0,-0.3,3.3,0.19,1.2,45.0,0.0
18019B,Florida,7,0,False,20.1,3207.0,10.1,12.3,-2.2,2.7,0.21,1.0,44.0,32.0
18019C,Florida,10,0,True,23.2,895.0,14.1,6.3,7.8,4.1,0.26,1.8,48.0,33.0
18019D,Florida,8,0,False,22.4,1363.0,12.9,9.9,3.0,3.1,0.06,1.1,45.0,35.0
33418A,Florida,8,0,False,18.8,4503.0,10.2,14.0,-3.8,2.4,0.1,0.9,50.0,38.0
33418X,Florida,9,0,True,22.1,1546.0,13.3,9.7,3.6,4.0,0.18,1.5,54.0,51.0
33418Y,Florida,6,0,False,18.5,4820.0,7.8,15.0,-7.2,2.1,0.16,0.8,37.0,24.0
34532A,Florida,4,0,False,21.0,2371.0,18.2,9.9,8.3,4.5,0.3,1.8,48.0,36.0
34532J,Florida,5,0,False,21.0,2371.0,15.8,9.7,6.0,4.1,0.28,1.5,39.0,0.0
39792B,Florida,9,0,False,19.5,3781.0,10.9,11.7,-0.8,3.4,0.31,1.3,39.0,41.0
39792C,Florida,7,0,False,22.0,1618.0,12.4,9.7,2.7,3.2,0.25,1.6,45.0,26.0
39792D,Florida,6,0,False,20.3,3012.0,12.1,14.7,-2.5,2.4,0.18,1.1,52.0,36.0
39792E,Florida,8,0,False,21.8,1761.0,12.6,10.7,2.0,2.3,0.15,1.2,50.0,17.0
50810A,Florida,8,0,False,20.8,2544.0,12.2,12.2,0.0,2.6,0.14,1.1,40.0,11.0
50810R,Florida,8,0,False,21.4,2059.0,14.3,8.1,6.3,4.1,0.13,1.4,42.0,26.0
50810X,Florida,13,1,True,24.1,542.0,18.2,11.5,6.7,4.2,0.37,1.8,50.0,49.0
64411B,Florida,5,0,True,19.6,3703.0,16.5,10.3,6.2,4.6,0.35,1.6,52.0,50.0
70260A,Florida,9,0,True,20.6,2734.0,13.8,12.7,1.1,2.5,0.16,1.2,43.0,8.0
77788P,Florida,9,1,True,23.8,654.0,19.2,11.3,7.9,3.6,0.22,1.8,54.0,38.0
89250X,Florida,12,0,True,23.8,654.0,17.3,10.7,6.6,2.7,0.27,1.7,50.0,16.0
89250Z,Florida,13,0,True,24.0,566.0,16.7,10.5,6.2,3.4,0.19,1.4,40.0,18.0
85A,Iowa,6,1,False,19.2,4071.0,6.3,15.6,-9.3,2.2,0.06,0.7,26.0,3.0
85B,Iowa,6,1,False,20.8,2544.0,9.2,9.4,-0.2,2.6,0.02,1.2,43.0,16.0
2501B,Iowa,6,0,False,18.8,4503.0,2.4,11.2,-8.8,2.1,0.09,0.7,20.0,0.0
2501H,Iowa,8,0,False,19.3,3976.0,6.5,14.0,-7.5,2.3,0.06,0.8,23.0,5.0
2501J,Iowa,7,0,False,21.1,2288.0,8.3,11.6,-3.3,3.1,0.08,1.2,29.0,5.0
2501S,Iowa,10,1,True,24.9,312.0,18.4,7.4,11.0,3.0,0.23,1.6,53.0,43.0
2501T,Iowa,8,0,False,22.7,1176.0,12.7,9.1,3.6,2.3,0.11,1.3,44.0,16.0
3018A,Iowa,15,1,True,24.5,413.0,19.3,9.6,9.6,4.1,0.29,1.6,53.0,43.0
5813C,Iowa,4,0,False,17.0,6492.0,6.0,11.3,-5.3,1.7,0.03,1.0,26.0,0.0
5813D,Iowa,4,0,False,18.9,4403.0,7.1,10.8,-3.7,2.3,0.06,0.9,42.0,0.0
5813E,Iowa,4,0,False,20.5,2838.0,13.4,7.7,5.7,3.5,0.16,1.6,34.0,12.0
5813R,Iowa,5,0,False,20.6,2734.0,10.8,7.7,3.1,1.9,0.06,1.0,50.0,20.0
5813Z,Iowa,4,0,False,19.0,4293.0,12.9,7.6,5.3,3.9,0.13,1.3,47.0,0.0
12999A,Iowa,4,0,False,15.3,8218.0,1.6,11.8,-10.2,2.3,0.05,0.4,10.0,0.0
12999C,Iowa,4,0,False,15.3,8218.0,2.1,10.4,-8.3,2.3,0.05,0.6,20.0,0.0
12999S,Iowa,4,0,False,16.5,7030.0,2.6,13.7,-11.1,1.7,0.0,0.3,20.0,0.0
17038A,Iowa,5,1,False,19.1,4178.0,7.5,13.9,-6.4,3.4,0.19,1.1,33.0,9.0
25146D,Iowa,6,1,False,23.0,986.0,19.6,9.0,10.6,3.9,0.36,1.5,32.0,0.0
65892J,Iowa,4,0,False,20.6,2734.0,14.1,4.4,9.8,3.2,0.1,1.4,40.0,20.0
65892P,Iowa,4,0,False,14.8,8669.0,3.1,7.1,-4.0,2.7,0.0,0.6,20.0,0.0
66406A,Iowa,6,0,True,19.6,3703.0,13.0,11.9,1.1,2.7,0.06,1.0,29.0,12.0
14521B,Texas,3,0,False,16.9,6599.0,7.7,5.7,2.0,2.9,0.0,1.1,11.0,0.0
18908A,Texas,3,0,False,19.4,3876.0,7.7,8.7,-1.0,3.3,0.0,1.0,9.0,10.0
18908H,Texas,5,0,True,25.4,205.0,14.6,10.0,4.5,3.2,0.0,1.4,31.0,15.0
18908W,Texas,3,0,False,18.5,4820.0,8.3,12.0,-3.7,2.9,0.05,0.9,10.0,0.0
18908X,Texas,4,0,True,20.3,3012.0,11.8,6.6,5.2,2.4,0.0,1.1,27.0,0.0
23956P,Texas,3,0,False,14.7,8742.0,2.8,6.9,-4.1,3.1,0.0,0.8,9.0,3.0
25104F,Texas,2,0,False,13.2,9798.0,0.6,10.4,-9.8,2.8,0.0,0.5,4.0,0.0
27025B,Texas,2,0,False,14.8,8669.0,2.2,4.5,-2.3,2.6,0.0,0.9,10.0,0.0
39541A,Texas,4,0,False,20.5,2838.0,14.0,6.1,7.9,3.8,0.0,1.6,25.0,4.0
39541B,Texas,3,0,False,12.4,10252.0,2.7,7.9,-5.2,1.8,0.0,0.3,15.0,0.0
39541C,Texas,2,0,False,19.7,3601.0,13.3,3.8,9.5,4.9,0.0,1.4,24.0,6.0
42038B,Texas,2,0,False,15.5,8011.0,10.1,9.4,0.7,2.4,0.0,1.0,17.0,0.0
85556A,Texas,3,0,False,15.8,7698.0,3.7,8.9,-5.2,1.9,0.0,0.8,9.0,0.0
85556B,Texas,4,0,True,16.5,7030.0,6.4,11.3,-4.9,2.7,0.0,0.5,31.0,9.0
85556C,Texas,3,0,False,20.0,3301.0,6.0,7.3,-1.2,3.5,0.0,1.2,16.0,0.0
85556D,Texas,3,0,False,19.9,3397.0,7.3,7.4,-0.1,3.1,0.0,1.3,19.0,0.0
91187A,Texas,2,0,False,16.8,6719.0,13.9,9.8,4.2,2.6,0.0,1.1,19.0,8.0
92047A,Texas,3,0,False,19.5,3781.0,10.3,6.5,3.8,3.3,0.0,1.2,14.0,3.0
92047B,Texas,3,0,False,15.3,8218.0,9.4,10.6,-1.2,3.0,0.0,0.6,22.0,3.0
95601X,Texas,3,0,False,21.4,2059.0,9.7,3.6,6.1,4.2,0.0,1.5,24.0,0.0
95601Y,Texas,4,0,True,19.0,4293.0,8.2,7.0,1.2,2.7,0.0,1.1,21.0,0.0
13A,Virginia,5,0,False,18.5,4820.0,7.0,6.3,0.6,2.9,0.09,1.2,26.0,0.0
14D,Virginia,7,2,True,22.6,1250.0,14.3,7.7,6.6,3.7,0.1,1.6,39.0,24.0
46R,Virginia,10,0,False,20.0,3301.0,2.3,13.1,-10.8,2.3,0.05,0.7,26.0,3.0
1113C,Virginia,6,0,False,17.7,5708.0,5.6,5.4,0.2,2.4,0.03,0.9,26.0,3.0
12914X,Virginia,14,2,True,24.5,413.0,16.4,7.8,8.6,4.0,0.23,1.7,47.0,37.0
80508X,Virginia,8,0,True,21.6,1885.0,13.5,8.7,4.8,2.4,0.09,1.3,51.0,41.0
9039A,Delaware,6,0,False,18.8,4503.0,2.5,4.7,-2.2,2.2,0.0,0.8,22.0,0.0
9039B,Delaware,8,0,True,21.8,1761.0,5.5,7.1,-1.6,3.1,0.02,1.1,37.0,13.0
9039C,Delaware,6,0,False,16.1,7412.0,0.7,6.0,-5.3,3.0,0.0,0.6,10.0,0.0
9039G,Delaware,7,0,False,20.0,3301.0,4.7,6.6,-1.9,2.6,0.02,1.0,25.0,3.0
9039K,Delaware,9,0,True,23.4,811.0,8.9,3.0,5.9,3.4,0.02,1.4,32.0,20.0
9039N,Delaware,9,0,True,21.1,2288.0,7.2,9.9,-2.7,2.9,0.06,1.1,37.0,9.0
9039S,Delaware,9,0,False,20.3,3012.0,4.8,3.9,1.0,3.1,0.0,1.1,30.0,8.0
3348A,Delaware,2,0,False,16.0,7504.0,13.5,13.5,0.0,2.8,0.0,0.9,25.0,0.0
3348B,Delaware,2,0,False,12.9,9990.0,7.6,11.0,-3.3,3.2,0.0,0.5,11.0,0.0
3389B,Maryland,3,0,False,12.9,9990.0,3.8,14.5,-10.7,2.6,0.07,0.6,15.0,0.0
3389X,Maryland,3,0,False,17.7,5708.0,9.8,12.1,-2.4,2.4,0.1,0.9,35.0,0.0
8890A,Delaware,4,0,False,17.6,5826.0,10.4,8.6,1.8,3.6,0.22,1.3,29.0,8.0
8890B,Delaware,4,0,False,17.0,6492.0,10.1,9.7,0.4,3.6,0.0,1.2,23.0,0.0
8890F,Delaware,4,0,False,15.4,8109.0,4.9,14.8,-9.9,2.4,0.07,0.6,16.0,0.0
8903G,Delaware,4,0,False,16.1,7412.0,6.8,12.5,-5.7,2.3,0.05,1.0,29.0,0.0
9020A,Delaware,2,0,False,16.0,7504.0,3.7,14.7,-11.1,1.2,0.07,0.6,15.0,0.0
9039D,Delaware,6,1,False,17.8,5588.0,3.6,12.0,-8.4,2.3,0.0,0.7,25.0,0.0
9039F,Delaware,10,1,True,22.0,1618.0,8.7,8.6,0.1,3.0,0.09,1.2,33.0,9.0
9039H,Delaware,10,1,False,24.7,368.0,19.8,7.3,12.6,3.8,0.17,1.8,59.0,33.0
9039J,Delaware,11,2,True,26.6,54.0,21.1,5.8,15.3,4.0,0.24,2.0,53.0,41.0
9039R,Delaware,9,1,False,19.9,3397.0,7.6,10.9,-3.2,3.1,0.05,0.9,35.0,3.0
9039T,Delaware,9,1,False,21.0,2371.0,8.4,10.6,-2.2,2.6,0.05,0.9,31.0,7.0
9039V,Delaware,7,0,False,21.5,1966.0,10.6,8.1,2.5,3.0,0.04,1.1,35.0,6.0
9039Y,Delaware,7,0,False,19.1,4178.0,10.0,9.8,0.2,2.8,0.09,1.1,38.0,3.0
9039Z,Delaware,14,2,True,25.1,262.0,17.8,7.6,10.2,4.2,0.3,1.8,56.0,50.0
19709A,Delaware,2,0,False,12.2,10338.0,3.5,16.9,-13.5,1.4,0.0,0.1,23.0,0.0
34652Z,Maryland,2,0,False,15.2,8308.0,8.5,12.7,-4.2,2.2,0.07,1.0,27.0,4.0
67572A,Delaware,4,0,False,16.3,7222.0,8.7,11.3,-2.5,3.3,0.1,1.1,20.0,0.0
2624C,Missouri,8,1,True,25.0,287.0,17.3,10.2,7.1,3.8,0.23,1.6,53.0,28.0
3707X,Missouri,5,0,False,21.9,1688.0,10.4,8.9,1.5,2.9,0.06,1.2,38.0,35.0
3885A,Missouri,6,1,False,21.4,2059.0,9.8,11.4,-1.6,2.8,0.14,1.1,34.0,21.0
3885D,Missouri,6,0,False,17.9,5478.0,8.6,14.1,-5.5,2.5,0.03,0.6,29.0,25.0
5430A,Missouri,5,0,False,21.2,2203.0,10.8,9.7,1.1,2.0,0.11,1.3,40.0,11.0
5430B,Missouri,4,0,False,19.4,3876.0,11.3,10.6,0.7,3.0,0.04,1.0,45.0,18.0
9065C,Missouri,5,0,False,21.6,1885.0,12.7,6.1,6.6,3.6,0.09,1.4,38.0,14.0
9065H,Missouri,5,0,True,23.8,654.0,15.7,6.7,9.0,2.9,0.04,1.4,39.0,28.0
9065P,Missouri,6,1,True,22.3,1420.0,12.5,9.5,2.9,3.6,0.29,1.6,46.0,36.0
9065S,Missouri,5,0,False,21.6,1885.0,10.0,6.7,3.3,3.2,0.03,1.4,39.0,6.0
9784A,Missouri,13,2,True,24.8,334.0,14.8,7.7,7.1,4.2,0.22,1.6,45.0,33.0
9784C,Missouri,10,2,False,24.8,334.0,16.8,8.6,8.2,4.3,0.18,1.6,46.0,32.0
11811A,Missouri,11,0,True,24.1,542.0,15.0,9.6,5.4,3.4,0.26,1.5,50.0,43.0
23851A,Missouri,7,0,False,20.5,2838.0,10.6,8.2,2.3,3.0,0.18,1.4,32.0,13.0
23851B,Missouri,4,0,False,20.6,2734.0,9.8,9.6,0.2,3.3,0.07,1.1,31.0,8.0
36905X,Missouri,6,1,False,23.4,811.0,14.3,9.7,4.6,3.5,0.26,1.6,46.0,25.0
50130A,Missouri,3,0,False,18.0,5344.0,8.3,11.2,-2.9,2.3,0.0,0.7,38.0,22.0
55732A,Missouri,6,0,True,21.4,2059.0,9.8,11.1,-1.3,2.5,0.03,1.1,43.0,17.0
55732B,Missouri,7,0,False,22.2,1468.0,11.0,11.6,-0.6,2.9,0.15,1.3,33.0,14.0
59708A,Missouri,5,0,False,20.9,2458.0,9.7,6.7,3.0,2.6,0.11,1.1,31.0,16.0
59708B,Missouri,6,0,False,18.0,5344.0,4.5,11.0,-6.5,2.7,0.03,0.7,37.0,13.0
59708C,Missouri,5,0,False,21.3,2133.0,13.7,9.6,4.0,3.4,0.22,1.4,34.0,13.0
69955V,Missouri,5,0,False,20.5,2838.0,9.2,9.8,-0.6,2.7,0.18,1.1,31.0,12.0
69955W,Missouri,5,0,False,25.1,262.0,16.2,6.3,9.9,4.2,0.21,1.6,50.0,14.0
69955X,Missouri,6,1,False,23.9,611.0,18.5,8.3,10.2,2.7,0.06,1.5,47.0,39.0
95872B,Missouri,3,0,False,21.3,2133.0,15.6,9.7,6.0,3.4,0.14,1.6,37.0,22.0
338A,Kentucky,15,3,True,23.4,811.0,13.7,8.7,4.9,3.7,0.29,1.6,47.0,41.0
1229W,Kentucky,12,2,True,25.1,262.0,19.1,9.6,9.5,4.0,0.33,1.9,53.0,41.0
1255A,Kentucky,7,1,False,20.7,2629.0,10.9,12.7,-1.8,3.2,0.16,0.9,37.0,33.0
1255D,Kentucky,8,1,True,23.9,611.0,19.9,5.8,14.1,4.3,0.33,2.0,59.0,40.0
3217K,Kentucky,6,0,False,19.8,3501.0,13.7,12.7,0.9,2.7,0.0,0.9,43.0,17.0
3217T,Kentucky,7,1,False,21.6,1885.0,14.1,12.4,1.6,2.8,0.14,1.5,48.0,27.0
3217X,Kentucky,5,0,False,18.8,4503.0,12.0,8.0,3.9,2.7,0.03,1.0,42.0,6.0
3702G,Kentucky,6,0,False,19.8,3501.0,9.5,9.3,0.3,2.1,0.11,1.0,42.0,23.0
4104A,Kentucky,5,0,True,19.4,3876.0,11.9,13.6,-1.7,2.1,0.07,1.0,40.0,11.0
4438V,Kentucky,5,0,False,20.0,3301.0,15.1,11.4,3.7,2.5,0.15,1.4,41.0,0.0
5631A,Kentucky,10,0,False,22.1,1546.0,13.9,11.0,2.8,3.6,0.23,1.5,41.0,27.0
5631D,Kentucky,8,0,False,18.9,4403.0,5.0,9.9,-4.9,3.2,0.09,1.1,24.0,11.0
6135A,Kentucky,11,2,False,22.3,1420.0,13.2,7.5,5.7,3.4,0.12,1.5,40.0,25.0
7460B,Kentucky,5,0,False,18.9,4403.0,7.1,8.3,-1.2,3.5,0.16,1.4,38.0,13.0
7460D,Kentucky,5,0,False,19.4,3876.0,9.4,9.7,-0.2,3.4,0.08,1.1,33.0,8.0
8349G,Kentucky,13,3,True,24.4,446.0,16.2,9.9,6.2,2.8,0.24,1.7,59.0,28.0
8349T,Kentucky,8,2,False,20.2,3106.0,10.1,13.9,-3.8,2.4,0.04,1.0,38.0,27.0
8349U,Kentucky,13,3,True,25.4,205.0,17.6,9.1,8.5,3.1,0.12,1.5,52.0,40.0
9257B,Kentucky,12,2,False,24.7,368.0,17.7,7.6,10.2,2.9,0.14,1.5,57.0,20.0
9257C,Kentucky,14,3,True,25.8,138.0,19.3,10.3,9.0,3.0,0.26,1.8,58.0,41.0
9257E,Kentucky,9,0,False,20.8,2544.0,10.0,10.7,-0.7,2.9,0.15,1.1,33.0,17.0
9257F,Kentucky,9,1,False,22.0,1618.0,12.6,9.9,2.7,3.7,0.15,1.4,38.0,23.0
9257R,Kentucky,13,3,False,24.9,312.0,15.7,11.3,4.4,3.5,0.28,1.7,49.0,37.0
9257X,Kentucky,8,1,False,21.0,2371.0,9.1,11.9,-2.8,2.6,0.12,1.2,42.0,13.0
20313A,Kentucky,6,0,False,19.3,3976.0,6.0,8.9,-2.9,2.4,0.1,1.2,25.0,10.0
20313B,Kentucky,6,0,False,19.1,4178.0,8.5,14.1,-5.7,2.1,0.12,1.0,34.0,21.0
31344B,Kentucky,4,0,False,18.1,5246.0,8.2,10.9,-2.7,2.9,0.18,1.0,20.0,20.0
36421A,Kentucky,3,0,False,11.8,10533.0,2.9,14.1,-11.2,2.2,0.0,0.3,32.0,13.0
38141D,Kentucky,7,2,False,20.5,2838.0,11.8,13.5,-1.7,2.6,0.08,1.1,41.0,17.0
53863H,Kentucky,9,2,False,23.3,854.0,17.8,10.2,7.6,3.2,0.19,1.6,47.0,26.0
54225A,Kentucky,4,0,False,18.1,5246.0,6.3,13.4,-7.1,2.9,0.0,0.7,30.0,8.0
65554A,Kentucky,7,0,False,20.6,2734.0,15.3,8.3,7.0,2.8,0.17,1.3,37.0,12.0
74602A,Kentucky,5,0,False,19.8,3501.0,8.1,11.5,-3.4,2.9,0.0,0.8,34.0,14.0
74656A,Kentucky,2,0,False,18.4,4926.0,13.1,6.6,6.6,4.3,0.25,1.6,39.0,17.0
95993A,Kentucky,5,0,True,17.6,5826.0,10.1,16.7,-6.6,2.6,0.0,0.6,43.0,35.0
97834A,Kentucky,6,0,False,20.0,3301.0,10.5,8.4,2.1,2.8,0.05,1.1,32.0,7.0
97834C,Kentucky,6,0,False,20.5,2838.0,11.2,9.6,1.6,2.4,0.05,1.0,37.0,11.0
97834F,Kentucky,6,0,False,19.8,3501.0,12.0,10.1,1.8,3.4,0.14,1.0,37.0,23.0
97834X,Kentucky,6,0,False,20.1,3207.0,10.9,9.6,1.2,2.4,0.0,0.9,37.0,11.0
2708A,Kansas,6,0,False,22.1,1546.0,14.4,8.2,6.2,3.4,0.03,1.3,39.0,16.0
7862A,Kansas,5,0,False,19.9,3397.0,10.2,14.3,-4.2,3.5,0.15,1.0,26.0,0.0
7862C,Kansas,4,0,False,19.9,3397.0,8.7,8.0,0.7,3.2,0.04,1.0,36.0,10.0
7862G,Kansas,4,0,False,18.9,4403.0,7.6,8.9,-1.3,3.6,0.07,1.1,35.0,10.0
7862H,Kansas,8,1,False,24.7,368.0,14.3,7.7,6.6,3.6,0.12,1.7,46.0,20.0
7862J,Kansas,6,0,False,22.1,1546.0,16.8,6.0,10.7,2.8,0.12,1.6,41.0,12.0
7862K,Kansas,8,0,False,23.9,611.0,14.3,8.3,6.0,3.2,0.09,1.4,49.0,32.0
7862M,Kansas,8,0,False,22.1,1546.0,10.8,11.6,-0.8,2.9,0.15,1.1,34.0,8.0
7862N,Kansas,3,0,False,18.9,4403.0,10.5,11.8,-1.3,3.0,0.0,0.7,34.0,18.0
7862T,Kansas,5,0,False,22.2,1468.0,13.8,8.1,5.7,3.2,0.15,1.4,37.0,24.0
7862V,Kansas,4,0,False,17.5,5947.0,9.7,8.7,1.0,3.7,0.05,1.1,30.0,19.0
15352A,Kansas,9,1,False,24.4,446.0,16.7,5.6,11.2,4.2,0.2,1.7,46.0,26.0
15352B,Kansas,9,1,False,22.6,1250.0,11.1,8.9,2.2,3.3,0.11,1.2,40.0,11.0
17771C,Kansas,7,0,False,22.8,1104.0,13.9,8.1,5.8,3.0,0.02,1.5,52.0,11.0
17771D,Kansas,6,0,False,22.4,1363.0,13.2,7.7,5.4,3.1,0.15,1.5,41.0,20.0
50027A,Kansas,5,0,False,19.7,3601.0,10.8,9.3,1.4,3.0,0.03,1.1,30.0,22.0
66086G,Kansas,10,0,False,23.3,854.0,12.2,9.8,2.4,3.4,0.11,1.3,37.0,20.0
66086J,Kansas,10,1,True,24.8,334.0,18.2,5.7,12.5,4.0,0.24,1.7,45.0,28.0
67101G,Kansas,12,3,True,24.0,566.0,14.2,10.7,3.6,2.8,0.15,1.3,50.0,25.0
67101R,Kansas,9,1,True,23.1,942.0,14.6,13.1,1.6,3.2,0.21,1.4,43.0,35.0
67101X,Kansas,7,1,True,22.5,1313.0,14.5,8.1,6.3,4.1,0.13,1.5,37.0,22.0
67147A,Kansas,9,0,False,19.0,4293.0,7.9,9.1,-1.2,2.7,0.03,1.1,34.0,15.0
67147X,Kansas,8,0,False,17.5,5947.0,7.4,10.9,-3.5,3.8,0.07,0.9,38.0,11.0
98471B,Kansas,6,0,True,18.9,4403.0,9.3,12.9,-3.6,1.5,0.06,0.8,39.0,35.0
295A,California,8,1,False,22.7,1176.0,12.6,12.1,0.5,2.8,0.25,1.2,50.0,38.0
295R,California,8,1,False,21.7,1822.0,11.8,12.3,-0.5,2.5,0.18,1.2,53.0,26.0
295S,California,7,1,False,24.5,413.0,16.1,9.1,6.9,3.5,0.37,1.6,53.0,23.0
295V,California,6,0,False,21.1,2288.0,13.3,10.4,2.9,3.7,0.25,1.3,51.0,45.0
295Y,California,7,1,False,25.6,174.0,21.8,8.8,13.0,3.0,0.32,2.0,59.0,44.0
315A,California,9,2,False,22.0,1618.0,12.6,11.7,0.9,2.9,0.38,1.5,43.0,39.0
315E,California,6,1,False,22.3,1420.0,15.6,9.2,6.4,4.1,0.52,1.9,48.0,47.0
315N,California,7,3,True,24.1,542.0,16.9,11.1,5.7,3.9,0.48,2.0,56.0,57.0
392X,California,14,2,True,25.6,174.0,16.6,12.7,3.9,3.5,0.34,1.6,50.0,40.0
733A,California,8,0,False,22.0,1618.0,13.7,9.9,3.8,3.0,0.24,1.3,47.0,16.0
1000A,California,15,4,True,26.5,67.0,17.4,13.5,3.9,4.0,0.61,2.1,51.0,0.0
1095R,California,11,3,True,28.1,5.0,21.5,12.9,8.5,4.7,0.84,2.5,62.0,59.0
1135E,California,6,1,False,20.9,2458.0,13.5,13.4,0.1,3.0,0.29,1.5,52.0,32.0
1228S,California,12,2,True,24.5,413.0,15.3,12.4,3.0,3.4,0.37,1.7,56.0,50.0
1516X,California,7,0,False,23.7,695.0,16.1,12.1,4.1,3.4,0.36,1.7,44.0,40.0
1669Y,California,2,0,False,19.0,4293.0,11.3,14.7,-3.4,1.5,0.19,0.7,36.0,9.0
1698V,California,25,6,False,27.1,26.0,18.1,11.4,6.7,4.2,0.65,2.3,53.0,45.0
1806X,California,13,1,False,24.2,511.0,14.9,12.0,2.9,2.9,0.34,1.5,58.0,42.0
1868A,California,9,0,True,19.3,3976.0,8.5,14.9,-6.4,2.9,0.17,0.8,37.0,20.0
2041V,California,11,1,True,22.8,1104.0,16.0,11.8,4.2,3.3,0.34,1.7,58.0,51.0
2130X,California,5,1,True,20.7,2629.0,13.3,14.2,-0.9,3.7,0.26,1.1,54.0,51.0
2154A,California,14,1,True,25.0,287.0,18.9,10.6,8.4,3.5,0.42,1.8,60.0,51.0
2550C,California,4,0,False,21.9,1688.0,8.4,10.5,-2.1,2.5,0.12,1.3,50.0,37.0
2550R,California,9,1,False,23.3,854.0,12.2,9.7,2.6,2.8,0.2,1.4,48.0,30.0
3025B,California,8,0,False,23.3,854.0,17.4,9.1,8.4,4.1,0.64,2.2,55.0,45.0
3134R,California,17,3,True,26.1,106.0,17.8,8.7,9.1,4.5,0.64,2.3,60.0,56.0
3303K,California,10,1,False,20.8,2544.0,10.1,13.0,-2.9,3.0,0.2,1.0,52.0,50.0
3303M,California,10,0,False,20.8,2544.0,9.7,12.8,-3.1,2.1,0.14,1.0,39.0,21.0
3457A,California,11,1,False,21.7,1822.0,10.2,12.0,-1.8,2.1,0.05,1.0,33.0,13.0
3457F,California,11,1,True,21.7,1822.0,11.7,13.8,-2.1,2.3,0.17,1.1,41.0,14.0
3457S,California,7,0,False,23.1,942.0,16.3,12.9,3.4,4.1,0.35,1.6,49.0,14.0
3848U,California,13,2,True,23.3,854.0,14.2,12.8,1.4,3.3,0.25,1.3,62.0,60.0
5327A,California,7,2,False,23.2,895.0,16.6,11.8,4.8,3.4,0.31,1.6,52.0,27.0
5327C,California,12,2,False,22.8,1104.0,12.1,12.2,-0.1,2.8,0.25,1.3,48.0,25.0
5327K,California,12,4,False,23.2,895.0,15.0,13.9,1.1,2.5,0.16,1.2,58.0,46.0
5327R,California,10,2,False,21.7,1822.0,13.6,10.7,2.9,2.9,0.19,1.3,36.0,29.0
5327V,California,7,1,False,23.6,730.0,14.5,14.3,0.2,2.7,0.43,1.5,52.0,45.0
5327Y,California,12,3,False,22.8,1104.0,12.6,15.1,-2.4,2.6,0.24,1.2,42.0,40.0
5776A,California,9,1,False,21.8,1761.0,13.9,13.6,0.4,3.0,0.25,1.3,41.0,8.0
5776E,California,8,1,False,20.1,3207.0,10.9,17.3,-6.4,2.2,0.2,0.8,49.0,42.0
5776K,California,8,1,True,22.3,1420.0,11.7,11.6,0.1,3.1,0.37,1.3,47.0,35.0
5776T,California,12,1,False,23.7,695.0,15.6,11.4,4.2,3.2,0.35,1.5,43.0,36.0
6374B,California,12,1,True,25.1,262.0,17.9,11.0,6.9,3.5,0.4,1.9,59.0,54.0
8000C,California,9,3,True,21.5,1966.0,16.2,15.9,0.3,3.5,0.33,1.4,55.0,53.0
8000X,California,12,3,True,23.4,811.0,14.6,12.4,2.3,3.4,0.35,1.4,52.0,59.0
9141A,California,8,0,False,19.8,3501.0,11.1,11.8,-0.7,2.7,0.26,1.0,52.0,34.0
9378Z,California,4,0,False,24.0,566.0,17.0,5.2,11.8,4.1,0.08,1.4,39.0,12.0
10009A,California,18,4,True,26.2,96.0,18.9,13.5,5.4,4.0,0.46,2.0,61.0,57.0
11101B,California,17,5,True,28.4,2.0,19.3,10.2,9.1,4.6,0.69,2.3,58.0,55.0
11101X,California,16,3,True,25.7,155.0,18.5,13.1,5.4,3.9,0.56,2.1,59.0,46.0
11551A,California,11,2,False,24.2,511.0,12.0,10.9,1.1,3.4,0.34,1.5,44.0,27.0
12478X,California,14,2,True,24.6,390.0,16.7,10.5,6.3,3.9,0.58,2.0,56.0,50.0
18888A,California,11,2,True,25.5,188.0,17.6,11.0,6.7,3.2,0.42,1.7,53.0,34.0
19359A,California,6,0,True,21.3,2133.0,17.2,9.3,7.8,3.3,0.29,1.5,48.0,37.0
19359D,California,5,0,False,19.3,3976.0,13.1,12.7,0.4,2.0,0.12,0.9,45.0,26.0
29712C,California,9,1,False,24.5,413.0,16.2,8.0,8.2,3.9,0.29,1.6,56.0,41.0
39599C,California,7,0,True,20.2,3106.0,6.5,8.8,-2.4,2.5,0.16,1.0,30.0,7.0
57827A,California,11,1,False,22.4,1363.0,12.2,13.1,-0.9,2.5,0.22,1.2,47.0,25.0
58418A,California,6,0,False,20.3,3012.0,14.4,13.4,1.0,3.5,0.35,1.4,47.0,36.0
58593A,California,13,0,False,22.7,1176.0,14.1,11.6,2.5,2.7,0.27,1.3,41.0,35.0
66957B,California,7,0,False,23.2,895.0,16.1,9.7,6.4,3.1,0.2,1.4,33.0,21.0
68699C,California,11,0,False,22.7,1176.0,13.6,11.3,2.3,3.1,0.34,1.5,34.0,34.0
77787B,California,17,3,True,22.8,1104.0,18.1,13.6,4.4,2.9,0.37,1.5,62.0,61.0
77787W,California,11,0,False,22.6,1250.0,13.2,12.6,0.7,2.7,0.27,1.3,46.0,30.0
80001B,California,11,2,True,26.5,67.0,20.8,13.5,7.3,3.7,0.57,2.2,64.0,58.0
80001C,California,5,1,False,22.2,1468.0,16.9,10.9,6.0,4.1,0.38,1.7,44.0,35.0
88909B,California,12,0,False,22.8,1104.0,14.2,11.6,2.5,3.2,0.29,1.6,37.0,26.0
94027A,California,7,2,False,21.1,2288.0,11.9,13.8,-1.9,2.6,0.09,0.8,43.0,31.0
94517A,California,7,0,False,22.4,1363.0,16.4,14.2,2.2,3.7,0.32,1.4,60.0,40.0
94517X,California,21,3,True,25.5,188.0,20.4,10.4,10.1,3.7,0.49,1.9,54.0,45.0
95071E,California,10,1,False,22.6,1250.0,13.6,12.0,1.7,2.9,0.32,1.4,49.0,45.0
95071R,California,11,1,False,23.3,854.0,14.8,11.6,3.3,3.1,0.37,1.7,46.0,17.0
95071U,California,9,1,False,20.7,2629.0,11.2,16.5,-5.3,2.1,0.28,1.2,38.0,38.0
95071V,California,8,1,False,22.8,1104.0,12.8,16.1,-3.4,2.6,0.27,1.3,50.0,29.0
95071X,California,15,1,True,26.6,54.0,20.2,13.7,6.5,4.5,0.53,2.0,55.0,57.0
95111V,California,11,1,True,24.2,511.0,17.8,12.3,5.6,3.8,0.52,1.8,54.0,47.0
95111X,California,6,1,False,21.8,1761.0,11.7,14.0,-2.4,3.6,0.26,1.2,36.0,0.0
95212A,California,7,0,False,22.0,1618.0,13.4,9.4,4.1,3.1,0.09,1.2,48.0,21.0
1022A,British Columbia,6,0,False,20.6,2734.0,9.6,8.9,0.8,2.9,0.02,1.0,36.0,0.0
1022B,British Columbia,5,0,False,19.3,3976.0,5.6,10.9,-5.3,1.8,0.0,0.8,25.0,0.0
1022E,British Columbia,4,0,False,19.8,3501.0,9.3,7.7,1.6,3.3,0.0,0.9,30.0,3.0
1022H,British Columbia,6,0,False,22.5,1313.0,15.0,7.4,7.6,3.1,0.05,1.4,42.0,3.0
1022K,British Columbia,4,0,False,19.2,4071.0,4.8,12.5,-7.7,2.6,0.0,0.6,18.0,0.0
1022R,British Columbia,7,0,True,27.4,14.0,20.9,1.6,19.2,5.0,0.12,2.0,53.0,36.0
1022Z,British Columbia,7,0,True,23.9,611.0,18.8,5.6,13.2,4.0,0.07,1.8,56.0,17.0
1290A,British Columbia,4,0,False,18.6,4715.0,6.4,9.3,-2.9,2.6,0.04,0.8,38.0,8.0
1290C,British Columbia,4,0,False,19.6,3703.0,7.2,8.0,-0.8,3.6,0.07,1.4,12.0,0.0
1290F,British Columbia,4,0,False,18.8,4503.0,4.2,9.1,-5.0,2.5,0.0,1.0,13.0,0.0
1290H,British Columbia,4,0,False,17.2,6264.0,8.7,8.6,0.1,3.5,0.0,0.9,20.0,0.0
1290M,British Columbia,4,0,False,20.6,2734.0,8.3,8.9,-0.6,3.5,0.11,1.2,18.0,0.0
1290W,British Columbia,4,0,False,19.0,4293.0,4.9,11.8,-6.9,2.6,0.04,0.8,13.0,0.0
1290X,British Columbia,4,0,False,19.0,4293.0,6.5,11.9,-5.4,2.8,0.0,0.9,13.0,0.0
6264A,British Columbia,4,0,False,20.4,2925.0,10.0,11.4,-1.4,3.6,0.0,0.9,34.0,8.0
6264W,British Columbia,3,0,False,19.8,3501.0,10.0,6.0,3.9,3.0,0.0,1.0,39.0,31.0
7842A,British Columbia,6,0,False,18.7,4605.0,2.2,12.7,-10.5,2.4,0.02,0.7,20.0,5.0
7842B,British Columbia,6,0,False,17.3,6161.0,1.0,11.3,-10.3,2.1,0.0,0.4,20.0,0.0
7842C,British Columbia,2,0,False,15.6,7907.0,6.1,17.9,-11.7,2.0,0.07,0.7,25.0,0.0
7842F,British Columbia,7,1,True,24.1,542.0,15.7,8.5,7.1,3.7,0.13,1.6,44.0,14.0
7842P,British Columbia,5,0,False,21.6,1885.0,10.6,6.3,4.3,2.4,0.0,1.5,26.0,0.0
7842S,British Columbia,6,1,False,21.0,2371.0,10.6,8.5,2.1,3.3,0.11,1.2,37.0,15.0
7842W,British Columbia,4,0,False,18.0,5344.0,5.4,13.6,-8.1,3.2,0.07,0.9,18.0,0.0
7842Z,British Columbia,7,1,True,24.5,413.0,17.2,5.7,11.4,3.5,0.02,1.6,46.0,8.0
64064A,British Columbia,4,0,False,18.6,4715.0,7.3,9.4,-2.1,2.7,0.0,1.2,23.0,5.0
64064E,British Columbia,6,0,False,18.8,4503.0,4.8,10.1,-5.2,2.2,0.02,0.7,26.0,10.0
6116A,Wyoming,3,0,False,16.2,7317.0,7.5,5.2,2.3,1.2,0.0,1.1,25.0,0.0
22635B,Wyoming,2,0,False,11.5,10655.0,3.3,16.1,-12.8,2.2,0.0,0.5,4.0,0.0
22635C,Wyoming,2,0,False,17.4,6052.0,6.5,7.6,-1.1,4.5,0.0,1.1,6.0,0.0
22635D,Wyoming,2,0,False,13.1,9863.0,4.0,11.1,-7.1,2.4,0.0,0.6,8.0,0.0
22635E,Wyoming,2,0,False,14.1,9191.0,1.7,12.5,-10.8,1.9,0.0,0.5,6.0,0.0
82718B,Wyoming,4,0,False,19.2,4071.0,9.4,6.2,3.2,3.1,0.03,1.1,27.0,6.0
82718E,Wyoming,5,0,False,24.3,477.0,17.2,8.4,8.9,4.1,0.14,1.6,37.0,15.0
82718F,Wyoming,5,0,True,20.5,2838.0,12.8,4.8,8.0,3.7,0.07,1.5,45.0,16.0
82718G,Wyoming,4,0,False,18.4,4926.0,5.5,8.6,-3.1,2.1,0.03,0.7,23.0,4.0
82718H,Wyoming,6,0,True,21.8,1761.0,12.7,8.9,3.8,2.9,0.07,1.3,43.0,17.0
283P,Nevada,12,2,True,21.5,1966.0,10.0,11.2,-1.1,3.2,0.04,0.9,36.0,29.0
283S,Nevada,10,2,False,21.0,2371.0,4.9,10.1,-5.1,2.3,0.07,1.0,33.0,0.0
945G,Nevada,6,0,True,25.0,287.0,19.4,4.3,15.1,4.4,0.28,1.9,42.0,12.0
1381P,Nevada,14,1,True,26.0,118.0,17.8,7.9,9.9,4.0,0.15,1.7,45.0,47.0
1745A,Nevada,7,0,False,20.9,2458.0,9.0,9.2,-0.2,2.7,0.02,1.0,36.0,17.0
1745E,Nevada,8,0,False,22.9,1042.0,12.5,7.6,4.9,3.1,0.14,1.4,38.0,0.0
2530A,Nevada,8,1,False,20.9,2458.0,8.9,13.8,-5.0,2.8,0.05,1.0,44.0,9.0
2530B,Nevada,7,1,False,22.6,1250.0,9.3,9.2,0.1,3.2,0.07,1.4,36.0,13.0
6891T,Nevada,5,0,False,22.6,1250.0,13.1,7.0,6.1,3.5,0.09,1.5,34.0,13.0
7870A,Nevada,7,0,False,24.0,566.0,11.2,6.1,5.1,3.7,0.11,1.5,38.0,0.0
7870X,Nevada,6,0,False,24.1,542.0,15.4,12.8,2.6,3.9,0.29,1.6,48.0,26.0
7870Y,Nevada,8,0,True,25.3,220.0,15.5,8.3,7.2,2.7,0.09,1.4,55.0,34.0
7870Z,Nevada,8,0,True,22.9,1042.0,9.8,11.3,-1.5,3.1,0.05,1.1,34.0,16.0
8871R,Nevada,5,0,False,22.0,1618.0,11.8,9.9,1.9,2.9,0.15,1.5,31.0,17.0
10058A,Nevada,9,1,False,23.0,986.0,11.7,7.5,4.2,3.5,0.12,1.2,40.0,18.0
19191S,Nevada,6,0,False,21.0,2371.0,6.9,8.3,-1.4,2.7,0.0,1.1,29.0,3.0
45577A,Nevada,6,0,False,20.9,2458.0,8.6,8.0,0.6,3.4,0.08,1.2,38.0,36.0
61353C,Nevada,4,0,False,21.0,2371.0,8.6,9.5,-1.0,2.9,0.04,1.2,42.0,7.0
67002E,Nevada,6,0,True,22.9,1042.0,17.6,7.6,10.0,4.5,0.19,1.8,45.0,37.0
67002F,Nevada,7,0,True,25.8,138.0,17.4,8.0,9.4,3.9,0.24,1.9,46.0,26.0
67002V,Nevada,6,0,False,24.1,542.0,17.0,9.2,7.8,3.6,0.13,1.7,48.0,7.0
74177B,Nevada,6,0,False,20.9,2458.0,9.9,11.1,-1.2,3.0,0.07,1.0,35.0,8.0
74177G,Nevada,5,0,False,21.4,2059.0,10.6,9.1,1.5,2.4,0.03,1.1,27.0,8.0
74177H,Nevada,5,0,False,24.8,334.0,18.7,5.4,13.3,3.9,0.24,2.1,39.0,24.0
74177J,Nevada,7,1,False,22.3,1420.0,10.0,8.5,1.5,3.6,0.11,1.2,37.0,11.0
74177M,Nevada,8,1,False,24.3,477.0,14.0,8.7,5.2,2.6,0.1,1.3,41.0,24.0
75551B,Nevada,5,0,False,21.0,2371.0,6.3,7.4,-1.1,2.9,0.09,1.0,40.0,21.0
89040B,Nevada,10,1,True,25.5,188.0,18.7,5.2,13.6,4.2,0.29,2.1,59.0,53.0
89052A,Nevada,5,0,False,22.2,1468.0,7.2,6.0,1.2,3.3,0.03,1.3,26.0,0.0
89131A,Nevada,8,0,False,20.9,2458.0,5.3,8.5,-3.2,3.2,0.05,1.1,31.0,14.0
89445A,Nevada,5,0,False,20.8,2544.0,7.9,8.4,-0.5,3.4,0.05,1.1,26.0,0.0
89445B,Nevada,6,0,True,26.0,118.0,17.7,5.2,12.5,4.0,0.17,2.0,39.0,25.0
89445C,Nevada,5,0,False,19.8,3501.0,6.1,11.9,-5.8,2.7,0.0,0.9,13.0,8.0
89445D,Nevada,5,0,False,20.9,2458.0,10.2,7.1,3.1,3.4,0.05,1.1,30.0,3.0
91630N,Nevada,6,0,False,21.4,2059.0,7.0,9.1,-2.1,2.9,0.0,1.2,33.0,22.0
97970A,Nevada,5,0,False,22.9,1042.0,10.1,8.7,1.4,3.0,0.03,1.3,46.0,16.0
1168A,Oregon,11,4,True,26.4,79.0,20.0,11.1,8.8,4.3,0.22,1.9,59.0,41.0
1460A,Oregon,10,0,False,23.2,895.0,10.6,8.0,2.6,3.2,0.05,1.3,36.0,10.0
1460F,Oregon,7,0,False,19.8,3501.0,6.4,10.9,-4.5,2.6,0.0,0.9,36.0,13.0
1460G,Oregon,8,0,False,24.3,477.0,14.8,6.0,8.8,3.6,0.06,1.6,41.0,13.0
1460M,Oregon,9,0,False,22.2,1468.0,11.2,6.8,4.4,3.3,0.11,1.3,43.0,6.0
1460T,Oregon,9,0,True,25.5,188.0,16.4,6.7,9.7,3.7,0.06,1.7,44.0,30.0
1460W,Oregon,8,0,False,19.5,3781.0,5.7,9.0,-3.3,2.1,0.0,0.9,35.0,8.0
1812X,Oregon,10,0,False,22.5,1313.0,10.6,7.5,3.1,3.2,0.06,1.3,34.0,10.0
2990F,Oregon,7,0,False,21.1,2288.0,5.5,6.2,-0.8,3.6,0.04,1.1,28.0,3.0
2990S,Oregon,5,0,False,22.0,1618.0,7.2,4.5,2.7,2.6,0.0,1.3,32.0,3.0
2990U,Oregon,8,0,False,26.0,118.0,14.2,4.6,9.7,3.2,0.11,1.6,47.0,17.0
2990V,Oregon,8,0,True,22.6,1250.0,9.6,6.8,2.8,2.9,0.04,1.2,30.0,8.0
2990X,Oregon,9,1,True,24.2,511.0,13.8,7.5,6.2,3.1,0.1,1.5,45.0,29.0
3017D,Oregon,9,2,True,23.8,654.0,15.5,7.3,8.2,3.2,0.05,1.4,52.0,20.0
3017G,Oregon,5,0,False,21.3,2133.0,7.9,6.9,1.0,2.0,0.05,1.2,28.0,0.0
3017W,Oregon,6,0,False,20.1,3207.0,6.9,7.7,-0.8,2.7,0.02,1.1,33.0,20.0
3017X,Oregon,6,1,False,23.6,730.0,14.2,5.3,8.9,3.5,0.09,1.5,36.0,11.0
3017Y,Oregon,7,1,False,22.7,1176.0,12.3,9.0,3.3,3.0,0.05,1.2,39.0,5.0
3249F,Washington,4,0,False,22.6,1250.0,17.0,9.2,7.9,4.4,0.04,1.7,39.0,8.0
3249R,Washington,6,0,True,20.5,2838.0,10.3,10.4,-0.2,3.6,0.04,1.2,29.0,5.0
3249V,Washington,5,0,False,19.0,4293.0,5.4,12.4,-7.0,2.0,0.0,0.7,23.0,3.0
5686J,Oregon,7,0,False,19.1,4178.0,2.4,8.9,-6.5,2.6,0.02,0.8,20.0,0.0
5686R,Oregon,9,1,False,21.2,2203.0,8.5,9.9,-1.3,3.0,0.06,1.1,18.0,9.0
5686W,Oregon,8,0,False,19.8,3501.0,4.5,8.4,-3.9,2.3,0.02,0.8,30.0,8.0
5686X,Oregon,10,1,False,21.9,1688.0,9.3,8.1,1.2,3.1,0.0,1.1,40.0,3.0
16689A,Oregon,11,4,True,26.1,106.0,17.8,11.6,6.2,3.4,0.21,1.7,58.0,53.0
16689E,Oregon,9,1,True,25.2,240.0,15.2,8.1,7.1,3.8,0.1,1.7,45.0,30.0
20281A,Oregon,6,0,False,19.9,3397.0,4.7,12.1,-7.4,2.2,0.0,0.5,16.0,0.0
20281B,Oregon,6,0,False,20.3,3012.0,7.7,6.6,1.1,3.5,0.02,1.0,32.0,0.0
27508A,Oregon,9,0,False,23.8,654.0,11.2,4.7,6.5,4.0,0.1,1.5,41.0,11.0
27508B,Oregon,9,0,False,22.4,1363.0,7.6,6.0,1.6,3.4,0.0,1.1,32.0,0.0
27508E,Oregon,10,0,False,19.6,3703.0,3.7,8.5,-4.9,2.3,0.0,0.7,37.0,0.0
27508F,Oregon,9,0,False,23.6,730.0,12.1,6.9,5.2,3.0,0.06,1.3,43.0,3.0
41998H,Oregon,8,1,False,21.7,1822.0,5.1,10.8,-5.7,2.2,0.02,0.9,34.0,3.0
41998J,Oregon,9,1,True,25.8,138.0,17.2,7.5,9.7,3.8,0.06,1.6,45.0,30.0
51581B,Oregon,7,0,False,20.7,2629.0,14.8,10.4,4.5,3.9,0.14,1.2,33.0,0.0
51581D,Oregon,7,0,False,20.6,2734.0,5.3,8.5,-3.2,3.0,0.04,0.8,32.0,8.0
51581E,Oregon,8,0,True,25.6,174.0,15.6,7.7,7.9,4.4,0.12,1.6,41.0,11.0
54907A,Oregon,7,0,True,24.1,542.0,12.4,3.7,8.7,3.6,0.0,1.6,28.0,11.0
97027E,Oregon,6,0,False,22.8,1104.0,10.5,8.0,2.4,3.9,0.14,1.4,40.0,12.0
85D,Iowa,3,0,False,20.6,2734.0,8.6,5.1,3.5,4.1,0.0,1.4,10.0,0.0
12999M,Iowa,4,0,False,17.3,6161.0,1.2,3.6,-2.4,2.1,0.0,0.6,20.0,0.0
65892A,Iowa,5,0,False,18.7,4605.0,4.7,7.0,-2.3,2.6,0.0,1.0,20.0,10.0
65892C,Iowa,4,0,False,15.8,7698.0,-1.7,9.4,-11.2,2.5,0.0,0.6,15.0,0.0
65892D,Iowa,5,0,True,17.4,6052.0,3.6,6.2,-2.6,3.2,0.03,1.1,20.0,0.0
870A,Texas,4,0,False,12.1,10399.0,2.9,15.5,-12.5,1.9,0.0,0.4,15.0,0.0
12161B,Texas,9,0,True,21.7,1822.0,11.5,7.8,3.7,2.9,0.05,1.3,39.0,35.0
1089E,Pennsylvania,6,0,False,19.1,4178.0,6.6,9.3,-2.7,2.9,0.1,1.1,38.0,13.0
83561A,Pennsylvania,8,0,True,23.1,942.0,16.0,6.7,9.4,3.4,0.04,1.4,45.0,25.0
63544B,Florida,4,0,False,19.7,3601.0,11.6,5.8,5.8,4.4,0.15,1.4,33.0,0.0
62880B,New York,7,0,True,21.6,1885.0,14.9,6.8,8.0,2.9,0.04,1.1,44.0,27.0
1239E,Oklahoma,11,3,True,25.7,155.0,18.0,7.8,10.2,4.2,0.37,1.9,59.0,41.0
1474M,Oklahoma,10,0,False,23.8,654.0,14.7,7.5,7.2,3.7,0.2,1.7,42.0,30.0
1739C,Oklahoma,5,0,True,24.4,446.0,19.9,8.7,11.2,4.5,0.52,2.2,61.0,54.0
2396B,Oklahoma,6,0,False,20.5,2838.0,8.3,11.1,-2.8,2.2,0.07,1.0,29.0,17.0
2396C,Oklahoma,6,0,False,19.8,3501.0,10.1,9.9,0.3,2.7,0.07,1.1,31.0,14.0
6062A,Oklahoma,6,0,False,20.8,2544.0,12.0,10.5,1.5,3.2,0.11,1.0,40.0,19.0
9142B,Oklahoma,9,0,True,22.3,1420.0,10.8,8.4,2.4,3.1,0.08,1.3,40.0,9.0
9142D,Oklahoma,8,0,False,20.0,3301.0,7.9,9.7,-1.8,2.8,0.08,1.0,33.0,10.0
9142P,Oklahoma,8,0,False,19.4,3876.0,8.3,11.9,-3.6,2.6,0.05,0.8,27.0,18.0
9545Y,Oklahoma,5,0,False,21.6,1885.0,12.3,9.6,2.8,3.0,0.03,1.2,34.0,5.0
16021G,Oklahoma,4,0,False,21.7,1822.0,14.8,10.1,4.7,2.8,0.2,1.4,33.0,4.0
16021N,Oklahoma,4,0,False,20.0,3301.0,8.2,14.4,-6.2,2.7,0.0,0.8,37.0,5.0
16021S,Oklahoma,4,0,False,20.5,2838.0,13.4,7.3,6.1,3.6,0.13,1.5,23.0,3.0
20131A,Oklahoma,15,0,False,23.0,986.0,8.6,7.1,1.5,3.0,0.1,1.4,42.0,18.0
20541B,Oklahoma,11,0,True,24.6,390.0,16.6,5.7,10.8,3.5,0.13,1.7,39.0,12.0
20541D,Oklahoma,10,0,True,19.2,4071.0,5.6,13.7,-8.0,2.1,0.08,0.7,36.0,15.0
24658A,Oklahoma,7,1,True,24.1,542.0,15.4,9.4,6.0,2.6,0.15,1.5,47.0,28.0
74019B,Oklahoma,7,0,False,21.0,2371.0,6.2,8.4,-2.1,3.6,0.06,1.0,26.0,8.0
74074D,Oklahoma,5,0,False,19.0,4293.0,10.4,11.4,-1.0,2.2,0.19,1.1,38.0,18.0
74074R,Oklahoma,8,0,True,25.1,262.0,17.2,6.9,10.3,3.8,0.22,1.9,43.0,20.0
74074X,Oklahoma,8,1,True,23.3,854.0,12.0,8.8,3.1,2.8,0.2,1.5,44.0,36.0
74074Y,Oklahoma,10,1,True,28.0,6.0,25.6,5.9,19.7,4.5,0.52,2.3,56.0,49.0
74074Z,Oklahoma,5,0,False,20.3,3012.0,9.5,13.1,-3.7,2.5,0.1,0.9,22.0,0.0
74403W,Oklahoma,7,0,False,19.8,3501.0,8.1,10.1,-2.0,2.4,0.06,1.0,29.0,13.0
74403X,Oklahoma,7,0,False,21.5,1966.0,12.9,8.4,4.5,3.0,0.04,1.2,37.0,11.0
74403Z,Oklahoma,7,0,False,19.5,3781.0,5.3,12.7,-7.4,1.7,0.02,0.8,25.0,10.0
76892E,Oklahoma,6,1,False,22.1,1546.0,11.4,10.4,0.9,2.8,0.2,1.3,44.0,0.0
91825B,Oklahoma,4,0,False,20.6,2734.0,8.9,10.1,-1.2,2.3,0.16,1.0,37.0,0.0
91825C,Oklahoma,4,0,False,19.3,3976.0,10.8,11.2,-0.4,2.5,0.06,0.9,29.0,8.0
6403C,Ohio,9,1,False,19.1,4178.0,4.2,7.8,-3.6,2.5,0.02,1.0,20.0,13.0
6403X,Ohio,11,1,True,20.5,2838.0,8.1,10.2,-2.0,3.4,0.03,1.0,33.0,14.0
42501F,Ohio,7,0,False,18.1,5246.0,1.1,6.7,-5.6,1.9,0.0,0.7,20.0,10.0
43779P,Ohio,8,1,True,21.2,2203.0,9.4,4.1,5.3,3.9,0.06,1.2,36.0,27.0
45133D,Ohio,5,0,False,18.2,5141.0,6.2,11.9,-5.7,2.8,0.08,0.9,20.0,10.0
50298B,Ohio,5,0,False,20.2,3106.0,11.2,7.5,3.7,3.7,0.12,1.4,22.0,10.0
4951A,Oklahoma,6,0,False,21.3,2133.0,10.4,8.8,1.6,2.9,0.02,1.0,34.0,3.0
9545M,Oklahoma,8,0,False,23.4,811.0,10.2,6.0,4.2,2.8,0.03,1.4,31.0,4.0
9545W,Oklahoma,6,0,False,22.2,1468.0,9.3,6.2,3.1,4.1,0.04,1.2,26.0,8.0
9545X,Oklahoma,10,0,True,26.3,89.0,21.6,3.2,18.4,3.9,0.1,1.9,51.0,27.0
84260C,Arkansas,6,0,False,22.6,1250.0,8.7,11.0,-2.3,2.3,0.0,0.8,30.0,23.0
84260M,Arkansas,7,0,False,22.6,1250.0,8.7,6.4,2.3,3.5,0.0,1.3,33.0,13.0
84260N,Arkansas,7,0,False,23.8,654.0,13.0,5.8,7.2,3.1,0.02,1.4,34.0,20.0
5E,Nebraska,5,0,False,21.1,2288.0,16.0,14.9,1.1,2.9,0.09,1.1,45.0,35.0
5G,Nebraska,4,0,False,19.0,4293.0,7.0,13.6,-6.7,1.7,0.04,1.1,33.0,18.0
5V,Nebraska,5,0,False,18.0,5344.0,9.3,11.3,-2.0,1.9,0.0,0.9,36.0,13.0
5Y,Nebraska,4,0,False,19.9,3397.0,14.9,7.5,7.4,4.1,0.14,1.6,40.0,15.0
1028A,Nebraska,17,3,True,27.1,26.0,19.9,8.8,11.1,3.8,0.22,1.9,62.0,47.0
1028B,Nebraska,12,1,False,25.1,262.0,16.5,10.0,6.5,3.2,0.14,1.6,43.0,31.0
1028T,Nebraska,15,2,True,23.3,854.0,13.6,14.3,-0.7,2.3,0.1,1.1,56.0,35.0
1028X,Nebraska,11,0,False,20.0,3301.0,7.4,14.7,-7.3,2.5,0.05,0.7,42.0,3.0
1028Z,Nebraska,15,3,True,26.2,96.0,19.1,6.6,12.5,3.9,0.3,1.9,62.0,54.0
1043A,Nebraska,9,0,False,21.1,2288.0,12.3,10.2,2.2,2.8,0.02,1.1,42.0,16.0
1064A,Nebraska,9,0,False,18.4,4926.0,4.4,13.9,-9.6,2.7,0.02,0.7,35.0,10.0
1064B,Nebraska,14,1,True,25.5,188.0,17.4,10.1,7.3,3.7,0.21,1.8,56.0,28.0
1064G,Nebraska,9,0,False,20.0,3301.0,4.2,14.4,-10.2,1.7,0.03,0.8,34.0,0.0
1064X,Nebraska,11,0,False,21.0,2371.0,11.4,9.7,1.7,2.5,0.09,1.2,43.0,5.0
1970X,Nebraska,13,0,False,22.5,1313.0,11.4,9.5,1.9,2.8,0.1,1.2,37.0,14.0
3141V,Nebraska,11,0,False,26.4,79.0,19.6,7.8,11.8,4.2,0.28,2.0,40.0,0.0
3141Z,Nebraska,10,0,False,23.6,730.0,12.9,9.2,3.7,3.1,0.13,1.4,41.0,12.0
4326A,Nebraska,9,0,False,21.0,2371.0,10.5,12.9,-2.4,3.1,0.17,1.2,39.0,15.0
4326B,Nebraska,9,0,False,17.7,5708.0,7.3,12.9,-5.6,2.5,0.03,0.7,35.0,14.0
4405W,Nebraska,5,0,False,20.3,3012.0,10.8,11.7,-0.8,4.4,0.21,1.3,28.0,24.0
4405X,Nebraska,5,0,False,18.9,4403.0,12.1,14.6,-2.5,3.1,0.12,1.1,41.0,25.0
5069G,Nebraska,11,0,True,24.8,334.0,16.0,9.7,6.3,3.5,0.28,1.6,52.0,42.0
5069V,Nebraska,8,0,False,20.2,3106.0,9.9,13.2,-3.3,2.7,0.05,0.8,33.0,16.0
5069W,Nebraska,10,0,False,20.4,2925.0,9.7,13.2,-3.5,3.4,0.07,1.0,36.0,14.0
5069X,Nebraska,11,0,False,21.9,1688.0,11.0,12.2,-1.2,2.7,0.09,1.1,43.0,24.0
5069Y,Nebraska,12,0,True,24.3,477.0,17.5,7.7,9.8,4.1,0.19,1.6,59.0,47.0
5069Z,Nebraska,12,2,False,23.3,854.0,14.6,11.8,2.8,3.5,0.28,1.5,42.0,32.0
5155E,Nebraska,10,1,True,27.2,19.0,20.3,10.2,10.1,4.5,0.32,1.8,56.0,40.0
5155K,Nebraska,7,0,False,21.6,1885.0,9.7,7.7,2.0,2.4,0.09,1.1,30.0,3.0
5155T,Nebraska,7,0,False,20.9,2458.0,9.4,8.7,0.7,3.6,0.06,1.2,36.0,11.0
8151G,Nebraska,9,0,False,17.8,5588.0,4.0,11.9,-7.8,2.4,0.05,0.6,35.0,15.0
8151W,Nebraska,9,0,False,23.5,767.0,16.4,6.0,10.5,4.3,0.23,1.6,49.0,31.0
8675F,Nebraska,14,1,True,24.1,542.0,13.9,9.0,4.9,2.9,0.08,1.2,53.0,28.0
8675V,Nebraska,14,1,True,25.3,220.0,17.2,9.1,8.0,3.8,0.25,1.7,55.0,49.0
15800A,Nebraska,9,0,False,22.2,1468.0,12.9,8.9,4.0,3.8,0.02,1.3,46.0,37.0
17788F,Nebraska,14,1,True,22.0,1618.0,10.0,11.8,-1.8,2.6,0.07,1.1,36.0,17.0
43280A,Nebraska,7,0,False,17.5,5947.0,6.2,11.1,-4.9,2.7,0.09,1.0,36.0,14.0
43280C,Nebraska,10,0,False,22.0,1618.0,12.3,11.7,0.6,2.8,0.07,1.2,45.0,27.0
68763D,Nebraska,5,0,False,20.4,2925.0,12.8,9.2,3.7,2.9,0.0,1.3,39.0,21.0
68763E,Nebraska,6,0,False,21.1,2288.0,9.5,7.4,2.1,3.0,0.1,1.2,38.0,42.0
71414A,Nebraska,7,0,False,22.5,1313.0,16.0,9.1,6.9,3.8,0.13,1.4,40.0,19.0
74100D,Nebraska,8,1,False,21.7,1822.0,11.1,11.5,-0.4,3.2,0.1,1.3,43.0,22.0
74100Z,Nebraska,8,1,False,18.7,4605.0,6.7,15.2,-8.4,2.1,0.06,0.8,30.0,18.0
91416A,Nebraska,9,0,True,22.9,1042.0,13.3,9.5,3.9,2.5,0.07,1.3,55.0,44.0
91416M,Nebraska,7,0,False,20.6,2734.0,13.1,9.6,3.5,3.9,0.16,1.1,33.0,21.0
91416N,Nebraska,16,1,True,25.1,262.0,16.9,10.2,6.7,3.0,0.11,1.4,56.0,33.0
91416T,Nebraska,9,0,False,22.8,1104.0,8.7,11.4,-2.6,2.3,0.03,1.0,34.0,0.0
91416X,Nebraska,11,1,True,24.2,511.0,16.0,9.5,6.5,3.6,0.3,1.7,54.0,45.0
9364X,Tennessee,9,1,True,21.5,1966.0,7.5,8.5,-1.1,2.8,0.02,1.0,31.0,14.0
37334F,Tennessee,4,0,False,18.9,4403.0,10.9,13.1,-2.1,3.7,0.06,1.0,23.0,3.0
663A,Tennessee,9,1,True,25.5,188.0,14.2,4.0,10.3,3.8,0.11,1.5,39.0,43.0
663B,Tennessee,8,0,False,22.1,1546.0,8.9,6.6,2.3,3.6,0.11,1.2,33.0,0.0
663C,Tennessee,9,0,False,20.8,2544.0,7.7,8.6,-0.8,3.4,0.06,1.0,33.0,8.0
663D,Tennessee,10,2,False,23.8,654.0,14.1,5.8,8.3,3.5,0.12,1.5,40.0,26.0
663F,Tennessee,9,0,False,20.9,2458.0,3.2,7.0,-3.8,2.7,0.05,1.0,20.0,13.0
663G,Tennessee,13,1,False,22.9,1042.0,14.3,8.2,6.1,3.7,0.19,1.4,42.0,18.0
663H,Tennessee,7,0,False,23.0,986.0,9.0,8.7,0.3,2.8,0.0,1.0,40.0,5.0
663S,Tennessee,8,0,False,23.2,895.0,11.0,5.0,6.0,3.2,0.07,1.2,38.0,8.0
991E,Tennessee,10,2,False,18.4,4926.0,8.3,15.5,-7.2,2.3,0.1,0.7,39.0,27.0
991S,Tennessee,11,3,True,22.6,1250.0,9.4,12.1,-2.6,2.1,0.09,1.1,46.0,39.0
2774A,Tennessee,8,2,False,23.1,942.0,14.4,11.1,3.3,3.1,0.05,1.2,41.0,5.0
2775V,Tennessee,16,5,True,26.6,54.0,21.2,8.6,12.6,4.5,0.33,1.9,61.0,47.0
2775X,Tennessee,12,1,False,25.5,188.0,17.2,4.5,12.8,3.5,0.1,1.6,44.0,36.0
4027A,Tennessee,8,0,False,18.6,4715.0,6.8,15.3,-8.5,2.9,0.11,0.8,34.0,20.0
5999A,Tennessee,5,0,False,20.7,2629.0,11.0,10.9,0.1,2.3,0.06,1.2,46.0,15.0
5999C,Tennessee,6,0,False,18.7,4605.0,7.6,11.3,-3.7,3.2,0.08,0.9,43.0,8.0
5999J,Tennessee,7,0,False,19.1,4178.0,10.4,8.2,2.2,2.3,0.03,1.0,43.0,20.0
5999S,Tennessee,6,0,False,18.6,4715.0,8.9,10.9,-2.0,2.4,0.05,0.8,39.0,21.0
5999X,Tennessee,6,0,False,19.0,4293.0,10.4,10.7,-0.3,2.8,0.03,0.9,34.0,16.0
9364A,Tennessee,8,3,False,25.3,220.0,15.1,8.4,6.8,3.7,0.14,1.8,42.0,12.0
9364B,Tennessee,9,3,False,17.6,5826.0,5.3,15.9,-10.5,2.2,0.0,0.6,34.0,16.0
9364C,Tennessee,13,5,True,24.8,334.0,16.0,10.1,5.9,3.2,0.21,1.6,59.0,36.0
9364D,Tennessee,9,2,False,19.4,3876.0,7.5,13.7,-6.2,2.9,0.07,1.0,37.0,21.0
9364E,Tennessee,9,4,False,22.4,1363.0,12.3,10.7,1.6,3.0,0.19,1.4,49.0,31.0
13205A,Tennessee,7,0,False,21.1,2288.0,7.2,3.7,3.5,3.1,0.0,1.2,47.0,19.0
14338A,Tennessee,18,4,True,24.7,368.0,14.9,9.1,5.7,4.2,0.37,1.8,46.0,46.0
18031A,Tennessee,7,0,True,21.1,2288.0,14.8,12.9,1.9,1.9,0.03,1.0,53.0,47.0
20025E,Tennessee,10,0,False,22.6,1250.0,13.0,8.6,4.4,3.3,0.1,1.3,39.0,13.0
20025G,Tennessee,8,0,False,24.0,566.0,13.3,5.4,7.9,2.8,0.02,1.3,37.0,0.0
22391B,Tennessee,9,0,False,21.8,1761.0,16.8,9.0,7.7,4.0,0.12,1.4,50.0,38.0
22425W,Tennessee,5,0,False,19.7,3601.0,8.3,10.4,-2.0,2.9,0.0,1.0,43.0,8.0
28646B,Tennessee,5,0,False,20.0,3301.0,11.3,8.8,2.5,1.8,0.03,1.0,38.0,14.0
32511A,Tennessee,4,0,False,21.7,1822.0,13.3,7.8,5.5,3.1,0.07,1.0,32.0,6.0
32511C,Tennessee,6,0,False,19.5,3781.0,5.9,8.8,-2.9,3.1,0.06,0.9,34.0,20.0
38017A,Tennessee,6,0,False,21.4,2059.0,11.0,7.0,4.1,3.7,0.05,1.4,37.0,18.0
38401A,Tennessee,4,0,False,19.7,3601.0,8.1,11.0,-2.9,2.1,0.09,1.1,42.0,31.0
42652C,Tennessee,8,1,False,23.3,854.0,15.4,8.2,7.1,3.3,0.19,1.6,48.0,28.0
42652D,Tennessee,9,1,False,22.3,1420.0,11.9,9.6,2.3,3.1,0.12,1.3,43.0,38.0
57249A,Tennessee,11,2,True,24.9,312.0,17.1,8.0,9.1,3.4,0.23,1.8,60.0,43.0
57249B,Tennessee,10,2,True,21.7,1822.0,11.9,8.7,3.2,3.1,0.09,1.2,52.0,34.0
57249C,Tennessee,14,2,True,25.1,262.0,17.3,9.1,8.2,3.8,0.24,1.7,59.0,51.0
57249D,Tennessee,10,1,True,21.4,2059.0,10.7,11.8,-1.1,2.8,0.22,1.5,52.0,45.0
57711C,Tennessee,5,1,False,22.0,1618.0,15.7,11.0,4.7,4.0,0.23,1.4,45.0,23.0
57711X,Tennessee,13,5,True,26.7,46.0,21.4,9.4,12.1,4.5,0.43,2.1,59.0,48.0
63663A,Tennessee,12,2,True,22.7,1176.0,13.3,11.8,1.5,3.0,0.1,1.1,50.0,33.0
69315A,Tennessee,7,1,True,23.0,986.0,13.0,8.6,4.4,3.7,0.13,1.4,47.0,35.0
69315B,Tennessee,5,1,False,20.3,3012.0,8.1,13.4,-5.3,3.5,0.03,1.0,27.0,3.0
73973A,Tennessee,12,1,False,22.8,1104.0,12.5,9.3,3.2,3.2,0.1,1.3,47.0,30.0
96504D,Tennessee,10,2,True,24.2,511.0,17.0,9.3,7.7,4.1,0.25,1.8,45.0,39.0
96504E,Tennessee,9,1,True,22.5,1313.0,18.4,6.8,11.6,3.3,0.07,1.5,48.0,36.0
96504G,Tennessee,9,0,False,21.2,2203.0,12.2,8.8,3.4,3.2,0.11,1.4,45.0,30.0
96504P,Tennessee,11,2,True,25.2,240.0,18.4,10.2,8.3,3.8,0.23,1.7,50.0,27.0
96504X,Tennessee,6,0,False,21.3,2133.0,17.5,12.7,4.8,2.3,0.03,1.2,47.0,13.0
97934H,Tennessee,14,4,False,22.4,1363.0,10.5,10.7,-0.3,2.3,0.02,1.1,41.0,20.0
97934S,Tennessee,14,4,False,23.2,895.0,12.1,10.0,2.1,3.0,0.1,1.3,47.0,36.0
97934U,Tennessee,12,3,False,21.0,2371.0,11.0,10.4,0.6,3.1,0.03,1.0,38.0,22.0
97934X,Tennessee,12,2,False,20.6,2734.0,5.9,11.8,-5.9,2.2,0.05,0.9,34.0,3.0
98709R,Tennessee,5,0,False,19.1,4178.0,8.6,15.7,-7.1,1.6,0.03,0.8,33.0,42.0
99331M,Tennessee,6,1,False,19.9,3397.0,8.8,11.6,-2.9,2.3,0.02,0.7,26.0,8.0
99905X,Tennessee,7,1,False,23.0,986.0,12.4,10.8,1.7,3.3,0.11,1.4,38.0,6.0
99989A,Tennessee,9,1,True,26.7,46.0,22.3,5.7,16.6,4.6,0.4,2.2,56.0,50.0
99989C,Tennessee,6,0,False,21.5,1966.0,6.6,9.5,-2.9,2.8,0.07,1.1,39.0,21.0
99989D,Tennessee,7,0,False,23.2,895.0,12.8,5.1,7.7,3.7,0.08,1.4,47.0,26.0
21A,California,6,0,False,21.8,1761.0,13.6,7.5,6.1,4.1,0.32,1.5,47.0,15.0
21S,California,8,1,True,21.9,1688.0,16.1,12.5,3.7,3.4,0.29,1.6,41.0,16.0
62A,California,8,1,True,22.4,1363.0,18.0,10.0,8.0,2.9,0.3,1.8,55.0,44.0
334A,California,9,1,False,20.6,2734.0,9.6,12.4,-2.8,2.9,0.08,1.1,46.0,44.0
334U,California,14,3,True,25.5,188.0,21.1,11.1,10.1,4.0,0.44,2.0,55.0,36.0
334X,California,7,0,False,23.8,654.0,20.7,6.5,14.1,3.4,0.27,1.8,45.0,27.0
334Y,California,11,3,True,23.5,767.0,15.9,15.9,-0.1,2.0,0.3,1.2,56.0,40.0
334Z,California,5,0,False,19.0,4293.0,9.4,13.4,-4.0,2.5,0.21,1.1,31.0,11.0
393A,California,5,0,False,20.3,3012.0,13.7,12.9,0.8,2.8,0.14,1.1,48.0,47.0
393B,California,5,0,False,20.3,3012.0,11.6,14.5,-2.9,1.7,0.12,0.7,45.0,27.0
404E,California,7,0,False,22.4,1363.0,15.4,10.3,5.0,2.9,0.26,1.6,48.0,35.0
404Z,California,7,0,True,21.3,2133.0,13.7,13.4,0.3,3.9,0.21,1.3,50.0,50.0
507A,California,8,0,True,26.1,106.0,19.1,4.5,14.6,3.8,0.31,2.0,57.0,42.0
507B,California,7,0,False,24.4,446.0,15.3,5.5,9.8,3.8,0.15,1.6,45.0,27.0
507C,California,9,0,False,22.8,1104.0,10.5,8.4,2.1,2.9,0.12,1.2,44.0,21.0
507D,California,8,0,False,21.1,2288.0,9.9,9.5,0.4,3.4,0.18,1.3,34.0,13.0
507E,California,7,0,False,23.8,654.0,13.1,7.5,5.6,2.9,0.11,1.4,48.0,15.0
569A,California,5,0,False,20.2,3106.0,13.8,8.9,5.0,3.6,0.11,1.3,44.0,46.0
569C,California,5,0,False,19.0,4293.0,11.9,12.0,-0.1,2.7,0.08,1.1,39.0,29.0
569D,California,6,0,False,20.4,2925.0,11.5,7.9,3.6,3.2,0.14,1.4,44.0,27.0
599Z,California,7,0,False,24.2,511.0,18.9,11.4,7.5,4.0,0.35,1.7,46.0,33.0
652A,California,9,3,True,26.4,79.0,21.9,10.9,11.0,4.1,0.49,2.2,62.0,53.0
687B,California,4,0,False,22.5,1313.0,13.3,8.1,5.2,3.1,0.15,1.6,47.0,3.0
687D,California,4,0,False,19.7,3601.0,11.9,11.4,0.5,3.0,0.12,1.2,35.0,42.0
742A,California,5,0,False,20.2,3106.0,11.2,9.8,1.3,3.4,0.3,1.3,44.0,26.0
847X,California,7,0,False,22.1,1546.0,17.1,9.4,7.7,3.9,0.41,1.8,47.0,24.0
884A,California,12,3,False,24.6,390.0,15.9,13.8,2.1,3.7,0.57,1.7,45.0,50.0
948J,California,5,0,True,21.2,2203.0,14.1,13.5,0.7,3.2,0.19,1.2,55.0,3.0
1138B,California,7,1,False,24.0,566.0,17.0,9.9,7.2,3.3,0.33,1.9,53.0,6.0
1159X,California,10,4,True,25.7,155.0,17.4,10.8,6.6,3.5,0.34,1.9,62.0,57.0
1281A,California,8,3,False,22.7,1176.0,16.6,15.4,1.2,4.0,0.44,1.7,54.0,50.0
1281R,California,8,2,False,22.2,1468.0,13.5,12.9,0.6,2.8,0.35,1.3,47.0,50.0
1281X,California,9,1,True,22.5,1313.0,17.0,12.1,4.9,3.0,0.34,1.6,55.0,45.0
1629X,California,15,6,True,22.6,1250.0,13.7,13.1,0.6,3.4,0.2,1.4,60.0,56.0
2147Z,California,14,2,True,24.8,334.0,14.9,10.1,4.8,3.5,0.26,1.8,52.0,38.0
2150A,California,7,0,True,22.8,1104.0,16.8,9.8,7.0,3.6,0.31,1.5,44.0,40.0
2150B,California,7,0,False,19.9,3397.0,11.5,9.9,1.6,3.3,0.1,1.1,42.0,26.0
2397A,California,9,2,False,22.8,1104.0,16.6,10.9,5.7,2.6,0.16,1.4,54.0,46.0
2428W,California,13,3,False,22.5,1313.0,14.3,11.8,2.5,3.4,0.31,1.5,45.0,32.0
2496J,California,6,0,False,20.2,3106.0,13.0,14.3,-1.3,2.5,0.15,1.2,56.0,47.0
2496N,California,5,0,False,21.1,2288.0,9.8,13.1,-3.3,2.5,0.24,1.2,42.0,39.0
2496V,California,7,0,True,22.3,1420.0,19.0,9.7,9.4,3.4,0.34,2.0,57.0,54.0
2496W,California,5,0,False,19.5,3781.0,14.0,15.0,-1.0,2.8,0.03,0.8,40.0,26.0
2496X,California,8,0,False,20.0,3301.0,10.7,14.7,-4.1,2.2,0.14,0.8,40.0,27.0
2496Y,California,8,0,False,21.6,1885.0,14.1,10.4,3.7,3.2,0.28,1.4,50.0,34.0
2922C,California,7,1,False,22.9,1042.0,18.4,12.2,6.2,3.6,0.42,1.6,58.0,49.0
3050W,California,5,0,False,22.2,1468.0,12.4,8.6,3.8,2.7,0.26,1.6,38.0,17.0
3050X,California,5,0,False,20.8,2544.0,12.5,12.3,0.2,2.5,0.09,1.2,43.0,28.0
3284B,California,8,2,True,23.4,811.0,19.4,13.7,5.7,3.5,0.2,1.6,56.0,52.0
3779A,California,6,0,False,21.6,1885.0,20.4,10.5,9.9,2.7,0.14,1.2,44.0,14.0
6526D,California,8,1,False,20.7,2629.0,12.8,13.6,-0.8,3.3,0.41,1.4,48.0,27.0
6627A,California,10,1,True,24.0,566.0,15.7,11.5,4.2,3.2,0.38,1.7,57.0,27.0
6627B,California,10,0,False,21.5,1966.0,13.7,11.9,1.8,2.3,0.12,1.1,42.0,12.0
6627C,California,11,0,False,22.8,1104.0,14.2,9.6,4.6,3.0,0.17,1.4,49.0,28.0
6627D,California,12,0,False,23.0,986.0,13.8,10.3,3.5,3.6,0.31,1.6,45.0,14.0
6627S,California,11,1,False,23.9,611.0,17.0,10.0,7.1,3.9,0.31,1.7,56.0,48.0
6627X,California,9,1,True,25.3,220.0,18.5,11.2,7.4,3.7,0.41,1.8,55.0,42.0
7700K,California,8,2,False,20.5,2838.0,10.6,16.9,-6.2,2.5,0.15,0.9,30.0,10.0
7700R,California,12,3,True,23.0,986.0,13.6,13.0,0.6,3.5,0.26,1.5,60.0,59.0
7874R,California,7,0,False,21.3,2133.0,15.4,11.1,4.3,2.8,0.16,1.4,45.0,9.0
7874X,California,6,0,False,21.0,2371.0,12.8,10.8,2.0,3.7,0.24,1.4,44.0,24.0
7899X,California,11,3,True,23.4,811.0,15.8,13.6,2.2,3.5,0.2,1.4,57.0,56.0
7899Y,California,9,1,False,21.0,2371.0,13.1,13.3,-0.2,3.2,0.24,1.2,49.0,12.0
8054B,California,4,0,False,19.2,4071.0,12.5,10.9,1.6,2.3,0.05,1.3,42.0,29.0
8198X,California,10,4,True,25.7,155.0,18.7,11.4,7.3,3.3,0.33,1.7,60.0,56.0
8301B,California,8,1,False,20.8,2544.0,11.5,9.3,2.2,3.5,0.15,1.1,42.0,26.0
8301C,California,8,1,False,23.0,986.0,13.8,11.5,2.3,3.0,0.17,1.3,34.0,15.0
8301D,California,8,1,False,24.2,511.0,20.5,6.3,14.2,3.6,0.36,1.9,50.0,31.0
8301E,California,4,0,False,20.7,2629.0,7.6,9.4,-1.8,3.0,0.2,1.1,39.0,22.0
8565A,California,2,0,False,17.2,6264.0,8.9,12.9,-4.0,2.6,0.12,1.1,30.0,0.0
8771Z,California,6,1,False,20.3,3012.0,14.9,13.7,1.2,2.8,0.09,1.0,48.0,40.0
8917B,California,6,2,False,22.3,1420.0,12.9,13.1,-0.2,2.9,0.31,1.4,52.0,8.0
9924X,California,4,0,False,23.0,986.0,18.2,7.0,11.2,4.4,0.22,1.7,50.0,8.0
11211W,California,9,3,False,22.5,1313.0,14.3,11.5,2.8,3.1,0.18,1.4,46.0,33.0
11211X,California,10,3,True,25.3,220.0,18.1,13.3,4.8,3.5,0.24,1.6,43.0,28.0
11211Z,California,4,0,False,19.4,3876.0,14.7,13.4,1.4,4.2,0.19,1.3,36.0,39.0
11444X,California,11,4,True,24.0,566.0,15.3,11.4,3.9,3.9,0.32,1.8,44.0,21.0
12125A,California,9,2,False,25.0,287.0,17.8,12.6,5.2,4.2,0.41,1.7,51.0,31.0
15442A,California,8,1,False,21.4,2059.0,12.5,11.9,0.6,3.3,0.26,1.4,55.0,42.0
15442B,California,7,1,False,22.4,1363.0,15.8,14.6,1.2,3.4,0.33,1.5,54.0,33.0
15442C,California,7,1,True,22.3,1420.0,17.4,14.9,2.5,3.0,0.49,1.6,60.0,56.0
23347S,California,9,0,True,22.6,1250.0,13.8,12.3,1.6,3.6,0.23,1.5,46.0,40.0
34020A,California,9,1,False,22.7,1176.0,16.8,11.5,5.4,3.6,0.48,1.8,55.0,34.0
34690A,California,7,0,False,22.0,1618.0,18.3,10.8,7.5,3.7,0.25,1.4,49.0,12.0
52274X,California,4,0,False,20.0,3301.0,17.0,8.8,8.2,3.9,0.37,1.9,48.0,26.0
62019A,California,6,0,False,21.2,2203.0,15.1,8.9,6.2,3.5,0.23,1.5,46.0,8.0
65696A,California,4,0,False,18.3,5032.0,12.0,15.6,-3.5,3.6,0.14,1.0,43.0,26.0
72711P,California,8,2,True,23.3,854.0,18.6,12.4,6.2,3.1,0.28,1.6,57.0,55.0
77677Y,California,5,1,False,20.7,2629.0,15.9,14.2,1.8,2.6,0.33,1.4,31.0,0.0
91326A,California,5,0,False,19.9,3397.0,12.2,15.8,-3.5,3.0,0.21,1.2,44.0,38.0
92008A,California,6,0,False,19.2,4071.0,14.5,8.5,6.1,3.5,0.08,1.6,33.0,0.0
98601A,California,7,0,False,21.1,2288.0,11.6,15.6,-4.0,2.7,0.27,1.5,42.0,27.0
98601B,California,9,0,False,18.5,4820.0,9.2,12.0,-2.8,2.5,0.1,0.9,33.0,8.0
98601C,California,8,0,False,16.5,7030.0,7.8,15.5,-7.7,2.0,0.07,0.8,44.0,27.0
99999D,California,6,0,False,21.2,2203.0,14.0,12.8,1.2,2.7,0.06,0.9,43.0,27.0
99999P,California,7,0,False,23.4,811.0,18.4,6.0,12.4,3.4,0.2,1.7,49.0,0.0
1469X,California,6,0,False,20.9,2458.0,7.7,7.8,0.0,2.9,0.0,1.1,29.0,23.0
3324Z,California,6,0,False,17.1,6385.0,4.7,14.4,-9.7,2.3,0.0,0.6,41.0,17.0
6007X,California,7,1,False,16.7,6828.0,5.2,13.8,-8.7,2.3,0.04,0.6,32.0,12.0
7700T,California,6,0,False,21.1,2288.0,14.1,12.0,2.1,3.6,0.1,1.2,42.0,19.0
7700X,California,7,0,False,20.2,3106.0,9.8,8.5,1.3,2.9,0.12,1.2,36.0,8.0
424B,California,4,0,False,18.3,5032.0,4.6,7.8,-3.1,2.0,0.0,0.6,18.0,3.0
424D,California,4,0,False,19.8,3501.0,5.7,7.5,-1.8,3.1,0.03,1.1,34.0,0.0
424W,California,4,0,False,21.2,2203.0,8.9,5.9,3.0,3.2,0.0,1.2,32.0,3.0
920B,California,16,3,True,26.8,41.0,21.4,9.6,11.8,4.1,0.39,2.1,57.0,37.0
920C,California,4,0,False,17.8,5588.0,4.2,14.3,-10.1,1.8,0.0,0.5,20.0,0.0
3655G,California,3,0,False,22.8,1104.0,11.2,6.2,4.9,2.5,0.0,1.2,29.0,0.0
3655R,California,3,0,False,17.8,5588.0,3.6,5.1,-1.5,2.5,0.0,0.5,23.0,0.0
4621B,California,4,0,False,18.7,4605.0,4.8,7.1,-2.3,3.0,0.0,1.1,20.0,0.0
4621C,California,6,0,False,19.6,3703.0,6.5,5.8,0.7,2.5,0.0,1.2,29.0,8.0
4621F,California,4,0,False,15.7,7812.0,2.6,10.7,-8.0,2.9,0.0,0.4,20.0,5.0
7422B,California,3,0,False,19.8,3501.0,9.4,6.8,2.6,2.9,0.0,1.0,32.0,13.0
7422C,California,3,0,True,21.9,1688.0,15.5,5.2,10.3,3.5,0.0,1.7,47.0,28.0
7422H,California,3,0,False,16.9,6599.0,5.6,6.8,-1.2,2.1,0.0,0.9,27.0,5.0
7422S,California,2,0,False,24.3,477.0,16.9,3.3,13.6,4.2,0.0,1.8,35.0,6.0
7619V,California,4,0,False,20.8,2544.0,10.1,6.2,3.9,3.5,0.03,1.2,31.0,6.0
7619W,California,5,0,False,20.5,2838.0,7.6,6.2,1.4,4.0,0.03,1.2,16.0,3.0
7983D,California,3,0,False,20.1,3207.0,9.3,6.0,3.3,3.0,0.04,1.2,32.0,3.0
7983F,California,7,1,True,24.8,334.0,16.6,5.6,10.9,4.1,0.12,1.8,44.0,23.0
7983M,California,4,0,False,17.5,5947.0,5.3,8.6,-3.3,2.7,0.0,0.7,31.0,10.0
7983N,California,3,0,False,18.7,4605.0,3.3,6.7,-3.5,2.7,0.0,0.9,29.0,0.0
7983S,California,8,1,True,25.0,287.0,15.6,3.8,11.8,3.1,0.06,1.5,35.0,20.0
7983U,California,5,0,False,21.0,2371.0,8.5,5.2,3.3,3.4,0.03,1.4,19.0,11.0
7983X,California,3,0,False,20.6,2734.0,8.6,8.1,0.5,3.7,0.0,1.1,27.0,8.0
7983Z,California,5,0,False,20.6,2734.0,5.8,5.6,0.2,2.5,0.0,1.2,29.0,0.0
10563A,California,4,0,False,15.9,7599.0,5.3,7.6,-2.3,2.7,0.0,0.8,23.0,0.0
11475B,California,6,1,True,25.0,287.0,16.9,8.7,8.3,4.5,0.15,1.7,39.0,27.0
11475C,California,4,0,False,19.8,3501.0,7.0,7.6,-0.6,2.5,0.0,0.7,21.0,9.0
11475D,California,4,0,False,19.6,3703.0,7.6,9.1,-1.6,3.6,0.03,1.0,20.0,0.0
31645A,California,5,0,False,15.6,7907.0,7.0,10.9,-3.9,3.0,0.04,1.1,22.0,11.0
31645B,California,4,0,False,17.1,6385.0,6.8,6.8,-0.1,3.1,0.08,1.0,29.0,0.0
49637A,California,4,0,False,20.8,2544.0,9.1,7.4,1.7,2.8,0.0,1.2,20.0,0.0
49637B,California,4,0,False,22.0,1618.0,12.9,6.7,6.2,3.0,0.03,1.3,40.0,7.0
49637C,California,5,0,False,20.3,3012.0,7.4,8.4,-1.0,3.3,0.03,1.1,32.0,11.0
49637D,California,4,0,False,23.1,942.0,10.5,4.7,5.8,3.5,0.03,1.3,22.0,0.0
64647H,California,5,0,False,17.8,5588.0,5.1,8.6,-3.5,3.1,0.04,1.1,31.0,10.0
64647N,California,5,0,False,20.4,2925.0,7.1,9.3,-2.2,2.4,0.0,0.7,31.0,8.0
93455A,California,4,0,False,14.4,8971.0,2.9,12.6,-9.8,1.1,0.0,0.4,28.0,16.0
93706D,California,4,0,False,14.3,9041.0,6.0,18.1,-12.1,1.4,0.0,0.5,26.0,5.0
93706E,California,4,0,False,20.7,2629.0,9.0,10.1,-1.0,3.3,0.05,1.1,29.0,22.0
93706F,California,5,0,True,18.1,5246.0,7.9,11.7,-3.8,2.7,0.05,0.9,36.0,16.0
35016Y,Alabama,8,0,False,16.9,6599.0,1.5,9.0,-7.4,2.3,0.0,0.7,15.0,0.0
47742A,Alabama,8,0,True,17.6,5826.0,7.0,5.0,2.0,2.8,0.03,1.0,32.0,3.0
47969E,Alabama,8,0,True,19.8,3501.0,9.0,4.6,4.4,3.2,0.08,1.3,36.0,3.0
56448A,Alabama,6,0,True,19.8,3501.0,10.4,4.1,6.3,3.4,0.09,1.4,29.0,3.0
56448B,Alabama,6,0,True,18.8,4503.0,7.9,6.6,1.3,3.4,0.0,1.0,35.0,8.0
56448D,Alabama,6,0,True,16.5,7030.0,3.6,11.4,-7.8,2.2,0.0,0.7,8.0,0.0
526A,Wisconsin,5,0,False,18.5,4820.0,2.6,11.3,-8.7,2.0,0.0,0.8,20.0,0.0
526C,Wisconsin,7,0,False,23.4,811.0,12.3,9.0,3.3,3.6,0.03,1.3,34.0,24.0
1032B,Wisconsin,5,0,False,19.7,3601.0,7.4,8.5,-1.1,2.5,0.03,1.0,40.0,25.0
1032Z,Wisconsin,11,2,False,25.1,262.0,15.0,6.7,8.4,3.3,0.1,1.5,53.0,30.0
1200B,Wisconsin,7,1,True,23.0,986.0,15.3,9.7,5.6,3.2,0.1,1.5,50.0,37.0
1200C,Wisconsin,6,0,False,21.8,1761.0,9.3,9.5,-0.2,3.1,0.02,1.3,32.0,16.0
1200Z,Wisconsin,6,0,True,20.7,2629.0,8.9,10.9,-2.0,2.9,0.03,0.9,39.0,36.0
1570A,Wisconsin,7,1,False,23.1,942.0,15.0,9.7,5.3,3.2,0.07,1.5,41.0,33.0
1570R,Wisconsin,7,1,False,22.3,1420.0,9.7,8.7,1.0,3.6,0.13,1.4,40.0,13.0
1790A,Wisconsin,5,1,False,22.0,1618.0,8.6,11.7,-3.1,2.4,0.04,0.8,35.0,0.0
1790B,Wisconsin,6,1,False,24.2,511.0,11.9,10.7,1.2,3.5,0.17,1.3,49.0,27.0
3636A,Wisconsin,6,0,False,20.2,3106.0,8.2,8.6,-0.4,2.5,0.04,1.1,29.0,8.0
3636E,Wisconsin,5,0,False,21.1,2288.0,9.5,10.7,-1.2,2.5,0.03,1.1,35.0,10.0
4082X,Wisconsin,8,1,True,24.5,413.0,18.7,10.3,8.3,3.8,0.09,1.5,50.0,37.0
4869C,Wisconsin,7,0,False,24.4,446.0,17.7,9.0,8.7,3.8,0.08,1.6,48.0,26.0
5062F,Wisconsin,7,1,False,21.7,1822.0,8.9,11.0,-2.1,2.6,0.1,1.2,48.0,9.0
5062V,Wisconsin,8,1,True,22.6,1250.0,13.0,9.3,3.7,3.1,0.06,1.4,39.0,13.0
5062X,Wisconsin,7,1,True,25.5,188.0,20.0,9.7,10.3,3.1,0.14,1.5,48.0,44.0
5062Z,Wisconsin,7,1,False,20.0,3301.0,4.8,16.3,-11.5,2.2,0.02,0.3,33.0,11.0
5509E,Wisconsin,10,1,True,26.6,54.0,17.9,8.0,9.9,3.2,0.08,1.6,54.0,32.0
6219B,Wisconsin,7,1,True,25.8,138.0,18.1,8.4,9.7,4.3,0.29,1.9,52.0,45.0
6219D,Wisconsin,5,0,False,21.3,2133.0,8.9,12.7,-3.8,2.0,0.02,0.9,36.0,13.0
6219E,Wisconsin,4,0,False,22.2,1468.0,5.9,13.7,-7.7,2.3,0.0,0.7,26.0,13.0
6219G,Wisconsin,5,0,False,23.0,986.0,8.8,13.5,-4.7,2.9,0.04,0.9,28.0,21.0
6219H,Wisconsin,4,0,False,22.9,1042.0,6.4,14.4,-8.0,2.8,0.09,0.9,45.0,19.0
6219X,Wisconsin,10,3,True,27.2,19.0,19.4,7.9,11.5,4.4,0.13,1.7,56.0,43.0
9144A,Wisconsin,5,1,False,23.6,730.0,18.4,8.8,9.6,3.5,0.07,1.5,48.0,0.0
9144B,Wisconsin,5,1,False,21.1,2288.0,12.6,10.7,1.9,2.7,0.02,1.1,31.0,8.0
9144G,Wisconsin,5,1,False,22.8,1104.0,14.5,6.7,7.8,4.0,0.05,1.5,42.0,0.0
13650C,Wisconsin,7,0,True,22.6,1250.0,13.9,9.6,4.3,3.6,0.07,1.2,44.0,30.0
22579E,Wisconsin,4,0,False,19.4,3876.0,7.3,10.6,-3.2,2.6,0.0,1.0,27.0,0.0
22579S,Wisconsin,4,0,False,18.6,4715.0,4.1,14.6,-10.5,2.6,0.0,0.6,16.0,0.0
27905F,Wisconsin,5,0,False,19.4,3876.0,8.2,9.6,-1.3,2.8,0.03,1.0,29.0,3.0
53171H,Wisconsin,5,0,False,22.1,1546.0,10.5,9.3,1.2,3.1,0.03,1.3,21.0,8.0
53171J,Wisconsin,6,1,False,19.5,3781.0,8.1,9.7,-1.6,2.7,0.02,1.0,29.0,16.0
53171K,Wisconsin,5,1,False,19.1,4178.0,10.4,13.5,-3.1,2.5,0.1,1.0,33.0,4.0
53171M,Wisconsin,4,0,False,18.7,4605.0,7.4,12.4,-5.0,2.4,0.04,0.9,32.0,12.0
53171N,Wisconsin,4,0,False,18.3,5032.0,8.4,14.1,-5.7,2.8,0.1,0.8,28.0,12.0
53551W,Wisconsin,4,0,False,18.7,4605.0,14.8,7.7,7.0,3.3,0.03,1.3,33.0,10.0
54677A,Wisconsin,8,1,True,23.9,611.0,17.1,6.9,10.2,3.5,0.09,1.5,44.0,38.0
54770D,Wisconsin,4,0,False,17.4,6052.0,7.2,12.9,-5.7,2.8,0.03,0.9,19.0,3.0
84443B,Wisconsin,5,0,False,20.7,2629.0,8.9,10.8,-1.9,2.9,0.0,0.9,30.0,13.0
84443C,Wisconsin,5,0,False,22.4,1363.0,9.4,6.6,2.8,3.2,0.05,1.1,30.0,8.0
84443E,Wisconsin,4,0,False,19.6,3703.0,2.3,13.0,-10.7,2.5,0.0,0.8,30.0,0.0
84443F,Wisconsin,8,1,False,24.2,511.0,15.5,6.8,8.7,4.2,0.24,1.7,45.0,23.0
84443G,Wisconsin,7,1,False,22.2,1468.0,8.8,8.4,0.4,2.8,0.03,1.0,40.0,12.0
84443K,Wisconsin,4,0,False,21.2,2203.0,7.4,5.2,2.2,3.0,0.12,1.3,28.0,9.0
90843A,Wisconsin,2,0,False,19.2,4071.0,10.7,10.5,0.2,3.0,0.0,0.9,7.0,3.0
1032H,Wisconsin,5,0,False,19.1,4178.0,4.1,9.0,-4.9,2.5,0.0,0.9,26.0,0.0
4082A,Wisconsin,5,0,False,19.0,4293.0,10.2,8.6,1.6,3.1,0.0,1.2,30.0,9.0
44036F,Wisconsin,4,0,False,17.6,5826.0,6.3,8.0,-1.7,1.5,0.0,0.9,23.0,15.0
946W,Colorado,9,2,False,24.3,477.0,17.4,6.5,10.9,3.8,0.22,1.8,46.0,13.0
1166B,Colorado,6,0,False,20.0,3301.0,12.8,12.5,0.3,3.0,0.26,1.3,52.0,22.0
1166N,Colorado,6,0,False,20.2,3106.0,11.2,11.5,-0.2,3.2,0.13,1.3,37.0,20.0
1166Z,Colorado,11,2,True,24.7,368.0,18.2,8.4,9.8,3.5,0.29,1.8,55.0,32.0
2654E,Colorado,9,2,True,27.1,26.0,22.0,10.6,11.4,5.4,0.53,2.3,66.0,65.0
2654G,Colorado,7,1,False,23.0,986.0,13.1,10.9,2.1,3.2,0.1,1.1,28.0,0.0
3743C,Colorado,11,2,True,24.9,312.0,15.9,9.8,6.1,2.8,0.19,1.4,46.0,37.0
3743Z,Colorado,9,2,False,21.7,1822.0,9.7,13.3,-3.5,2.6,0.11,1.0,34.0,31.0
3946E,Colorado,6,0,False,23.4,811.0,16.3,8.9,7.3,3.2,0.15,1.4,42.0,24.0
3946S,Colorado,7,0,True,22.2,1468.0,13.0,9.7,3.3,3.1,0.15,1.4,48.0,39.0
3946W,Colorado,7,0,True,22.9,1042.0,15.8,10.3,5.5,4.2,0.21,1.6,44.0,33.0
4265G,Colorado,7,1,False,24.0,566.0,16.2,12.7,3.6,4.0,0.37,1.7,46.0,48.0
4265V,Colorado,6,0,False,20.4,2925.0,9.7,9.0,0.7,3.3,0.16,1.3,42.0,19.0
13358C,Colorado,10,2,True,26.2,96.0,19.2,9.7,9.4,3.4,0.35,1.7,61.0,57.0
13358Z,Colorado,10,2,False,22.9,1042.0,15.8,8.4,7.5,3.0,0.16,1.4,51.0,16.0
13713A,Colorado,7,0,False,22.1,1546.0,14.3,8.6,5.7,4.4,0.12,1.6,43.0,38.0
28466C,Colorado,6,1,False,19.8,3501.0,8.4,8.3,0.1,2.6,0.02,0.9,32.0,3.0
28466G,Colorado,6,1,False,22.1,1546.0,7.9,9.7,-1.9,3.3,0.06,1.1,37.0,8.0
30809S,Colorado,12,3,True,23.6,730.0,13.5,12.6,0.9,2.9,0.17,1.3,49.0,34.0
32092D,Colorado,8,1,True,20.0,3301.0,11.2,12.8,-1.6,2.3,0.11,1.1,45.0,41.0
32092G,Colorado,9,2,True,26.0,118.0,21.4,9.6,11.7,4.4,0.36,2.1,57.0,40.0
54996A,Colorado,8,0,False,22.4,1363.0,15.9,9.1,6.8,3.8,0.19,1.3,44.0,14.0
54996B,Colorado,8,0,False,21.2,2203.0,10.3,9.0,1.4,3.9,0.1,1.3,34.0,17.0
55745F,Colorado,4,0,False,17.5,5947.0,8.1,12.8,-4.7,2.4,0.12,0.8,40.0,26.0
61973C,Colorado,6,1,False,23.9,611.0,12.2,6.1,6.1,2.6,0.04,1.4,37.0,1.0
66834A,Colorado,4,0,False,20.2,3106.0,7.5,7.8,-0.4,2.7,0.0,1.0,26.0,10.0
77717B,Colorado,11,1,True,23.9,611.0,12.7,12.1,0.6,3.1,0.1,1.3,42.0,23.0
77717F,Colorado,10,1,True,24.8,334.0,16.1,10.2,5.8,3.3,0.19,1.5,53.0,29.0
80550F,Colorado,11,2,True,26.8,41.0,19.0,10.4,8.6,4.0,0.21,1.7,49.0,45.0
80634Z,Colorado,10,0,False,19.8,3501.0,5.5,12.1,-6.5,2.6,0.05,0.8,30.0,29.0
85227A,Colorado,5,0,False,21.5,1966.0,9.9,8.1,1.8,2.6,0.06,1.2,35.0,13.0
96021A,Colorado,5,1,False,23.8,654.0,19.8,5.2,14.5,4.7,0.15,1.8,40.0,34.0
99751E,Colorado,8,1,False,24.6,390.0,11.9,5.7,6.2,3.6,0.06,1.3,41.0,14.0
99751F,Colorado,8,1,False,22.7,1176.0,15.0,10.7,4.3,4.0,0.29,1.6,47.0,15.0
99751H,Colorado,10,1,False,23.7,695.0,12.6,10.8,1.8,3.5,0.15,1.4,39.0,11.0
99751X,Colorado,8,0,False,24.6,390.0,16.8,8.6,8.2,3.8,0.1,1.5,39.0,8.0
151T,Texas,6,1,True,26.3,89.0,20.3,7.0,13.3,4.9,0.39,2.3,59.0,45.0
654A,Texas,6,0,False,23.3,854.0,12.8,6.3,6.6,2.9,0.07,1.5,50.0,31.0
654B,Texas,5,0,False,18.3,5032.0,6.5,8.8,-2.2,2.3,0.0,1.2,46.0,27.0
654J,Texas,4,0,False,22.7,1176.0,14.1,6.0,8.1,4.6,0.11,1.5,53.0,32.0
654K,Texas,6,0,False,17.2,6264.0,6.4,16.1,-9.8,2.4,0.05,0.8,42.0,19.0
654V,Texas,5,0,False,20.5,2838.0,11.8,7.7,4.0,3.5,0.0,1.1,51.0,34.0
654W,Texas,6,0,False,20.4,2925.0,11.5,8.2,3.2,3.8,0.06,1.3,38.0,20.0
654X,Texas,7,0,True,23.2,895.0,16.9,9.2,7.7,2.5,0.05,1.4,53.0,48.0
654Y,Texas,4,0,False,17.9,5478.0,4.8,16.3,-11.5,1.9,0.05,1.0,41.0,18.0
654Z,Texas,5,0,False,19.1,4178.0,10.0,7.9,2.1,2.7,0.04,1.1,27.0,21.0
1308B,Texas,9,0,True,24.7,368.0,14.7,7.9,6.8,3.4,0.13,1.6,57.0,44.0
1308E,Texas,5,0,False,21.2,2203.0,12.7,11.9,0.8,3.5,0.06,1.2,38.0,26.0
2158A,Texas,11,0,False,21.2,2203.0,8.8,7.9,0.9,2.9,0.05,1.1,44.0,3.0
2158B,Texas,10,0,False,20.5,2838.0,10.4,10.2,0.1,2.6,0.02,1.0,36.0,10.0
2158X,Texas,11,0,True,23.7,695.0,12.0,5.8,6.2,3.9,0.08,1.5,40.0,24.0
2668A,Texas,8,1,True,24.8,334.0,17.0,9.5,7.5,4.0,0.26,1.7,49.0,42.0
4588A,Texas,7,0,False,21.0,2371.0,10.5,9.1,1.4,3.1,0.02,1.2,45.0,0.0
4588B,Texas,8,0,True,21.5,1966.0,10.7,7.6,3.2,3.3,0.12,1.4,41.0,21.0
8756B,Texas,7,0,False,21.5,1966.0,10.5,8.0,2.5,3.5,0.1,1.3,40.0,22.0
8756S,Texas,7,0,False,21.6,1885.0,7.7,7.4,0.2,2.9,0.0,0.9,28.0,14.0
10702S,Texas,8,0,True,23.5,767.0,13.2,9.2,4.0,3.6,0.15,1.6,53.0,45.0
10702X,Texas,10,1,True,26.1,106.0,18.5,6.4,12.1,4.4,0.33,2.0,45.0,40.0
11495E,Texas,5,0,False,18.3,5032.0,8.1,9.8,-1.7,2.8,0.07,0.9,44.0,24.0
59999A,Texas,7,0,False,18.3,5032.0,7.9,11.1,-3.2,2.5,0.0,1.0,36.0,8.0
70478S,Texas,7,1,True,21.5,1966.0,10.7,9.7,1.0,3.1,0.08,1.5,47.0,20.0
76502A,Texas,9,0,False,23.0,986.0,10.8,9.5,1.3,3.0,0.17,1.4,44.0,17.0
76502B,Texas,10,0,False,20.7,2629.0,8.5,11.4,-3.0,2.6,0.0,0.8,45.0,17.0
76502D,Texas,8,0,False,19.0,4293.0,7.4,10.5,-3.1,2.8,0.04,1.0,26.0,5.0
77859A,Texas,5,0,False,14.6,8819.0,5.8,13.5,-7.7,2.2,0.0,0.3,47.0,16.0
78634E,Texas,5,0,False,20.9,2458.0,13.3,9.5,3.8,2.7,0.07,1.3,36.0,5.0
78759J,Texas,6,0,True,20.0,3301.0,10.2,8.9,1.3,2.9,0.0,1.1,52.0,39.0
81528A,Texas,8,0,False,19.5,3781.0,9.9,12.5,-2.5,2.2,0.07,0.9,44.0,3.0
95569A,Texas,3,0,False,19.2,4071.0,10.7,8.1,2.5,2.9,0.1,1.0,40.0,0.0
95569B,Texas,4,0,False,17.1,6385.0,9.3,10.5,-1.2,3.8,0.0,0.9,34.0,19.0
95569C,Texas,4,1,False,21.3,2133.0,12.5,9.6,2.9,3.0,0.07,1.2,46.0,39.0
95569D,Texas,3,0,False,16.3,7222.0,7.2,8.7,-1.5,3.3,0.15,0.9,22.0,25.0
719E,Arkansas,6,0,True,21.3,2133.0,8.6,7.1,1.5,2.7,0.04,1.6,32.0,5.0
719G,Arkansas,7,0,False,20.1,3207.0,8.1,9.8,-1.7,3.5,0.05,1.0,42.0,19.0
719S,Arkansas,6,0,True,17.5,5947.0,6.0,9.6,-3.6,4.0,0.0,0.8,18.0,3.0
719T,Arkansas,6,0,True,21.5,1966.0,11.5,8.0,3.6,3.2,0.0,1.2,41.0,26.0
719W,Arkansas,6,0,True,19.5,3781.0,9.7,8.7,0.9,3.6,0.0,1.2,41.0,0.0
967K,Arkansas,8,0,False,22.0,1618.0,12.2,7.4,4.8,3.2,0.02,1.2,41.0,19.0
967T,Arkansas,7,1,True,26.7,46.0,19.0,5.7,13.3,4.1,0.11,1.8,47.0,41.0
967W,Arkansas,7,0,False,21.6,1885.0,4.5,9.7,-5.2,2.7,0.0,1.0,37.0,19.0
967X,Arkansas,7,0,False,21.5,1966.0,11.3,9.3,1.9,2.9,0.0,1.1,33.0,9.0
1616X,Arkansas,7,0,False,21.2,2203.0,7.3,10.4,-3.1,2.5,0.03,1.1,31.0,15.0
1616Y,Arkansas,7,0,False,21.9,1688.0,13.8,10.2,3.6,2.8,0.05,1.1,42.0,10.0
3400F,Arkansas,3,0,False,20.1,3207.0,12.3,8.1,4.2,4.1,0.05,1.2,36.0,18.0
3400Y,Arkansas,4,0,True,16.0,7504.0,6.6,10.2,-3.6,3.0,0.0,1.0,30.0,8.0
3400Z,Arkansas,3,0,False,21.6,1885.0,8.6,10.3,-1.6,3.1,0.0,1.1,35.0,30.0
5691A,Arkansas,6,0,False,23.6,730.0,19.9,6.7,13.2,3.7,0.03,1.5,40.0,12.0
5691X,Arkansas,8,0,True,21.5,1966.0,14.7,8.5,6.2,2.9,0.05,1.4,38.0,13.0
5691Y,Arkansas,7,0,False,21.8,1761.0,11.4,5.3,6.1,2.8,0.05,1.3,39.0,13.0
7187C,Arkansas,4,0,False,24.8,334.0,9.8,7.1,2.8,3.6,0.07,1.6,37.0,23.0
7187K,Arkansas,4,0,False,23.1,942.0,15.8,7.4,8.4,2.8,0.0,1.5,42.0,23.0
21050B,Arkansas,6,0,False,21.0,2371.0,10.1,8.8,1.3,2.2,0.0,1.0,30.0,13.0
21050Z,Arkansas,5,0,False,19.7,3601.0,7.7,9.1,-1.4,2.5,0.03,1.0,31.0,11.0
28407A,Arkansas,8,0,False,21.6,1885.0,7.2,8.4,-1.2,3.1,0.0,1.1,37.0,14.0
28407B,Arkansas,8,0,False,18.4,4926.0,4.7,9.9,-5.2,2.7,0.0,0.8,35.0,8.0
32174B,Arkansas,8,0,True,23.7,695.0,11.8,5.9,5.9,3.9,0.07,1.6,40.0,25.0
32174C,Arkansas,8,0,False,22.4,1363.0,10.4,8.4,2.0,2.7,0.08,1.2,40.0,23.0
32174D,Arkansas,8,0,False,22.9,1042.0,11.9,6.8,5.1,3.2,0.02,1.3,39.0,10.0
45744A,Arkansas,8,0,False,22.8,1104.0,12.1,9.3,2.8,3.4,0.02,1.3,24.0,18.0
72116A,Arkansas,6,0,False,21.9,1688.0,10.7,10.0,0.7,3.4,0.09,1.5,41.0,17.0
72116C,Arkansas,7,0,False,23.0,986.0,14.7,8.6,6.1,3.5,0.0,1.2,38.0,12.0
72116E,Arkansas,6,0,False,20.2,3106.0,8.0,9.9,-1.9,2.6,0.0,0.9,35.0,0.0
72116W,Arkansas,8,0,False,24.4,446.0,13.3,6.5,6.8,3.6,0.08,1.6,44.0,8.0
72116X,Arkansas,7,0,False,22.6,1250.0,12.2,9.2,3.0,3.1,0.02,1.1,38.0,18.0
72734J,Arkansas,5,0,False,22.3,1420.0,13.2,10.8,2.3,3.6,0.03,1.2,38.0,13.0
80452A,Arkansas,5,0,True,24.7,368.0,17.5,6.2,11.4,3.6,0.04,1.6,48.0,23.0
81718C,Arkansas,8,0,False,22.7,1176.0,9.7,7.6,2.0,2.7,0.02,1.2,35.0,6.0
82912A,Arkansas,6,1,False,18.6,4715.0,6.4,9.8,-3.4,2.6,0.0,0.8,27.0,4.0
84260A,Arkansas,7,0,False,22.7,1176.0,10.1,5.5,4.7,3.8,0.06,1.5,36.0,23.0
84260B,Arkansas,9,0,True,25.8,138.0,17.4,4.4,13.0,3.7,0.09,1.7,48.0,26.0
84260G,Arkansas,8,0,False,22.4,1363.0,13.3,7.8,5.5,3.1,0.0,1.3,28.0,15.0
84260K,Arkansas,7,0,False,23.8,654.0,12.8,6.9,5.9,3.3,0.03,1.4,47.0,20.0
84260V,Arkansas,7,0,True,25.6,174.0,19.8,5.7,14.1,4.0,0.03,1.7,47.0,43.0
99402B,Arkansas,8,0,False,18.7,4605.0,2.6,5.9,-3.3,2.2,0.0,1.0,24.0,15.0
99402T,Arkansas,7,0,False,20.5,2838.0,8.8,7.1,1.6,3.9,0.04,1.1,39.0,21.0
99402X,Arkansas,8,0,False,23.9,611.0,12.3,4.7,7.6,4.1,0.09,1.5,41.0,11.0
99402Z,Arkansas,9,0,True,23.9,611.0,13.0,5.9,7.1,2.9,0.0,1.1,41.0,26.0
99766D,Missouri,5,0,False,17.2,6264.0,4.7,5.7,-1.0,2.4,0.0,0.7,20.0,0.0
7422X,California,5,0,True,22.7,1176.0,9.9,5.5,4.4,3.2,0.0,1.3,37.0,12.0
5770A,Maryland,2,0,False,16.3,7222.0,3.4,4.1,-0.6,3.3,0.0,1.1,20.0,0.0
7135W,Maryland,5,0,False,18.5,4820.0,7.1,7.8,-0.6,3.1,0.03,1.1,32.0,4.0
7135X,Maryland,4,0,False,16.8,6719.0,7.0,8.1,-1.1,2.0,0.0,0.7,23.0,4.0
15696A,Maryland,2,0,False,17.4,6052.0,3.4,2.7,0.7,2.7,0.0,1.2,13.0,0.0
955N,New York,7,1,False,20.3,3012.0,9.3,11.1,-1.8,1.5,0.07,1.0,38.0,0.0
955R,New York,6,0,True,22.2,1468.0,19.9,12.5,7.4,4.3,0.59,2.0,54.0,49.0
1353Z,New York,5,0,False,21.4,2059.0,8.7,8.0,0.6,3.3,0.15,1.3,34.0,11.0
1808A,New York,4,0,False,17.4,6052.0,3.8,18.0,-14.2,1.9,0.04,0.4,27.0,8.0
2502S,New York,6,0,False,19.8,3501.0,12.6,13.3,-0.7,2.5,0.11,1.1,45.0,31.0
2502X,New York,8,1,False,24.9,312.0,18.7,9.7,9.1,3.5,0.15,1.5,56.0,33.0
2622T,New York,6,0,False,21.1,2288.0,15.3,12.8,2.5,3.6,0.14,1.5,47.0,39.0
6277A,New York,7,0,False,19.2,4071.0,10.6,10.7,-0.1,3.4,0.22,1.3,39.0,20.0
6277B,New York,12,3,True,25.7,155.0,17.7,7.9,9.8,4.2,0.42,2.1,47.0,46.0
6277C,New York,8,2,True,23.3,854.0,16.0,10.4,5.6,4.0,0.44,1.9,50.0,42.0
6277D,New York,10,2,True,23.6,730.0,17.0,10.6,6.4,3.0,0.23,1.5,45.0,41.0
6277F,New York,9,1,True,22.5,1313.0,13.8,8.7,5.1,3.6,0.17,1.5,43.0,29.0
9717A,New York,8,0,False,16.6,6924.0,2.8,14.4,-11.6,2.1,0.02,0.7,20.0,3.0
11432B,New York,5,0,False,22.2,1468.0,18.3,6.9,11.3,2.7,0.0,1.3,38.0,0.0
11442X,New York,7,0,False,17.5,5947.0,9.6,10.6,-1.0,2.8,0.08,0.9,34.0,31.0
11442Y,New York,7,0,True,17.5,5947.0,8.7,14.7,-6.0,2.7,0.06,1.1,34.0,4.0
11753A,New York,8,2,False,23.9,611.0,17.0,10.7,6.2,3.5,0.27,1.7,53.0,26.0
15981A,New York,8,1,False,22.1,1546.0,11.1,9.2,1.9,3.0,0.07,1.3,45.0,0.0
16099A,New York,10,3,True,26.0,118.0,20.7,7.5,13.2,4.7,0.47,2.2,65.0,62.0
16099B,New York,11,3,True,22.5,1313.0,14.2,10.5,3.7,3.5,0.17,1.2,55.0,45.0
16099C,New York,11,3,True,24.1,542.0,14.3,8.2,6.1,3.8,0.26,1.9,63.0,37.0
16099D,New York,10,3,True,23.8,654.0,13.1,10.3,2.8,3.4,0.1,1.3,48.0,27.0
19383A,New York,8,0,False,19.0,4293.0,6.4,9.9,-3.4,2.6,0.08,1.1,37.0,4.0
19383B,New York,6,0,False,17.7,5708.0,9.9,14.1,-4.1,2.3,0.08,0.9,48.0,30.0
19383D,New York,6,0,False,18.3,5032.0,10.5,10.1,0.3,2.6,0.13,1.1,29.0,1.0
24842B,New York,9,0,False,25.0,287.0,18.6,8.2,10.4,4.1,0.35,2.0,43.0,36.0
25565A,New York,7,1,False,19.7,3601.0,11.4,7.7,3.7,3.0,0.18,1.5,43.0,25.0
38211B,New York,7,0,True,22.1,1546.0,16.4,9.1,7.3,4.0,0.28,1.7,54.0,43.0
47114A,New York,3,0,False,14.1,9191.0,9.1,10.6,-1.5,3.6,0.16,0.8,34.0,14.0
49627A,New York,5,0,False,19.5,3781.0,11.2,15.9,-4.8,1.9,0.15,0.9,36.0,0.0
49627B,New York,4,0,False,17.1,6385.0,7.7,13.3,-5.7,2.6,0.07,0.7,29.0,3.0
52806A,New York,3,0,False,17.0,6492.0,7.1,15.8,-8.6,2.6,0.0,0.6,18.0,11.0
59968H,New York,5,0,False,20.3,3012.0,9.3,6.6,2.7,3.4,0.15,1.2,34.0,20.0
59968K,New York,4,0,False,17.7,5708.0,2.4,8.2,-5.8,1.8,0.03,0.6,23.0,0.0
59968T,New York,4,0,False,23.0,986.0,15.5,7.3,8.2,3.8,0.1,1.4,42.0,26.0
62880A,New York,7,3,False,20.1,3207.0,10.0,13.6,-3.6,3.0,0.09,1.0,42.0,16.0
62880C,New York,11,3,True,24.8,334.0,17.7,7.1,10.6,3.9,0.22,1.6,53.0,30.0
62880D,New York,9,2,False,24.9,312.0,16.5,8.0,8.5,3.3,0.24,1.5,42.0,27.0
68602C,New York,4,0,False,18.4,4926.0,6.2,12.1,-5.9,2.9,0.0,1.2,16.0,14.0
70407R,New York,9,3,True,24.5,413.0,19.2,10.5,8.6,4.0,0.47,2.1,59.0,56.0
78792E,New York,9,0,True,22.8,1104.0,17.6,6.2,11.5,4.1,0.19,1.7,53.0,48.0
78792K,New York,8,0,False,19.2,4071.0,5.2,9.6,-4.4,2.4,0.07,0.8,33.0,3.0
78792T,New York,7,0,False,21.3,2133.0,9.6,9.5,0.1,2.4,0.11,1.1,40.0,23.0
88188A,New York,7,0,False,22.2,1468.0,17.2,7.3,9.8,3.3,0.17,1.5,34.0,42.0
97140A,New York,10,0,True,21.6,1885.0,12.5,10.3,2.2,2.3,0.11,1.0,50.0,33.0
97140B,New York,9,0,False,23.2,895.0,13.6,8.8,4.8,2.9,0.12,1.2,37.0,30.0
97871R,New York,6,0,False,20.3,3012.0,10.3,11.0,-0.6,3.1,0.21,1.2,45.0,3.0
99561B,New York,6,0,False,18.2,5141.0,5.5,7.7,-2.1,2.6,0.03,0.6,24.0,3.0
12A,Virginia,10,2,True,20.0,3301.0,9.6,12.1,-2.4,2.7,0.14,1.1,43.0,33.0
12B,Virginia,7,2,False,18.5,4820.0,9.9,16.0,-6.1,2.2,0.06,0.9,36.0,16.0
12C,Virginia,11,3,True,24.6,390.0,14.8,9.0,5.8,3.8,0.3,1.7,56.0,40.0
12D,Virginia,9,3,False,21.6,1885.0,12.5,12.6,-0.1,3.0,0.14,1.2,46.0,42.0
12X,Virginia,9,1,False,21.0,2371.0,10.1,14.0,-3.9,3.0,0.11,1.1,31.0,33.0
12Y,Virginia,6,1,True,20.4,2925.0,13.9,14.9,-1.0,2.6,0.16,1.3,47.0,44.0
12Z,Virginia,9,3,False,21.8,1761.0,12.7,10.3,2.4,3.5,0.12,1.3,37.0,29.0
46B,Virginia,8,1,True,21.7,1822.0,20.4,8.5,11.9,3.9,0.41,1.9,55.0,42.0
46N,Virginia,11,0,False,20.0,3301.0,9.4,9.0,0.4,2.9,0.17,1.1,38.0,24.0
46V,Virginia,9,2,False,20.7,2629.0,13.3,13.9,-0.6,2.7,0.16,1.3,54.0,18.0
154A,Virginia,8,0,False,17.5,5947.0,7.6,15.1,-7.5,2.4,0.08,0.7,39.0,16.0
154D,Virginia,6,0,False,23.3,854.0,20.1,6.7,13.3,3.5,0.15,1.9,45.0,35.0
1575B,Virginia,9,1,False,22.0,1618.0,15.2,9.3,6.0,3.4,0.25,1.4,43.0,28.0
1575K,Virginia,10,1,False,22.9,1042.0,14.8,10.4,4.5,2.6,0.09,1.4,48.0,30.0
1575M,Virginia,8,1,False,18.9,4403.0,10.7,11.2,-0.5,2.8,0.06,1.0,38.0,12.0
1575T,Virginia,9,1,False,19.8,3501.0,10.5,12.6,-2.1,3.1,0.16,1.1,35.0,8.0
1575W,Virginia,10,1,True,22.8,1104.0,16.7,9.0,7.7,3.7,0.28,1.6,51.0,39.0
1575X,Virginia,11,1,False,23.9,611.0,17.0,8.3,8.7,3.4,0.22,1.6,50.0,24.0
1575Y,Virginia,6,0,False,16.6,6924.0,8.0,10.8,-2.8,2.2,0.06,0.8,35.0,14.0
2068B,Virginia,6,1,False,20.2,3106.0,10.8,15.7,-4.9,1.7,0.06,0.8,44.0,28.0
2072A,Virginia,16,4,True,25.9,131.0,16.8,10.2,6.6,3.1,0.18,1.6,50.0,42.0
2072C,Virginia,18,4,True,23.4,811.0,17.2,10.8,6.4,3.4,0.11,1.5,52.0,45.0
2072U,Virginia,14,3,False,22.2,1468.0,11.2,10.6,0.6,2.8,0.1,1.2,37.0,35.0
2072X,Virginia,14,4,True,25.3,220.0,16.8,9.8,6.9,3.6,0.25,1.7,59.0,47.0
2145Z,Virginia,14,5,True,26.9,36.0,21.0,11.3,9.7,4.2,0.5,2.2,56.0,47.0
2430X,Virginia,4,0,False,18.1,5246.0,7.5,10.9,-3.4,2.0,0.05,0.9,32.0,16.0
2509A,Virginia,9,2,True,25.4,205.0,18.7,8.3,10.4,4.4,0.33,2.1,48.0,38.0
2872X,Virginia,6,0,False,21.6,1885.0,12.5,7.3,5.2,2.7,0.07,1.4,49.0,33.0
4303B,Virginia,7,0,False,19.6,3703.0,8.0,13.3,-5.3,2.1,0.12,1.0,43.0,11.0
4303D,Virginia,8,1,False,19.8,3501.0,11.6,9.1,2.5,2.6,0.1,1.1,43.0,19.0
4303X,Virginia,9,1,False,20.9,2458.0,10.1,7.9,2.2,2.6,0.1,1.2,47.0,25.0
6603A,Virginia,6,0,False,18.6,4715.0,9.8,7.3,2.5,2.6,0.06,1.3,41.0,23.0
6603C,Virginia,5,0,False,18.1,5246.0,7.7,10.0,-2.3,2.4,0.0,1.0,26.0,9.0
13150B,Virginia,6,0,False,16.0,7504.0,5.4,16.4,-11.0,3.2,0.0,0.6,29.0,12.0
13150E,Virginia,4,0,False,17.2,6264.0,7.7,11.1,-3.4,1.4,0.0,1.0,35.0,23.0
20102A,Virginia,9,0,False,20.3,3012.0,11.1,12.1,-1.0,2.0,0.09,1.0,29.0,22.0
20164B,Virginia,7,1,False,19.4,3876.0,9.3,13.4,-4.1,3.1,0.1,0.9,41.0,14.0
20164M,Virginia,7,0,False,18.9,4403.0,8.8,10.9,-2.1,2.6,0.03,1.1,35.0,11.0
20164T,Virginia,8,1,True,20.6,2734.0,14.2,9.6,4.6,3.1,0.07,1.3,56.0,51.0
20164X,Virginia,7,0,False,20.6,2734.0,13.1,10.6,2.5,3.0,0.03,1.0,21.0,19.0
42075A,Virginia,4,0,False,18.1,5246.0,6.3,14.4,-8.0,3.2,0.07,0.8,33.0,8.0
50805A,Virginia,6,2,False,19.8,3501.0,9.5,15.2,-5.7,2.1,0.1,0.9,32.0,27.0
50805H,Virginia,10,1,False,23.9,611.0,18.0,8.4,9.6,4.0,0.29,1.7,43.0,35.0
50878X,Virginia,9,0,True,18.4,4926.0,9.9,8.3,1.6,2.6,0.19,1.3,54.0,38.0
54045Z,Virginia,7,0,False,20.7,2629.0,11.6,10.4,1.2,1.8,0.07,1.1,43.0,42.0
60023X,Virginia,6,0,False,19.4,3876.0,13.6,9.5,4.1,3.8,0.22,1.3,36.0,16.0
60023Y,Virginia,6,0,False,18.4,4926.0,6.1,12.9,-6.7,2.2,0.03,0.8,33.0,10.0
62961X,Virginia,7,2,False,24.0,566.0,15.8,10.1,5.8,3.2,0.13,1.6,56.0,39.0
63975A,Virginia,6,0,False,18.0,5344.0,3.4,16.2,-12.8,2.1,0.12,0.6,28.0,13.0
63975D,Virginia,11,2,True,24.8,334.0,16.9,9.4,7.5,4.1,0.47,1.9,59.0,44.0
70220A,Virginia,4,0,False,18.9,4403.0,11.0,11.7,-0.7,2.8,0.11,1.1,46.0,29.0
71999A,Virginia,5,0,False,20.9,2458.0,17.1,9.0,8.1,3.3,0.09,1.2,47.0,15.0
80208K,Virginia,7,0,True,19.8,3501.0,12.0,11.8,0.2,2.7,0.17,1.1,49.0,41.0
80708Y,Virginia,11,5,True,26.1,106.0,19.4,13.3,6.1,4.5,0.46,2.0,59.0,48.0
99157B,Virginia,7,2,False,20.1,3207.0,13.5,10.3,3.2,3.4,0.14,1.3,44.0,17.0
99909A,Virginia,5,0,False,16.0,7504.0,7.3,10.2,-2.8,1.8,0.07,0.6,43.0,23.0
295E,California,6,0,False,20.6,2734.0,4.6,8.0,-3.4,2.5,0.04,0.8,44.0,32.0
2011A,Ohio,12,3,True,25.7,155.0,19.9,11.0,8.9,3.9,0.27,1.8,56.0,32.0
2011B,Ohio,15,4,True,25.5,188.0,18.1,12.8,5.3,3.7,0.3,1.6,59.0,54.0
2011C,Ohio,12,1,True,24.2,511.0,14.5,9.2,5.3,3.7,0.19,1.5,56.0,41.0
2011D,Ohio,14,4,True,27.4,14.0,18.8,12.3,6.5,4.2,0.33,1.9,56.0,61.0
2011E,Ohio,11,3,True,24.8,334.0,15.8,9.2,6.5,3.7,0.21,1.7,55.0,41.0
2011F,Ohio,11,2,False,23.7,695.0,16.5,11.0,5.5,3.1,0.15,1.4,43.0,0.0
2011G,Ohio,10,1,False,23.3,854.0,14.5,11.2,3.3,3.0,0.13,1.2,56.0,17.0
2011K,Ohio,14,4,True,27.1,26.0,19.7,11.9,7.8,4.0,0.35,2.0,54.0,38.0
2971A,Ohio,7,0,False,21.2,2203.0,13.1,9.1,4.0,2.4,0.05,1.0,44.0,23.0
2971B,Ohio,7,0,False,22.0,1618.0,12.0,12.6,-0.6,2.8,0.08,1.0,45.0,21.0
3145G,Ohio,11,1,False,23.0,986.0,11.6,10.0,1.6,3.4,0.11,1.4,45.0,15.0
3145H,Ohio,12,2,False,24.3,477.0,14.0,7.9,6.1,3.0,0.11,1.4,41.0,15.0
3145N,Ohio,11,1,False,22.8,1104.0,12.9,7.8,5.1,3.3,0.11,1.5,47.0,11.0
3264E,Ohio,7,1,False,21.0,2371.0,9.0,10.0,-1.0,2.5,0.02,0.7,39.0,12.0
3264T,Ohio,6,0,False,19.8,3501.0,5.2,7.5,-2.3,2.6,0.02,0.9,20.0,13.0
3264X,Ohio,11,1,False,24.5,413.0,20.5,6.3,14.2,3.5,0.16,1.6,51.0,39.0
4112D,Ohio,6,0,True,22.7,1176.0,18.2,6.0,12.2,3.4,0.21,1.4,49.0,24.0
6008A,Ohio,15,3,True,26.4,79.0,24.8,9.0,15.9,4.6,0.54,2.2,58.0,50.0
6008D,Ohio,16,4,False,25.2,240.0,17.0,9.2,7.7,3.5,0.2,1.7,53.0,42.0
6008G,Ohio,14,1,True,24.8,334.0,18.2,9.4,8.8,4.0,0.28,1.7,49.0,43.0
6008P,Ohio,15,3,False,25.2,240.0,18.5,11.5,7.0,3.4,0.2,1.6,53.0,37.0
6008X,Ohio,17,4,False,24.1,542.0,15.2,11.8,3.4,3.0,0.16,1.3,55.0,25.0
6008Y,Ohio,15,1,False,22.7,1176.0,14.1,9.9,4.2,3.2,0.13,1.2,38.0,19.0
6403A,Ohio,15,2,False,24.0,566.0,14.2,9.4,4.7,3.1,0.11,1.4,44.0,7.0
6403P,Ohio,14,1,False,22.8,1104.0,12.0,9.3,2.7,3.4,0.07,1.2,40.0,15.0
6403Z,Ohio,15,2,True,25.8,138.0,20.7,7.7,13.0,4.3,0.25,1.8,55.0,48.0
6741A,Ohio,12,2,False,21.7,1822.0,10.1,13.5,-3.4,3.0,0.1,1.0,44.0,20.0
6741D,Ohio,11,1,False,20.6,2734.0,8.1,11.4,-3.4,2.2,0.06,0.9,44.0,14.0
6741R,Ohio,14,3,True,24.9,312.0,14.6,7.8,6.8,3.2,0.2,1.6,53.0,51.0
6978B,Ohio,11,0,False,23.5,767.0,17.0,8.4,8.6,4.3,0.39,1.8,48.0,38.0
6978E,Ohio,10,0,False,20.2,3106.0,10.0,11.7,-1.7,2.6,0.14,1.1,39.0,13.0
6978W,Ohio,10,0,False,21.6,1885.0,10.7,12.4,-1.7,2.6,0.1,1.1,45.0,22.0
6978Y,Ohio,10,0,False,23.7,695.0,17.0,10.8,6.1,3.2,0.16,1.4,50.0,41.0
7316D,Ohio,10,1,False,21.1,2288.0,12.0,10.6,1.4,3.1,0.15,1.3,36.0,18.0
7316E,Ohio,13,2,False,24.6,390.0,16.5,9.5,7.0,3.1,0.11,1.6,48.0,11.0
7316R,Ohio,11,2,False,25.8,138.0,21.9,9.3,12.6,4.0,0.24,1.8,55.0,37.0
7316V,Ohio,15,2,False,24.8,334.0,15.5,9.0,6.5,3.8,0.12,1.5,48.0,15.0
7316X,Ohio,14,2,True,23.2,895.0,16.1,9.2,6.8,2.8,0.09,1.3,51.0,43.0
7882K,Ohio,14,1,False,20.0,3301.0,7.5,10.4,-2.9,2.8,0.02,1.0,34.0,8.0
7882W,Ohio,17,2,True,22.8,1104.0,9.5,9.0,0.5,2.7,0.02,1.0,43.0,27.0
7882X,Ohio,14,2,False,21.9,1688.0,11.8,10.2,1.6,2.4,0.05,1.0,45.0,16.0
8609N,Ohio,15,0,False,18.7,4605.0,4.1,11.8,-7.7,2.5,0.01,0.8,24.0,8.0
8609S,Ohio,13,0,False,20.1,3207.0,4.4,9.7,-5.3,2.5,0.04,0.8,26.0,8.0
8823A,Ohio,8,2,False,22.5,1313.0,13.1,9.2,4.0,3.2,0.15,1.3,46.0,43.0
8823E,Ohio,9,1,False,22.7,1176.0,12.7,11.7,0.9,2.6,0.11,1.0,52.0,39.0
8823J,Ohio,8,1,False,20.9,2458.0,10.5,10.5,-0.1,3.3,0.15,1.2,38.0,25.0
8823M,Ohio,6,1,False,20.4,2925.0,8.1,12.9,-4.7,2.9,0.1,1.1,43.0,9.0
8823U,Ohio,8,1,False,20.6,2734.0,10.7,11.9,-1.2,2.5,0.04,1.0,37.0,24.0
8823Z,Ohio,11,3,False,23.2,895.0,14.3,10.8,3.5,3.4,0.18,1.4,42.0,15.0
9185C,Ohio,12,3,False,22.6,1250.0,12.7,15.1,-2.5,3.0,0.16,1.1,42.0,32.0
9185T,Ohio,14,3,False,24.8,334.0,16.5,9.8,6.6,3.2,0.2,1.5,56.0,25.0
9185V,Ohio,13,3,False,21.5,1966.0,10.6,13.5,-2.9,2.2,0.06,1.0,47.0,20.0
10565Z,Ohio,5,0,False,21.1,2288.0,14.9,10.0,4.9,3.8,0.09,1.3,38.0,26.0
11124M,Ohio,11,1,False,22.2,1468.0,10.0,11.2,-1.2,2.6,0.06,1.1,38.0,24.0
11124P,Ohio,12,1,False,24.7,368.0,17.7,12.7,5.0,2.7,0.11,1.4,53.0,42.0
11124W,Ohio,11,1,False,24.0,566.0,16.6,9.7,6.9,3.6,0.1,1.4,46.0,20.0
11124X,Ohio,12,1,False,23.9,611.0,17.8,8.7,9.2,3.4,0.12,1.6,50.0,24.0
11254G,Ohio,7,1,False,22.5,1313.0,17.5,13.5,4.0,2.6,0.22,1.3,56.0,37.0
11254W,Ohio,5,1,False,22.3,1420.0,16.2,13.0,3.1,3.7,0.18,1.2,40.0,24.0
11254Y,Ohio,6,1,False,20.8,2544.0,12.3,12.9,-0.6,2.7,0.17,1.2,39.0,13.0
11254Z,Ohio,5,1,False,20.9,2458.0,8.5,12.3,-3.7,2.6,0.12,1.3,39.0,32.0
20080X,Ohio,9,1,False,23.6,730.0,16.8,12.8,4.0,3.4,0.16,1.5,55.0,29.0
22324A,Ohio,3,0,False,20.9,2458.0,9.8,7.5,2.3,3.0,0.15,1.4,45.0,7.0
23037A,Ohio,4,0,False,20.8,2544.0,11.4,10.4,1.0,3.6,0.08,1.2,36.0,9.0
33042A,Ohio,4,0,False,18.5,4820.0,4.1,8.4,-4.3,2.7,0.0,0.7,17.0,4.0
33499A,Ohio,4,0,False,20.1,3207.0,13.8,11.0,2.9,3.0,0.23,1.2,37.0,8.0
34872A,Ohio,4,0,False,20.3,3012.0,13.2,9.4,3.8,2.8,0.09,1.1,44.0,25.0
40938C,Ohio,5,0,False,20.4,2925.0,6.1,6.1,0.1,2.3,0.02,1.0,30.0,6.0
40938D,Ohio,5,0,False,21.7,1822.0,8.6,6.4,2.3,3.3,0.02,1.3,34.0,11.0
43050W,Ohio,6,0,False,20.6,2734.0,9.0,8.7,0.4,2.8,0.11,1.2,33.0,13.0
43050Z,Ohio,6,0,False,21.0,2371.0,10.4,11.3,-0.9,2.8,0.08,1.1,44.0,27.0
44047A,Ohio,8,0,False,22.2,1468.0,11.0,6.6,4.3,3.3,0.05,1.2,36.0,10.0
44691F,Ohio,12,2,True,25.8,138.0,16.8,9.6,7.2,3.8,0.25,1.7,55.0,42.0
44691R,Ohio,12,2,False,22.6,1250.0,12.5,12.1,0.4,2.8,0.05,1.2,50.0,38.0
44691X,Ohio,12,2,False,21.5,1966.0,10.8,13.5,-2.7,2.9,0.05,1.0,44.0,36.0
45133E,Ohio,5,0,False,24.8,334.0,17.0,7.2,9.8,3.3,0.16,1.5,43.0,26.0
45133F,Ohio,6,0,False,20.9,2458.0,14.9,9.6,5.2,3.5,0.06,1.4,51.0,38.0
45133H,Ohio,5,0,False,22.3,1420.0,18.9,6.9,12.0,4.0,0.27,1.8,43.0,33.0
45133J,Ohio,7,0,True,25.4,205.0,16.4,6.9,9.5,4.3,0.26,2.0,50.0,25.0
45133K,Ohio,6,0,False,22.1,1546.0,16.2,8.9,7.3,3.8,0.25,1.6,46.0,34.0
45224A,Ohio,6,0,False,22.5,1313.0,16.2,3.2,13.0,3.5,0.04,1.5,44.0,13.0
45434A,Ohio,9,1,False,22.9,1042.0,10.2,11.1,-0.9,3.1,0.08,1.3,38.0,36.0
45434H,Ohio,11,1,True,23.8,654.0,13.9,12.0,1.9,2.6,0.16,1.4,54.0,43.0
45434M,Ohio,10,1,True,24.4,446.0,16.0,11.6,4.4,3.3,0.28,1.6,51.0,42.0
45434N,Ohio,8,0,False,21.6,1885.0,7.9,10.6,-2.7,3.6,0.11,1.0,37.0,24.0
45434R,Ohio,9,1,False,25.2,240.0,14.5,13.6,0.9,3.8,0.34,1.7,60.0,35.0
45434S,Ohio,8,0,True,21.9,1688.0,8.9,11.5,-2.6,2.7,0.1,1.2,36.0,33.0
45434V,Ohio,9,0,False,22.7,1176.0,10.7,8.9,1.8,3.0,0.11,1.3,43.0,30.0
45434W,Ohio,9,1,False,22.6,1250.0,15.4,11.5,3.9,3.6,0.21,1.5,41.0,36.0
45434X,Ohio,8,0,False,22.0,1618.0,8.6,12.1,-3.5,2.7,0.14,1.0,48.0,17.0
45434Y,Ohio,8,1,False,25.6,174.0,14.6,9.7,4.9,3.8,0.28,1.8,50.0,43.0
56029C,Ohio,4,0,False,23.3,854.0,11.1,4.5,6.6,3.4,0.0,1.3,36.0,9.0
60883B,Ohio,15,3,False,23.1,942.0,14.6,9.1,5.6,3.2,0.11,1.4,49.0,34.0
60883R,Ohio,12,1,False,21.0,2371.0,8.5,13.3,-4.8,2.6,0.1,1.0,42.0,14.0
60883W,Ohio,17,4,True,25.6,174.0,20.0,8.4,11.5,4.0,0.23,1.8,50.0,48.0
68561D,Ohio,9,0,False,23.5,767.0,12.8,7.2,5.6,4.2,0.3,1.8,34.0,10.0
68561H,Ohio,8,0,False,21.8,1761.0,10.1,9.1,1.0,2.4,0.05,1.2,31.0,10.0
81834B,Ohio,6,0,False,18.2,5141.0,8.8,10.9,-2.1,2.6,0.12,1.0,39.0,26.0
81834E,Ohio,6,0,False,19.0,4293.0,5.4,16.3,-10.9,2.1,0.09,0.7,37.0,18.0
91142A,Ohio,9,1,False,22.1,1546.0,8.5,5.2,3.3,3.1,0.03,1.2,24.0,8.0
91142B,Ohio,9,1,False,22.5,1313.0,11.6,8.0,3.5,3.5,0.05,1.2,41.0,0.0
98575C,Ohio,5,0,True,19.6,3703.0,12.2,11.8,0.5,2.2,0.04,1.1,53.0,50.0
1812A,Oregon,7,0,False,19.7,3601.0,2.9,8.0,-5.1,2.4,0.0,0.8,26.0,0.0
97301B,Oregon,2,0,False,14.5,8904.0,0.0,9.5,-9.5,1.7,0.0,0.8,20.0,0.0
750B,New Jersey,8,0,True,24.7,368.0,20.5,8.6,11.9,4.0,0.29,1.8,63.0,52.0
750C,New Jersey,7,0,False,19.4,3876.0,11.1,7.9,3.2,2.8,0.03,1.2,47.0,20.0
750E,New Jersey,7,0,False,21.0,2371.0,14.3,11.5,2.8,3.2,0.13,1.3,42.0,14.0
750R,New Jersey,7,0,False,19.8,3501.0,10.2,10.2,-0.1,3.4,0.03,1.1,44.0,8.0
750S,New Jersey,7,0,False,22.3,1420.0,14.0,6.2,7.8,3.1,0.16,1.6,34.0,8.0
750W,New Jersey,7,0,False,18.6,4715.0,8.4,11.1,-2.7,2.5,0.11,1.0,34.0,26.0
765A,New Jersey,7,1,True,23.2,895.0,14.0,11.7,2.4,4.0,0.25,1.6,40.0,27.0
765C,New Jersey,7,1,True,20.8,2544.0,15.9,12.9,3.0,3.2,0.17,1.5,49.0,50.0
765N,New Jersey,6,1,False,21.0,2371.0,9.2,14.6,-5.4,2.6,0.15,1.1,39.0,28.0
765X,New Jersey,6,1,False,20.6,2734.0,11.4,11.9,-0.5,3.3,0.07,1.0,42.0,26.0
2616H,New Jersey,9,2,False,21.7,1822.0,16.6,10.2,6.4,3.8,0.21,1.4,53.0,35.0
2616K,New Jersey,12,2,True,25.2,240.0,20.7,9.1,11.6,3.8,0.21,1.8,63.0,56.0
2616X,New Jersey,11,3,False,20.8,2544.0,11.4,11.3,0.1,2.5,0.13,1.2,40.0,16.0
4610A,New Jersey,6,0,False,19.1,4178.0,9.5,14.9,-5.4,2.9,0.19,1.0,35.0,44.0
4610C,New Jersey,10,4,True,26.0,118.0,20.5,11.3,9.2,4.0,0.5,2.0,58.0,60.0
4610G,New Jersey,6,0,False,18.8,4503.0,10.5,14.1,-3.6,2.8,0.19,1.1,42.0,26.0
4610J,New Jersey,9,3,True,22.9,1042.0,14.9,9.2,5.7,3.3,0.17,1.5,50.0,43.0
4610K,New Jersey,7,0,False,19.4,3876.0,9.8,9.5,0.3,3.8,0.24,1.4,38.0,23.0
4610M,New Jersey,6,0,False,17.4,6052.0,6.7,12.1,-5.4,2.4,0.19,1.0,33.0,22.0
4610N,New Jersey,6,2,False,21.6,1885.0,15.8,12.7,3.1,3.1,0.32,1.4,39.0,27.0
4610P,New Jersey,7,0,False,18.5,4820.0,10.3,11.1,-0.8,3.3,0.18,1.2,39.0,22.0
4610T,New Jersey,6,0,False,16.9,6599.0,5.2,14.6,-9.4,1.5,0.06,0.6,35.0,25.0
4610W,New Jersey,8,2,True,22.5,1313.0,12.8,13.0,-0.3,3.4,0.26,1.4,51.0,43.0
4610Z,New Jersey,6,1,False,21.6,1885.0,15.5,12.4,3.1,3.1,0.25,1.4,46.0,37.0
5249J,New Jersey,6,0,False,18.7,4605.0,6.8,16.9,-10.1,2.2,0.06,0.7,39.0,19.0
5249S,New Jersey,7,0,False,23.2,895.0,16.7,11.2,5.5,2.3,0.07,1.3,45.0,10.0
5249V,New Jersey,6,0,False,22.7,1176.0,14.6,8.6,6.0,4.0,0.19,1.5,50.0,15.0
5249X,New Jersey,7,0,False,21.5,1966.0,14.0,10.3,3.6,3.6,0.27,1.6,29.0,27.0
5249Z,New Jersey,10,1,True,23.7,695.0,17.3,9.9,7.4,3.9,0.4,1.7,52.0,48.0
7405K,New Jersey,8,3,True,23.6,730.0,16.4,13.1,3.3,3.3,0.19,1.4,54.0,50.0
7405M,New Jersey,8,2,True,22.4,1363.0,15.6,9.6,5.9,3.4,0.24,1.4,58.0,41.0
7405N,New Jersey,8,2,False,21.9,1688.0,13.7,14.5,-0.7,3.2,0.16,1.2,45.0,14.0
7405R,New Jersey,11,4,True,25.8,138.0,17.5,10.2,7.3,3.6,0.42,1.9,55.0,59.0
7405V,New Jersey,7,2,False,21.8,1761.0,14.2,11.2,2.9,4.0,0.14,1.4,54.0,30.0
41618F,New Jersey,9,1,True,20.2,3106.0,10.7,14.7,-4.1,2.6,0.1,1.2,45.0,18.0
41618J,New Jersey,7,0,True,19.5,3781.0,12.4,10.4,2.0,2.8,0.08,1.1,56.0,41.0
42747M,New Jersey,8,1,False,20.6,2734.0,11.1,11.1,0.0,2.1,0.18,1.2,47.0,42.0
42747S,New Jersey,4,0,False,18.7,4605.0,8.6,13.3,-4.7,1.8,0.15,1.1,33.0,24.0
42747W,New Jersey,7,1,False,20.2,3106.0,13.3,10.3,3.1,4.0,0.28,1.7,44.0,29.0
42747Z,New Jersey,4,0,False,18.7,4605.0,11.4,14.8,-3.5,2.5,0.12,1.1,36.0,20.0
59218B,New Jersey,6,1,False,24.6,390.0,18.6,11.5,7.1,3.8,0.3,1.7,55.0,36.0
96138A,New Jersey,5,0,False,23.6,730.0,18.4,9.6,8.9,4.8,0.39,2.0,40.0,48.0
4611D,New Jersey,5,0,True,19.7,3601.0,10.9,4.4,6.5,2.8,0.1,1.6,36.0,12.0
4611F,New Jersey,5,0,True,18.5,4820.0,8.4,9.8,-1.4,2.8,0.03,0.8,33.0,18.0
4611G,New Jersey,4,0,False,17.9,5478.0,8.8,5.3,3.5,3.0,0.07,1.4,23.0,0.0
10135A,New Jersey,4,0,False,12.4,10252.0,2.2,11.8,-9.6,1.8,0.0,0.4,20.0,5.0
10A,Washington,10,0,True,22.7,1176.0,9.7,10.1,-0.4,2.9,0.25,1.4,48.0,32.0
10B,Washington,14,3,True,24.8,334.0,14.6,9.9,4.7,3.7,0.41,1.8,58.0,55.0
10E,Washington,7,0,False,21.5,1966.0,5.1,14.9,-9.8,2.0,0.08,0.8,42.0,26.0
10K,Washington,9,1,False,23.6,730.0,17.2,13.2,4.0,3.4,0.42,1.8,53.0,45.0
10M,Washington,9,0,False,23.8,654.0,10.5,11.6,-1.0,2.6,0.21,1.2,51.0,34.0
10N,Washington,7,0,False,21.6,1885.0,10.2,11.6,-1.3,2.5,0.18,1.2,37.0,33.0
10T,Washington,13,3,True,25.5,188.0,16.4,11.4,5.0,2.7,0.22,1.5,52.0,49.0
10V,Washington,9,0,False,21.6,1885.0,9.6,13.4,-3.8,2.5,0.13,1.0,42.0,19.0
10W,Washington,12,2,True,23.7,695.0,13.2,11.6,1.6,2.5,0.31,1.5,54.0,51.0
10X,Washington,7,1,False,22.0,1618.0,12.6,10.6,2.0,3.1,0.24,1.5,52.0,44.0
10Z,Washington,7,1,False,22.8,1104.0,13.2,8.8,4.3,2.9,0.06,1.1,40.0,29.0
537K,Washington,7,0,False,21.0,2371.0,14.7,14.7,0.0,3.3,0.34,1.5,43.0,33.0
917E,Washington,7,0,False,19.5,3781.0,5.1,12.8,-7.7,1.9,0.05,0.7,43.0,29.0
917X,Washington,11,2,False,22.2,1468.0,15.5,14.0,1.5,3.0,0.24,1.4,45.0,49.0
949Z,Washington,10,1,False,23.0,986.0,14.0,12.8,1.2,2.5,0.24,1.4,50.0,11.0
1023E,Washington,12,2,True,26.7,46.0,18.1,9.9,8.2,4.8,0.43,2.1,58.0,58.0
1091A,Washington,6,1,False,23.4,811.0,14.3,11.6,2.7,3.8,0.25,1.6,54.0,38.0
1248X,Washington,5,0,False,19.6,3703.0,12.3,15.8,-3.5,1.9,0.31,1.4,51.0,27.0
1258V,Washington,6,2,False,24.4,446.0,17.3,14.8,2.5,3.1,0.19,1.3,46.0,37.0
1687C,Washington,12,2,False,25.5,188.0,17.8,9.5,8.4,3.6,0.38,2.0,60.0,43.0
2605B,Washington,6,0,False,22.2,1468.0,9.8,9.2,0.6,2.7,0.12,1.4,44.0,14.0
3484X,Washington,7,1,False,19.2,4071.0,11.3,15.6,-4.3,3.5,0.23,1.2,49.0,27.0
3512B,Washington,7,0,False,22.1,1546.0,13.6,13.9,-0.3,2.9,0.2,1.3,37.0,18.0
3512D,Washington,9,0,False,21.5,1966.0,16.2,11.3,4.9,2.8,0.17,1.3,43.0,24.0
3512X,Washington,7,0,False,21.2,2203.0,12.8,15.4,-2.6,3.2,0.27,1.3,33.0,32.0
4853A,Washington,7,0,False,20.6,2734.0,9.5,13.7,-4.2,2.7,0.2,1.0,48.0,25.0
8931R,Washington,7,0,True,26.0,118.0,24.1,7.5,16.6,4.6,0.57,2.2,56.0,46.0
8931W,Washington,6,0,False,23.2,895.0,14.1,10.9,3.2,2.7,0.05,1.0,41.0,22.0
12516A,Washington,12,1,False,20.1,3207.0,9.3,10.3,-1.0,2.7,0.19,1.2,48.0,38.0
39313Z,Washington,10,1,True,23.2,895.0,14.8,7.7,7.1,2.9,0.11,1.4,46.0,42.0
40824A,Washington,8,0,True,19.9,3397.0,14.1,14.4,-0.3,2.8,0.3,1.3,42.0,39.0
42824A,Washington,10,1,True,24.7,368.0,19.2,12.2,7.0,3.5,0.31,1.7,56.0,55.0
44244D,Washington,7,0,False,24.3,477.0,13.9,9.4,4.6,2.8,0.09,1.3,42.0,16.0
44244N,Washington,7,0,False,22.7,1176.0,14.3,9.6,4.7,3.4,0.16,1.4,48.0,32.0
44244R,Washington,6,0,False,21.5,1966.0,10.9,8.5,2.4,2.6,0.12,1.4,49.0,25.0
47000X,Washington,6,0,False,19.9,3397.0,14.5,12.8,1.7,3.1,0.26,1.2,49.0,29.0
47874C,Washington,7,0,False,23.8,654.0,12.0,6.0,6.0,3.1,0.1,1.3,36.0,21.0
47874J,Washington,11,1,True,25.0,287.0,15.6,8.0,7.6,3.1,0.22,1.5,40.0,40.0
47874M,Washington,7,0,False,24.1,542.0,10.3,4.3,6.1,3.9,0.19,1.5,43.0,27.0
61002G,Washington,10,0,True,25.8,138.0,21.6,6.5,15.1,4.2,0.41,2.0,60.0,54.0
66475C,Washington,14,3,True,25.9,131.0,18.0,10.3,7.7,4.4,0.46,2.0,61.0,53.0
77277C,Washington,8,0,False,21.8,1761.0,16.0,12.7,3.3,2.6,0.24,1.4,52.0,24.0
90385G,Washington,6,0,False,20.6,2734.0,7.8,9.7,-1.9,2.9,0.09,1.2,32.0,28.0
93199G,Washington,9,1,True,21.9,1688.0,13.6,13.5,0.2,2.9,0.24,1.5,53.0,47.0
98040C,Washington,13,3,True,25.2,240.0,14.1,11.1,3.0,3.4,0.2,1.5,46.0,45.0
98225F,Washington,8,0,True,22.1,1546.0,11.5,7.2,4.3,2.7,0.14,1.4,50.0,23.0
98225H,Washington,7,0,False,23.1,942.0,12.1,10.8,1.3,3.1,0.12,1.3,51.0,28.0
98225J,Washington,7,0,False,22.6,1250.0,17.3,6.6,10.7,3.5,0.17,1.7,52.0,28.0
98333E,Washington,3,0,False,17.0,6492.0,12.7,13.6,-0.9,2.4,0.14,1.0,43.0,17.0
99621M,Washington,5,0,False,21.1,2288.0,9.0,12.0,-3.0,2.4,0.17,1.2,42.0,32.0
2101R,West Virginia,4,0,False,17.7,5708.0,3.6,9.3,-5.6,2.9,0.13,1.0,26.0,0.0
6815J,West Virginia,6,0,False,18.9,4403.0,9.5,6.7,2.8,3.6,0.03,1.1,29.0,8.0
9451A,West Virginia,8,1,False,17.9,5478.0,8.7,11.8,-3.1,2.4,0.02,0.8,32.0,8.0
11865A,West Virginia,6,1,False,19.1,4178.0,8.1,8.6,-0.5,3.1,0.07,1.0,43.0,9.0
23278A,West Virginia,5,0,False,19.3,3976.0,8.6,8.5,0.1,3.1,0.0,1.1,26.0,3.0
23278B,West Virginia,5,0,False,17.5,5947.0,4.4,13.0,-8.7,2.6,0.0,0.6,18.0,8.0
24213A,West Virginia,4,0,False,16.1,7412.0,0.0,16.0,-16.0,1.4,0.0,0.2,20.0,0.0
24739A,West Virginia,6,0,False,19.4,3876.0,10.5,11.6,-1.1,2.7,0.03,1.0,16.0,9.0
25320K,West Virginia,5,0,False,19.7,3601.0,10.3,6.6,3.7,3.8,0.09,1.2,28.0,8.0
25320Z,West Virginia,5,0,False,16.2,7317.0,6.8,12.2,-5.4,2.2,0.0,0.9,10.0,0.0
26038A,West Virginia,11,2,True,22.7,1176.0,14.3,8.8,5.5,3.0,0.15,1.3,36.0,19.0
26038D,West Virginia,10,2,False,21.1,2288.0,9.4,10.1,-0.7,2.8,0.1,1.2,44.0,13.0
26038S,West Virginia,10,2,False,18.0,5344.0,3.5,11.0,-7.5,2.7,0.07,0.8,23.0,0.0
26038V,West Virginia,10,2,False,19.2,4071.0,5.3,11.5,-6.2,2.4,0.07,0.8,27.0,13.0
26164B,West Virginia,6,0,False,18.4,4926.0,6.9,9.4,-2.5,2.2,0.03,0.8,18.0,10.0
26164C,West Virginia,6,0,False,17.3,6161.0,2.0,11.5,-9.5,2.4,0.0,0.8,10.0,0.0
26330A,West Virginia,4,0,False,17.2,6264.0,4.0,8.5,-4.5,2.8,0.06,0.7,23.0,0.0
27183R,West Virginia,5,0,False,21.4,2059.0,16.6,6.6,10.0,3.2,0.12,1.5,35.0,16.0
33794A,West Virginia,6,0,False,19.1,4178.0,6.1,6.7,-0.5,4.1,0.05,1.1,23.0,13.0
33794B,West Virginia,6,0,False,17.5,5947.0,5.2,8.2,-3.0,2.8,0.0,1.0,26.0,13.0
34107F,West Virginia,5,1,False,21.7,1822.0,15.4,9.6,5.8,3.3,0.09,1.3,40.0,11.0
43983B,West Virginia,9,0,False,21.9,1688.0,13.8,8.3,5.5,3.2,0.09,1.4,32.0,10.0
43983C,West Virginia,7,0,False,22.4,1363.0,15.7,6.4,9.3,2.9,0.0,1.4,42.0,12.0
44713B,West Virginia,7,0,False,19.2,4071.0,6.7,6.7,0.0,3.3,0.04,1.1,33.0,3.0
51401B,West Virginia,8,0,False,17.6,5826.0,2.1,8.2,-6.1,2.6,0.0,0.7,20.0,5.0
51401C,West Virginia,8,0,False,18.7,4605.0,4.4,8.2,-3.8,2.7,0.0,0.8,23.0,5.0
51401D,West Virginia,8,0,False,18.7,4605.0,5.5,9.1,-3.6,2.9,0.0,1.0,27.0,8.0
51401E,West Virginia,8,0,False,19.8,3501.0,8.3,7.5,0.7,3.1,0.02,1.1,28.0,8.0
57660T,West Virginia,10,1,False,22.1,1546.0,14.0,7.0,7.0,4.2,0.18,1.6,32.0,9.0
57660W,West Virginia,9,1,False,19.7,3601.0,11.1,11.8,-0.7,2.3,0.09,0.9,35.0,10.0
62629K,West Virginia,8,1,False,22.6,1250.0,11.6,6.1,5.4,3.8,0.17,1.5,39.0,8.0
62629P,West Virginia,9,1,True,23.1,942.0,11.5,8.6,2.9,3.7,0.23,1.7,39.0,15.0
62629W,West Virginia,8,1,False,21.0,2371.0,8.5,9.4,-0.8,2.8,0.05,1.0,38.0,11.0
62629X,West Virginia,9,1,True,25.3,220.0,20.4,6.0,14.5,4.7,0.38,2.1,45.0,34.0
62629Y,West Virginia,9,1,True,24.8,334.0,21.7,7.8,13.9,3.8,0.33,1.9,48.0,39.0
62629Z,West Virginia,8,1,False,21.6,1885.0,11.8,10.0,1.8,3.0,0.13,1.3,39.0,3.0
71881M,West Virginia,2,0,False,19.6,3703.0,18.4,3.5,14.9,4.7,0.14,1.6,25.0,3.0
71881Z,West Virginia,3,0,False,18.4,4926.0,10.0,6.2,3.8,3.4,0.14,1.6,3.0,0.0
76752A,West Virginia,4,0,False,19.3,3976.0,11.2,9.6,1.7,3.0,0.23,1.5,23.0,12.0
76752B,West Virginia,4,0,False,14.0,9278.0,6.6,12.1,-5.5,1.9,0.0,0.4,13.0,0.0
94711A,West Virginia,3,0,False,14.8,8669.0,0.5,17.0,-16.5,1.6,0.0,0.4,23.0,0.0
94711B,West Virginia,3,0,False,17.2,6264.0,10.2,7.6,2.6,4.2,0.05,1.4,26.0,6.0
99921B,West Virginia,8,2,True,24.5,413.0,18.7,7.9,10.8,3.1,0.2,1.5,41.0,13.0
99921D,West Virginia,3,0,False,16.4,7127.0,6.1,7.1,-1.1,2.3,0.04,1.2,32.0,10.0
2777V,North Carolina,4,0,False,17.5,5947.0,7.4,12.6,-5.2,2.9,0.03,0.9,24.0,0.0
2833A,North Carolina,7,1,True,22.7,1176.0,16.0,10.5,5.5,3.1,0.09,1.4,56.0,32.0
4214X,North Carolina,8,2,True,25.7,155.0,16.7,10.1,6.6,3.7,0.18,1.7,56.0,45.0
9635X,North Carolina,5,0,False,20.1,3207.0,10.8,7.0,3.9,3.5,0.09,1.3,35.0,8.0
14100C,North Carolina,4,0,False,19.2,4071.0,10.9,6.9,4.0,4.1,0.14,1.5,49.0,15.0
14241A,North Carolina,6,0,True,22.3,1420.0,15.2,9.7,5.4,3.0,0.14,1.5,47.0,20.0
14241M,North Carolina,4,0,False,20.3,3012.0,13.5,12.7,0.8,2.7,0.09,1.1,44.0,13.0
14241Z,North Carolina,4,0,False,17.3,6161.0,6.2,13.5,-7.3,2.5,0.04,0.6,28.0,3.0
16810V,North Carolina,10,0,False,20.8,2544.0,9.6,7.7,1.9,3.3,0.09,1.1,32.0,3.0
17349B,North Carolina,3,0,False,17.2,6264.0,9.4,13.4,-4.0,3.0,0.05,0.7,27.0,4.0
21101R,North Carolina,3,0,False,17.1,6385.0,9.7,12.5,-2.8,2.5,0.09,0.9,39.0,3.0
27265A,North Carolina,3,0,False,21.2,2203.0,18.3,9.6,8.7,2.9,0.16,1.4,42.0,19.0
28027A,North Carolina,4,0,False,18.0,5344.0,9.5,11.0,-1.6,3.4,0.04,1.3,29.0,8.0
33011Z,North Carolina,6,0,False,21.6,1885.0,17.3,7.6,9.7,3.8,0.09,1.4,40.0,21.0
41920C,North Carolina,4,0,False,19.4,3876.0,10.5,8.6,1.8,3.4,0.12,1.1,3.0,0.0
47815A,North Carolina,4,0,False,19.7,3601.0,10.5,8.3,2.2,3.1,0.09,1.1,32.0,3.0
50097A,North Carolina,4,0,False,21.2,2203.0,13.7,7.1,6.6,4.1,0.12,1.4,34.0,16.0
50097B,North Carolina,4,0,False,20.2,3106.0,12.6,10.1,2.5,2.7,0.12,1.0,32.0,13.0
50523A,North Carolina,3,0,False,16.3,7222.0,2.8,12.1,-9.3,2.5,0.0,0.8,20.0,0.0
50575A,North Carolina,9,1,False,20.5,2838.0,14.0,9.8,4.2,3.7,0.03,1.3,39.0,12.0
56727A,North Carolina,5,0,True,22.7,1176.0,16.0,9.8,6.2,3.2,0.32,1.6,54.0,26.0
56727B,North Carolina,4,0,False,16.1,7412.0,1.1,17.1,-16.0,1.8,0.0,0.5,20.0,0.0
56727C,North Carolina,4,0,False,17.0,6492.0,1.5,8.6,-7.1,2.5,0.0,0.6,20.0,0.0
56727D,North Carolina,5,0,True,25.3,220.0,26.3,4.5,21.8,4.5,0.19,1.9,58.0,57.0
57224A,North Carolina,5,0,False,21.2,2203.0,18.2,11.4,6.9,3.0,0.11,1.5,46.0,31.0
59735A,North Carolina,4,0,False,17.2,6264.0,6.3,8.2,-1.9,2.5,0.05,1.0,21.0,5.0
59735B,North Carolina,4,0,False,17.7,5708.0,8.1,9.3,-1.2,3.0,0.09,1.2,22.0,3.0
59735C,North Carolina,4,0,False,14.6,8819.0,8.4,14.2,-5.8,2.5,0.0,0.7,23.0,8.0
59735D,North Carolina,4,0,False,19.9,3397.0,12.9,11.2,1.7,4.1,0.0,1.2,44.0,12.0
61568A,North Carolina,16,2,True,24.1,542.0,15.2,9.0,6.2,3.7,0.22,1.5,46.0,42.0
69433A,North Carolina,4,0,False,18.5,4820.0,7.7,13.6,-5.9,3.2,0.08,1.0,30.0,6.0
73017D,North Carolina,7,1,True,23.3,854.0,17.4,10.8,6.6,3.9,0.12,1.5,49.0,38.0
74105Y,North Carolina,5,0,False,16.8,6719.0,1.9,13.3,-11.4,1.6,0.0,0.5,20.0,0.0
74105Z,North Carolina,5,0,False,20.6,2734.0,19.4,5.5,13.9,4.0,0.14,1.5,44.0,15.0
81322A,North Carolina,6,0,False,17.9,5478.0,6.4,14.7,-8.3,2.5,0.0,0.9,20.0,10.0
97735X,North Carolina,7,2,False,20.8,2544.0,12.7,13.5,-0.8,2.2,0.09,1.3,48.0,32.0
2567Z,Indiana,14,0,True,20.5,2838.0,8.6,9.3,-0.7,3.0,0.04,1.0,33.0,14.0
6842A,Indiana,8,0,True,20.7,2629.0,11.9,8.6,3.3,2.1,0.05,1.1,30.0,8.0
7368C,Indiana,6,0,False,21.6,1885.0,11.2,10.7,0.5,2.9,0.05,1.1,36.0,3.0
84954C,Indiana,8,0,True,22.2,1468.0,19.2,6.5,12.7,4.0,0.12,1.6,39.0,21.0
100A,Indiana,9,4,True,25.5,188.0,16.0,9.8,6.2,4.4,0.53,2.1,51.0,45.0
574J,Indiana,10,0,True,22.1,1546.0,14.2,11.8,2.3,3.3,0.2,1.3,52.0,33.0
586E,Indiana,12,1,True,22.9,1042.0,14.9,9.8,5.1,3.6,0.19,1.6,49.0,32.0
621A,Indiana,7,1,False,23.3,854.0,14.4,9.1,5.3,3.5,0.21,1.6,53.0,13.0
631A,Indiana,10,2,False,21.9,1688.0,14.0,10.5,3.5,3.4,0.21,1.3,35.0,11.0
1075A,Indiana,9,0,False,22.8,1104.0,14.3,7.3,7.0,3.1,0.12,1.5,37.0,28.0
1075C,Indiana,9,0,False,23.3,854.0,16.2,6.8,9.4,3.4,0.22,1.5,40.0,26.0
1115B,Indiana,12,2,True,24.3,477.0,14.5,10.2,4.3,3.6,0.32,1.6,54.0,47.0
1115E,Indiana,12,2,True,26.9,36.0,18.9,9.0,9.8,4.1,0.37,2.0,56.0,45.0
1193X,Indiana,8,0,False,21.3,2133.0,12.9,10.8,2.1,3.0,0.08,1.0,36.0,13.0
1233A,Indiana,13,3,False,24.4,446.0,17.3,11.2,6.1,2.6,0.14,1.5,49.0,25.0
1233B,Indiana,11,2,False,22.5,1313.0,11.9,11.5,0.5,2.7,0.18,1.2,40.0,20.0
1233C,Indiana,11,1,False,23.7,695.0,14.3,9.3,5.0,3.2,0.18,1.5,51.0,20.0
1233E,Indiana,12,2,False,23.6,730.0,16.0,10.8,5.2,3.4,0.25,1.6,48.0,11.0
1233H,Indiana,11,4,False,23.9,611.0,15.3,11.8,3.5,3.6,0.34,1.5,53.0,40.0
1233J,Indiana,13,3,False,24.6,390.0,16.2,10.4,5.8,3.8,0.19,1.6,49.0,27.0
1249A,Indiana,9,1,False,22.3,1420.0,14.6,10.1,4.5,3.6,0.2,1.5,45.0,24.0
1483C,Indiana,8,0,False,21.6,1885.0,14.3,9.6,4.7,3.1,0.06,1.3,31.0,3.0
2393S,Indiana,9,2,False,25.8,138.0,20.0,11.7,8.3,4.2,0.4,1.9,43.0,31.0
2567A,Indiana,14,1,False,23.7,695.0,12.2,7.3,4.8,3.7,0.14,1.6,41.0,30.0
2567C,Indiana,17,1,True,23.8,654.0,17.5,9.8,7.8,3.5,0.22,1.7,47.0,32.0
2567F,Indiana,15,1,False,24.4,446.0,16.9,10.4,6.5,3.9,0.16,1.4,45.0,22.0
2567P,Indiana,15,1,False,24.5,413.0,13.3,8.2,5.2,3.1,0.13,1.5,51.0,42.0
2790A,Indiana,8,0,False,22.5,1313.0,13.9,11.4,2.5,2.8,0.1,1.4,53.0,26.0
2790B,Indiana,8,0,True,25.4,205.0,20.0,6.3,13.7,4.6,0.37,2.1,51.0,42.0
2790C,Indiana,9,0,False,20.5,2838.0,8.7,11.2,-2.5,2.6,0.02,1.1,47.0,31.0
2849B,Indiana,8,1,False,21.1,2288.0,9.8,12.9,-3.1,2.8,0.08,1.0,34.0,10.0
3725A,Indiana,6,0,False,19.3,3976.0,7.5,11.4,-3.9,2.1,0.05,0.7,26.0,0.0
5690W,Indiana,9,0,False,24.2,511.0,13.6,10.2,3.5,3.6,0.19,1.4,49.0,18.0
6210A,Indiana,15,3,False,24.8,334.0,16.2,10.4,5.7,4.1,0.39,1.8,49.0,49.0
6210B,Indiana,10,0,False,21.4,2059.0,10.4,8.7,1.6,2.8,0.17,1.4,48.0,31.0
6210M,Indiana,16,3,True,27.4,14.0,21.7,9.6,12.1,3.9,0.46,2.1,56.0,46.0
6210T,Indiana,13,3,True,22.0,1618.0,13.5,12.9,0.6,3.2,0.25,1.3,51.0,33.0
6842K,Indiana,13,3,True,27.2,19.0,24.4,9.7,14.8,4.8,0.54,2.3,63.0,56.0
6842N,Indiana,6,1,False,23.3,854.0,18.6,6.1,12.6,3.8,0.15,1.8,49.0,0.0
6842V,Indiana,19,5,True,26.2,96.0,17.9,10.2,7.7,3.9,0.33,1.9,48.0,42.0
7282K,Indiana,8,1,False,23.6,730.0,13.3,8.6,4.7,3.4,0.2,1.4,47.0,31.0
7282T,Indiana,7,0,False,23.1,942.0,10.9,9.4,1.5,2.8,0.15,1.2,48.0,26.0
7368M,Indiana,9,1,False,22.5,1313.0,14.1,13.8,0.3,2.4,0.13,1.1,48.0,15.0
7701A,Indiana,11,1,False,23.6,730.0,14.5,11.3,3.2,3.5,0.26,1.4,50.0,46.0
7701M,Indiana,11,0,False,20.8,2544.0,9.6,11.0,-1.4,2.8,0.06,1.2,42.0,11.0
7701R,Indiana,11,0,False,21.2,2203.0,10.4,12.6,-2.2,2.7,0.09,1.0,42.0,3.0
7701X,Indiana,16,2,True,25.0,287.0,18.8,8.5,10.3,3.7,0.27,1.7,55.0,37.0
7701Z,Indiana,12,0,True,24.4,446.0,19.6,7.3,12.4,3.9,0.29,1.9,50.0,26.0
18799A,Indiana,12,1,False,23.9,611.0,14.3,10.5,3.9,3.3,0.19,1.4,47.0,34.0
31330D,Indiana,7,0,False,21.9,1688.0,15.7,7.9,7.8,4.2,0.09,1.5,38.0,29.0
32789B,Indiana,5,0,False,19.7,3601.0,16.1,12.8,3.3,2.7,0.11,1.3,47.0,32.0
33112G,Indiana,10,0,False,21.5,1966.0,10.1,10.6,-0.5,3.0,0.19,1.2,31.0,20.0
46311B,Indiana,9,0,False,21.6,1885.0,12.7,11.6,1.1,2.9,0.21,1.3,47.0,33.0
50075F,Indiana,9,0,False,20.4,2925.0,12.6,9.2,3.4,3.5,0.13,1.2,42.0,32.0
50421A,Indiana,8,1,False,22.3,1420.0,13.2,12.8,0.3,3.6,0.3,1.4,45.0,21.0
55760R,Indiana,8,0,False,20.9,2458.0,12.7,9.4,3.3,2.5,0.04,1.0,48.0,37.0
59096B,Indiana,6,0,False,20.8,2544.0,9.4,7.2,2.3,3.6,0.06,1.3,29.0,3.0
71100S,Indiana,13,3,True,25.3,220.0,19.7,12.3,7.4,4.3,0.51,2.0,55.0,45.0
73641A,Indiana,11,3,True,24.4,446.0,15.9,11.1,4.8,3.5,0.2,1.4,52.0,40.0
73641S,Indiana,10,2,True,23.9,611.0,18.0,11.4,6.6,3.4,0.17,1.4,51.0,15.0
76316J,Indiana,8,0,False,23.5,767.0,16.5,9.8,6.7,3.9,0.18,1.5,52.0,35.0
84954A,Indiana,8,1,True,20.3,3012.0,10.5,15.0,-4.5,3.3,0.09,1.1,41.0,29.0
84954B,Indiana,7,1,True,22.6,1250.0,15.3,12.7,2.6,3.6,0.23,1.4,45.0,34.0
91976A,Indiana,9,0,True,24.3,477.0,19.4,7.8,11.6,3.5,0.19,1.6,48.0,48.0
97817V,Indiana,6,0,False,22.9,1042.0,10.3,9.2,1.1,3.7,0.12,1.4,41.0,31.0
99904B,Indiana,15,3,True,28.3,3.0,24.1,11.4,12.7,4.1,0.55,2.3,64.0,57.0
99904E,Indiana,14,3,True,25.0,287.0,17.5,9.7,7.8,3.9,0.33,1.8,56.0,55.0
99904W,Indiana,14,3,True,26.6,54.0,18.1,8.5,9.6,4.1,0.41,2.0,56.0,49.0
355W,Illinois,6,0,True,19.0,4293.0,6.7,5.1,1.6,3.1,0.03,1.4,16.0,10.0
