id,number,team_name,robot_name,organization,city,region,country,program_id,program_name,grade
174411,24810A,Black Hole,Falcons east,Technical collages,Alhsa,,Saudi Arabia,1,VEX V5 Robotics Competition,High School
174406,28711G,Dar-albushra,Nanno Girls,مدرسة دار البشرى,Makkah,,Saudi Arabia,1,VEX V5 Robotics Competition,High School
174401,33488A,Elite 404,,RCJ,Jubail,,Saudi Arabia,1,VEX V5 Robotics Competition,High School
176604,41114A,IBN ROSHD,Ajial Robot,IBN ROSHD,Riyadh,,Saudi Arabia,1,VEX V5 Robotics Competition,High School
175011,42354A,GHOST-KSA,,Al-Humaira,Jazan,,Saudi Arabia,1,VEX V5 Robotics Competition,High School
174693,52030T,Tuwaiq Academy T1,Knight,Tuwaiq Academy,Riyadh,,Saudi Arabia,1,VEX V5 Robotics Competition,High School
174408,54055A,Bakah school,,Bakah school,Makkah,,Saudi Arabia,1,VEX V5 Robotics Competition,High School
174538,56047A,Saudi On Top (SOT),VRC,Tuwaiq academy,Riyadh,,Saudi Arabia,1,VEX V5 Robotics Competition,High School
174421,62505R,RCY,RCY,Royal Commission in Yanbu General Education,Yanbu,,Saudi Arabia,1,VEX V5 Robotics Competition,High School
174435,66009A,JAWATHA ROBTICS,,Jawatha Private Schools,Al Ahsa,,Saudi Arabia,1,VEX V5 Robotics Competition,High School
174409,72252A,AGS stars,VEX VRC,Ahmad,Jeddah,,Saudi Arabia,1,VEX V5 Robotics Competition,High School
174440,75263A,ED Force,,MISK schools,Riyadh,,Saudi Arabia,1,VEX V5 Robotics Competition,High School
174414,79999X,Saudi team,The ghost,SHOROQ ALMARIFA ALNAMOTHAGIA,Riyadh,,Saudi Arabia,1,VEX V5 Robotics Competition,High School
174407,83306A,auis,v5,applied university school,Riyadh,,Saudi Arabia,1,VEX V5 Robotics Competition,High School
134214,79419C,Carey V5RC Team C,,Carey Baptist College,Harrisdale,,Australia,1,VEX V5 Robotics Competition,High School
172344,79419M,３９「ミク」,,Carey Baptist College,Perth,,Australia,1,VEX V5 Robotics Competition,High School
153348,79419X,Final Frontier,Carey VEX 1,Carey Baptist College,Perth,,Australia,1,VEX V5 Robotics Competition,High School
153760,79419Z,Megatron,,Carey Baptist College,Perth,,Australia,1,VEX V5 Robotics Competition,Middle School
130286,99888A,Cooel_Spiders,TBA,Cooel_Spiders,Kelmscott,,Australia,1,VEX V5 Robotics Competition,High School
129418,11860A,Hire Steaks,SPSC-HS1,St Peters College,St Peters,,Australia,1,VEX V5 Robotics Competition,High School
129419,11860B,Chaewon,SPSC-HS2,St Peters College,St Peters,,Australia,1,VEX V5 Robotics Competition,High School
139610,11860C,HelloKittyClan4Lyfe,SPSC-HS3,St Peters College,St Peters,,Australia,1,VEX V5 Robotics Competition,High School
112051,12223A,Wireless,,Pembroke School,Kensington Gardens,,Australia,1,VEX V5 Robotics Competition,High School
170261,12223G,Team 4,,Pembroke School,Kensington Gardens,,Australia,1,VEX V5 Robotics Competition,High School
170266,12223Y,Operation Spork,,Pembroke School,Kensington Gardens,,Australia,1,VEX V5 Robotics Competition,High School
170574,12410T,Twenty Four Ten,2410,MOUNT BARKER HIGH SCHOOL,Mount Barker,,Australia,1,VEX V5 Robotics Competition,High School
139183,12906A,Slipgear,,Salisbury East High School,Salisbury East,,Australia,1,VEX V5 Robotics Competition,High School
139536,12906B,High Voltage,,Salisbury East High School,Salisbury East,,Australia,1,VEX V5 Robotics Competition,High School
153386,16676A,The OG Group - Banks Bots,,Riverbanks College B-12,Angle Vale,,Australia,1,VEX V5 Robotics Competition,High School
171755,16676B,The Gamble Group - Banks Bots,,Riverbanks College B-12,Angle Vale,,Australia,1,VEX V5 Robotics Competition,High School
135775,41103B,ASDF,,Pedare Christian College,Golden Grove,,Australia,1,VEX V5 Robotics Competition,High School
156309,41103X,Jank Industries,,Pedare Christian College,Golden Grove,,Australia,1,VEX V5 Robotics Competition,High School
135543,50506A,Robosapiens,,Glenunga International High School,Glenunga,,Australia,1,VEX V5 Robotics Competition,High School
170825,50911A,BanksiaBots,,Banksia Park International HS,Banksia Park,,Australia,1,VEX V5 Robotics Competition,High School
139374,75477M,Frij,Frij,St John's Grammar School,Belair,,Australia,1,VEX V5 Robotics Competition,High School
129368,4557A,Van Helsing - MCSHS,Van Helsing - MCSHS,Mountain Creek State High School,Mountain Creek,,Australia,1,VEX V5 Robotics Competition,High School
141393,4557B,The Dancing Dandelions - MCSHS,The Dancing Dandelions,Mountain Creek State High School,Mountain Creek,,Australia,1,VEX V5 Robotics Competition,High School
160143,13818A,QRCA,,Queensland Robotics and Coding Academy,Varsity Lakes,,Australia,1,VEX V5 Robotics Competition,High School
176496,13818B,QRCA,,Queensland Robotics and Coding Academy,Varsity Lakes,,Australia,1,VEX V5 Robotics Competition,High School
103789,34565A,Phoenix Robotics 1,,Merrimac State High School,Mermaid Waters,,Australia,1,VEX V5 Robotics Competition,High School
122004,36010A,CSDE A,Bot1,Cairns School of Distance Education,Manunda,,Australia,1,VEX V5 Robotics Competition,High School
122005,36010B,CDSE B,B Bot,Cairns School of Distance Education,Manunda,,Australia,1,VEX V5 Robotics Competition,High School
177200,79226A,Clairvaux MacKillop College 1,CMC 1,Clairvaux Mackillop College,Upper Mount Gravatt,,Australia,1,VEX V5 Robotics Competition,High School
179595,79226C,Clairvaux MacKillop College 3,CMC 3,Clairvaux Mackillop College,Upper Mount Gravatt,,Australia,1,VEX V5 Robotics Competition,High School
162839,85657A,Marsden Robotics A,,Marsden State High School,Brisbane,,Australia,1,VEX V5 Robotics Competition,High School
162841,85657B,Marsden Robotics B,,Marsden State High School,Brisbane,,Australia,1,VEX V5 Robotics Competition,High School
177227,90473D,KooKooNuts,KooKooNuts,C Robotics,Newmarket 4651,,Australia,1,VEX V5 Robotics Competition,High School
128562,58A,Dream Rover,,5D college,Chatswood,,Australia,1,VEX V5 Robotics Competition,Middle School
128884,588A,The Honoured One,,Sydney Robotics Academy,Chatswood,,Australia,1,VEX V5 Robotics Competition,Middle School
110196,4613U,Hazardous Hardware,Bob,Barker College,Sydney,,Australia,1,VEX V5 Robotics Competition,Middle School
154731,46131E,46131E,,Barker College,Sydney,,Australia,1,VEX V5 Robotics Competition,Middle School
141836,1831B,King's Team Bravo,,The King's School,North Parramatta,,Australia,1,VEX V5 Robotics Competition,High School
141838,1831D,King's Team Delta,,The King's School,North Parramatta,,Australia,1,VEX V5 Robotics Competition,High School
141839,1831E,King's Team Echo,,The King's School,North Parramatta,,Australia,1,VEX V5 Robotics Competition,High School
153841,1831F,King's Team Foxtrot,,The King's School,North Parramatta,,Australia,1,VEX V5 Robotics Competition,High School
170273,1831N,King's Team November,,The King's School,North Parramatta,,Australia,1,VEX V5 Robotics Competition,High School
155033,1940A,High-Q,Shopping Trollee,Knox Grammar School,Wahroonga,,Australia,1,VEX V5 Robotics Competition,High School
155034,1940B,Poyo,,Knox Grammar School,Wahroonga,,Australia,1,VEX V5 Robotics Competition,High School
173863,1940C,Burnout,,Knox Grammar School,Wahroonga,,Australia,1,VEX V5 Robotics Competition,High School
110192,4613R,Barker Redbacks HS,,Barker College,Sydney,,Australia,1,VEX V5 Robotics Competition,High School
123347,4613W,4613W,,Barker College,Sydney,,Australia,1,VEX V5 Robotics Competition,High School
155963,18422B,Vexorion,Viod Strider,VALCAN,Sydney,,Australia,1,VEX V5 Robotics Competition,High School
154524,27272S,Phoenix Tech S,,Creator Academy Pty Ltd,Eastwood,,Australia,1,VEX V5 Robotics Competition,High School
148608,46131B,46131B,,Barker College,Sydney,,Australia,1,VEX V5 Robotics Competition,High School
154733,46131G,46131G,,Barker College,Sydney,,Australia,1,VEX V5 Robotics Competition,High School
178613,46131P,Pink Panthers,,Barker College,Sydney,,Australia,1,VEX V5 Robotics Competition,High School
130913,47779F,GRANBOTS F,Granbot F,Granville Boys High School,Granville Nsw,,Australia,1,VEX V5 Robotics Competition,High School
175114,47779N,GRANBOTS N,Granbot N,Granville Boys High School,Granville Nsw,,Australia,1,VEX V5 Robotics Competition,High School
175122,47779P,GRANBOTS P,Granbot P,Granville Boys High School,Granville Nsw,,Australia,1,VEX V5 Robotics Competition,High School
173523,58058A,Knoxi,,Knox Grammar School,Wahroonga,,Australia,1,VEX V5 Robotics Competition,High School
141032,78887B,Knox Knights,,Knox Grammar School,Wahroonga,,Australia,1,VEX V5 Robotics Competition,High School
170652,83377A,Wallaby,,Australian Stem and Robotics Association,Gladesville,,Australia,1,VEX V5 Robotics Competition,High School
156429,13459A,Spark,Paraguay,Paraguay,Luque,,Paraguay,1,VEX V5 Robotics Competition,High School
160795,17410A,Arandu,Ñakurutu (Buho),COLEGIO TECNICO NACIONAL,Asuncion,,Paraguay,1,VEX V5 Robotics Competition,High School
137314,71832P,Riders,Riders,Academia de Robotica Pueblo,Asuncion,,Paraguay,1,VEX V5 Robotics Competition,High School
154260,1791V,JOINUS,,庫樂思機器人實驗所,Hsinchu,,Taiwan,1,VEX V5 Robotics Competition,High School
154673,2813B,NOVA,,CHINGSHIN ACADEMY,Taipei City,,Chinese Taipei,1,VEX V5 Robotics Competition,High School
172222,2813X,SUPER,,CHINGSHIN ACADEMY,Taipei City,,Chinese Taipei,1,VEX V5 Robotics Competition,High School
26050,4253B,Raid Zero B,,Taipei American School,Taipei,,Chinese Taipei,1,VEX V5 Robotics Competition,High School
139144,4253R,Raid Zero R,,Taipei American School,Taipei,,Chinese Taipei,1,VEX V5 Robotics Competition,High School
89962,4253S,Raid Zero S,,Taipei American School,Taipei,,Chinese Taipei,1,VEX V5 Robotics Competition,High School
139146,4253V,Raid Zero V,,Taipei American School,Taipei,,Chinese Taipei,1,VEX V5 Robotics Competition,High School
139142,4253Y,Raid Zero Y,,Taipei American School,Taipei,,Chinese Taipei,1,VEX V5 Robotics Competition,High School
128387,4253Z,Raid Zero Z,,Taipei American School,Taipei,,Chinese Taipei,1,VEX V5 Robotics Competition,High School
86241,14683A,KCIS Robotics A,KCIS Robotics A,Kang Chiao International School,New Taipei,,Chinese Taipei,1,VEX V5 Robotics Competition,High School
88058,14683B,KCIS Robotics B,MECH2,Kang Chiao International School,New Taipei,,Chinese Taipei,1,VEX V5 Robotics Competition,High School
97851,14683C,KCIS Robotics C,KCIS Robotics C,Kang Chiao International School,New Taipei,,Chinese Taipei,1,VEX V5 Robotics Competition,High School
97852,14683D,KCIS Robotics D,KCIS Robotics D,Kang Chiao International School,New Taipei,,Chinese Taipei,1,VEX V5 Robotics Competition,High School
88843,17022A,Pangolin,,Happy Robot,New Taipei City,,Chinese Taipei,1,VEX V5 Robotics Competition,High School
155552,23083Y,GGWP,,臺北市私立薇閣高級中學,台北市,,Chinese Taipei,1,VEX V5 Robotics Competition,High School
155525,23083Z,GGEZ,,臺北市私立薇閣高級中學,台北市,,Chinese Taipei,1,VEX V5 Robotics Competition,High School
156481,35185A,Ocelot,,Yilan VEX Team,Yilan City,,Chinese Taipei,1,VEX V5 Robotics Competition,High School
172507,35185V,35185V,,Yilan VEX Team,Yilan City,,Chinese Taipei,1,VEX V5 Robotics Competition,High School
114405,39234A,GJ-VEX Robotics,,Ger-Jyh Senior High School,New Taipei City,,Chinese Taipei,1,VEX V5 Robotics Competition,High School
161226,58655A,IIS-Silver Retriever,,I-Shou International School,Kaohsiung City,,Chinese Taipei,1,VEX V5 Robotics Competition,High School
139815,66001C,C.S. GO,,RoboTomas C.S.Robot,"Shilin Dist., Taipei City",,Chinese Taipei,1,VEX V5 Robotics Competition,High School
128353,66799G,AST-onishing G,,American School in Taichung,Taichung,,Chinese Taipei,1,VEX V5 Robotics Competition,High School
139440,66799X,AST-onishing X,,American School in Taichung,Taichung,,Chinese Taipei,1,VEX V5 Robotics Competition,High School
172251,66994C,Capybara,,Dr. Player Robotic Lab . Taichung,Taichung City,,Chinese Taipei,1,VEX V5 Robotics Competition,High School
172253,66994S,Silent,,Dr. Player Robotic Lab . Taichung,Taichung City,,Chinese Taipei,1,VEX V5 Robotics Competition,High School
156641,68678S,Formosan Rock-Monkey,,FANCY DESIGN LIMITED,Taipei,,Chinese Taipei,1,VEX V5 Robotics Competition,High School
125352,68957T,Torque,,樂創機器人研究室,高雄市,,Chinese Taipei,1,VEX V5 Robotics Competition,High School
179368,75663A,AAIA Lions,,Asia American International Academy,新北市,,Chinese Taipei,1,VEX V5 Robotics Competition,High School
139812,77701A,‍‍‍‍‍⠀⠀⠀⠀⠀,˹     ˼,IBSH - Curious Robotics,Hsinchu,,Chinese Taipei,1,VEX V5 Robotics Competition,High School
139818,78181A,Genesis,John Queen,IBSH - Curious Robotics,Hsinchu,,Chinese Taipei,1,VEX V5 Robotics Competition,High School
154192,88168A,Kakarot,,Happy Robot Taipei,Taipei City,,Chinese Taipei,1,VEX V5 Robotics Competition,High School
172874,90065P,PTH Maker,,國立屏東高級中學,Pingtung,,Chinese Taipei,1,VEX V5 Robotics Competition,High School
122141,92641A,BOLTS A,,Washington High School,Taichung,,Chinese Taipei,1,VEX V5 Robotics Competition,High School
122142,92641B,BOLTS B,,Washington High School,Taichung,,Chinese Taipei,1,VEX V5 Robotics Competition,High School
171118,96069X,INSANE WILD BOAR,,Artificial Intelligence Industry-Academia Development Center,Taipei,,Chinese Taipei,1,VEX V5 Robotics Competition,High School
122019,96944B,Shark.GC,Shark,喬智創意機器人研究室,Yunlin,,Chinese Taipei,1,VEX V5 Robotics Competition,High School
145628,96944X,Builder.GC,,喬智創意機器人研究室,Yunlin,,Chinese Taipei,1,VEX V5 Robotics Competition,High School
140137,96944Z,Dreamers.GC,Dreamers,喬智創意機器人研究室,Yunlin,,Chinese Taipei,1,VEX V5 Robotics Competition,High School
124050,96969W,Smooth Operator,,Pacific American School,Hsinchu,,Chinese Taipei,1,VEX V5 Robotics Competition,High School
110276,96969X,PAS2,,Pacific American School,"Zhubei, Hsinchu County",,Chinese Taipei,1,VEX V5 Robotics Competition,High School
111390,96969Y,PAS1,,Pacific American School,"Zhubei, Hsinchu County",,Chinese Taipei,1,VEX V5 Robotics Competition,High School
111391,96969Z,Morpho,,Pacific American School,Hsinchu,,Chinese Taipei,1,VEX V5 Robotics Competition,High School
181607,30214A,ACORNS LEGENDS,,ACORNS INTERNATIONAL SCHOOL,Kampala,,Uganda,1,VEX V5 Robotics Competition,High School
145387,55692B,ASIST- Alpha Entity,ITR-Intelligent Robotics Terminator,"African School of Innovations, Science and Technology/e2 Young Engineers Kampala-Uganda",Kampala,,Uganda,1,VEX V5 Robotics Competition,High School
181608,67591A,CYBERKNIGHTS UGANDA,,SOROTI MUNICIPAL S.S,Soroti,,Uganda,1,VEX V5 Robotics Competition,High School
181609,67591B,CYBER STORMS,,SOROTI MUNICIPAL S.S,Soroti,,Uganda,1,VEX V5 Robotics Competition,High School
155897,316W,Wall-E,,Island Robotics,Waipahu,Hawaii,United States,1,VEX V5 Robotics Competition,High School
1051,359B,Hawaiian Kids,Manini Poi Pounder 2,WAIALUA HIGH & INTERMEDIATE SCHOOL,Waialua,Hawaii,United States,1,VEX V5 Robotics Competition,High School
13993,1037A,Molokai Robotics,,MOLOKAI HIGH SCHOOL,Hoolehua,Hawaii,United States,1,VEX V5 Robotics Competition,High School
14035,1037B,Molokai Robotics,,MOLOKAI HIGH SCHOOL,Hoolehua,Hawaii,United States,1,VEX V5 Robotics Competition,High School
129078,1378V,Hilo Viking Robotics,Floki the misCHIEF Maker,HILO HIGH SCHOOL,Hilo,Hawaii,United States,1,VEX V5 Robotics Competition,High School
100385,2443B,Blue Thunder - Breakers,TUI,MAUI HIGH SCHOOL,Kahului,Hawaii,United States,1,VEX V5 Robotics Competition,High School
109528,2443C,Blue Thunder Circuits,Cassie,MAUI HIGH SCHOOL,Kahului,Hawaii,United States,1,VEX V5 Robotics Competition,High School
231,2459A,GOLDEN HAWKS ROBOTICS,,NANAKULI HIGH & INTERMEDIATE SCHOOL,Waianae,Hawaii,United States,1,VEX V5 Robotics Competition,High School
236,2459B,Golden Hawks Robotics,Golden,NANAKULI HIGH & INTERMEDIATE SCHOOL,Waianae,Hawaii,United States,1,VEX V5 Robotics Competition,High School
241,2459C,Golden Hawks Robotics,Golden,NANAKULI HIGH & INTERMEDIATE SCHOOL,Waianae,Hawaii,United States,1,VEX V5 Robotics Competition,High School
331,3008A,Team Magma,,kalani High school,Honolulu,Hawaii,United States,1,VEX V5 Robotics Competition,High School
37192,3685A,Ahi Slayers,,Waianae High School - Searider Robotics,Waianae,Hawaii,United States,1,VEX V5 Robotics Competition,High School
124359,3685C,DaKine,,WAIANAE HIGH SCHOOL,Waianae,Hawaii,United States,1,VEX V5 Robotics Competition,High School
157986,3685D,Dreadnauts,,WAIANAE HIGH SCHOOL,Waianae,Hawaii,United States,1,VEX V5 Robotics Competition,High School
24235,4142A,Chargers,Thing 1,PEARL CITY HIGH SCHOOL,Pearl City,Hawaii,United States,1,VEX V5 Robotics Competition,High School
24640,4142B,H&M,CWS,PEARL CITY HIGH SCHOOL,Pearl City,Hawaii,United States,1,VEX V5 Robotics Competition,High School
63867,5968A,Cougar Tech,,KEAAU HIGH SCHOOL,Kea'au,Hawaii,United States,1,VEX V5 Robotics Competition,High School
122287,27180A,Mechaneers,,Hawaii Science and Technology Museum,Hilo,Hawaii,United States,1,VEX V5 Robotics Competition,High School
175479,27180G,Mechaneers,,Hawaii Science and Technology Museum,Hilo,Hawaii,United States,1,VEX V5 Robotics Competition,High School
71012,42700A,Atlas,Apple,ST LOUIS SCHOOL,Honolulu,Hawaii,United States,1,VEX V5 Robotics Competition,High School
129764,42700E,Enigma,Echo,ST LOUIS SCHOOL,Honolulu,Hawaii,United States,1,VEX V5 Robotics Competition,High School
169665,42700R,Rebound,Rebound,ST LOUIS SCHOOL,Honolulu,Hawaii,United States,1,VEX V5 Robotics Competition,High School
173595,42700W,Whiplash,Whiplash,ST LOUIS SCHOOL,Honolulu,Hawaii,United States,1,VEX V5 Robotics Competition,High School
141086,80852A,Royal Robotics,,HANALANI SCHOOLS,Mililani,Hawaii,United States,1,VEX V5 Robotics Competition,High School
143170,80852B,Royal Robotics,,HANALANI SCHOOLS,Mililani,Hawaii,United States,1,VEX V5 Robotics Competition,High School
147064,84141A,Kaiser Cougars,,HENRY J KAISER HIGH SCHOOL,Honolulu,Hawaii,United States,1,VEX V5 Robotics Competition,High School
147355,84141B,Kaiser Cougars,,HENRY J KAISER HIGH SCHOOL,Honolulu,Hawaii,United States,1,VEX V5 Robotics Competition,High School
153400,93607D,Dragon Mechs,,Pacific Buddhist Academy,Honolulu,Hawaii,United States,1,VEX V5 Robotics Competition,High School
162922,96768K,Ssspin,,KAMEHAMEHA SCHOOLS MAUI,Makawao,Hawaii,United States,1,VEX V5 Robotics Competition,High School
162925,96768S,ReadysetGo,,KAMEHAMEHA SCHOOLS MAUI,Makawao,Hawaii,United States,1,VEX V5 Robotics Competition,High School
169464,96789X,Mecha Xenon,,Mililani Mechs Robotics,Mililani,Hawaii,United States,1,VEX V5 Robotics Competition,High School
139380,96789Z,Mililani Mechs,,Mililani Mechs Robotics,Mililani,Hawaii,United States,1,VEX V5 Robotics Competition,High School
35815,2463A,Golden Hawks Intermediate,,Nanakuli Intermediate School,Waianae,Hawaii,United States,1,VEX V5 Robotics Competition,Middle School
23632,3590A,Hawaiian Kids,Mini Poi Pounder 1,WAIALUA HIGH & INTERMEDIATE SCHOOL,Waialua,Hawaii,United States,1,VEX V5 Robotics Competition,Middle School
23635,3590B,Hawaiian Kids,Mini Poi Pounder 2,WAIALUA HIGH & INTERMEDIATE SCHOOL,Waialua,Hawaii,United States,1,VEX V5 Robotics Competition,Middle School
53347,5864B,UNICORN,RX-0,Macau Baptist College,Macau,,Macau,1,VEX V5 Robotics Competition,High School
76348,5864C,CHICKEN ATTACK,Chicken Chicken,Macau Baptist College,Macau,,"Macau, China",1,VEX V5 Robotics Competition,High School
80594,5864D,Serendipity,,Macau Baptist College,Macau,,"Macau, China",1,VEX V5 Robotics Competition,High School
75958,5868C,REVOLUTION MAKER,,PUI CHING MIDDLE SCHOOL MACAU,Macau,,"Macau, China",1,VEX V5 Robotics Competition,High School
75959,5868D,REVOLUTION MAKER,,PUI CHING MIDDLE SCHOOL MACAU,Macau,,"Macau, China",1,VEX V5 Robotics Competition,High School
160313,5868H,(eisenberg),Juan,PUI CHING MIDDLE SCHOOL MACAU,Macau,,"Macau, China",1,VEX V5 Robotics Competition,High School
127948,63936C,Lingnan C,,"Lingnan Middle School, Macau",Macau,,"Macau, China",1,VEX V5 Robotics Competition,High School
128021,63936D,Lingnan D,,"Lingnan Middle School, Macau",Macau,,"Macau, China",1,VEX V5 Robotics Competition,High School
183130,63936G,Lingnan G,,"Lingnan Middle School, Macau",Macau,,"Macau, China",1,VEX V5 Robotics Competition,High School
154822,68424A,Sugar Racing,Sugar Racing,Sheng Kung Hui Choi Kou School (Macau),Macau,,"Macau, China",1,VEX V5 Robotics Competition,High School
181957,68424W,CK V5RC ROBOT W,CK VRC ROBOT W,Sheng Kung Hui Choi Kou School (Macau),Macau,,"Macau, China",1,VEX V5 Robotics Competition,High School
182048,68424Y,CK V5RC ROBOT Y,CK VRC ROBOT Y,Sheng Kung Hui Choi Kou School (Macau),Macau,,"Macau, China",1,VEX V5 Robotics Competition,High School
169851,85301V,Generic,,The International School of Macao,Macau,,"Macau, China",1,VEX V5 Robotics Competition,High School
169848,85301X,No!,,The International School of Macao,Macau,,"Macau, China",1,VEX V5 Robotics Competition,High School
169847,85301Z,Yes!,,The International School of Macao,Macau,,"Macau, China",1,VEX V5 Robotics Competition,High School
171838,383D,Dagr - Lowndes Viking Robotics,Dagr,LOWNDES HIGH SCHOOL,Valdosta,Georgia,United States,1,VEX V5 Robotics Competition,High School
82975,383H,Helheim - Lowndes Viking Robotics,Helheim,LOWNDES HIGH SCHOOL,Valdosta,Georgia,United States,1,VEX V5 Robotics Competition,High School
45283,383M,Mimir - Lowndes Viking Robotics,Mimir,Lowndes High School,Valdosta,Georgia,United States,1,VEX V5 Robotics Competition,High School
6221,675A,Robodragons Alpha,Robodragons Alpha,Gwinnett School Of Mathematics- Science And Technology,Lawrenceville,Georgia,United States,1,VEX V5 Robotics Competition,High School
13552,675B,675 Bumblebees,Robodragons Bravo,Gwinnett School Of Mathematics- Science And Technology,Lawrenceville,Georgia,United States,1,VEX V5 Robotics Competition,High School
13555,675C,675 Centurions,Robodragons Charlie,Gwinnett School Of Mathematics- Science And Technology,Lawrenceville,Georgia,United States,1,VEX V5 Robotics Competition,High School
20494,675E,Robodragons Echo,Robodragons Echo,Gwinnett School Of Mathematics- Science And Technology,Lawrenceville,Georgia,United States,1,VEX V5 Robotics Competition,High School
56955,675F,Robodragons Foxtrot,Robodragons Foxtrot,Gwinnett School Of Mathematics- Science And Technology,Lawrenceville,Georgia,United States,1,VEX V5 Robotics Competition,High School
39394,1235A,Wolverines,Wolverines,WEST FORSYTH HIGH SCHOOL,Cumming,Georgia,United States,1,VEX V5 Robotics Competition,High School
12997,1235D,Ski Buddies,The Wolverine,West Forsyth High School,Cumming,Georgia,United States,1,VEX V5 Robotics Competition,High School
37705,1275C,Chamblee High School,Chamblee Bulldogs -Crimson Cobras,CHAMBLEE CHARTER HIGH SCHOOL,Chamblee,Georgia,United States,1,VEX V5 Robotics Competition,High School
56900,1275D,Chamblee Charter High Sch,Chamblee Bulldogs 4,CHAMBLEE CHARTER HIGH SCHOOL,Chamblee,Georgia,United States,1,VEX V5 Robotics Competition,High School
66898,1275E,Chamblee Charter High Sch,Chamblee Bulldogs   Brown Bandits,CHAMBLEE CHARTER HIGH SCHOOL,Chamblee,Georgia,United States,1,VEX V5 Robotics Competition,High School
13261,1292A,Lakeside High School,The Animal,LAKESIDE HIGH SCHOOL,Atlanta,Georgia,United States,1,VEX V5 Robotics Competition,High School
18745,1356B,Parkview Bane,Bane,PARKVIEW HIGH SCHOOL,Lilburn,Georgia,United States,1,VEX V5 Robotics Competition,High School
21538,1961A,SFHS Eaglebots A,Argon,SOUTH FORSYTH HIGH SCHOOL,Cumming,Georgia,United States,1,VEX V5 Robotics Competition,High School
35707,1961D,SFHS Eaglebots D,,South Forsyth High School,Cumming,Georgia,United States,1,VEX V5 Robotics Competition,High School
133261,1961Y,SFHS Eaglebots Y,War Machine,SOUTH FORSYTH HIGH SCHOOL,Cumming,Georgia,United States,1,VEX V5 Robotics Competition,High School
95386,1961Z,SFHS Eaglebots Z,,SOUTH FORSYTH HIGH SCHOOL,Cumming,Georgia,United States,1,VEX V5 Robotics Competition,High School
41752,2105B,Swampbotics,B Bot,WARE COUNTY HIGH SCHOOL,Waycross,Georgia,United States,1,VEX V5 Robotics Competition,High School
155521,2771X,《XR》,Jit,Unknown Robotics,Cumming,Georgia,United States,1,VEX V5 Robotics Competition,High School
83959,3142C,Cuties,QuikTrip,PAIDEIA SCHOOL,Atlanta,Georgia,United States,1,VEX V5 Robotics Competition,High School
160948,3142F,Elves on Break,Santa,Paideia School,Atlanta,Georgia,United States,1,VEX V5 Robotics Competition,High School
116273,3142W,Whale,Whale,Paideia School,Atlanta,Georgia,United States,1,VEX V5 Robotics Competition,High School
81435,3536P,Purple People Eaters,Purple People Eaters,NORTH FORSYTH HIGH SCHOOL,Cumming,Georgia,United States,1,VEX V5 Robotics Competition,High School
1846,3536S,Raider Robotics,3536S,NORTH FORSYTH HIGH SCHOOL,Cumming,Georgia,United States,1,VEX V5 Robotics Competition,High School
129610,3536V,Vortex,Vortex,NORTH FORSYTH HIGH SCHOOL,Cumming,Georgia,United States,1,VEX V5 Robotics Competition,High School
13015,3536X,Hybrid Theory,Chester,NORTH FORSYTH HIGH SCHOOL,Cumming,Georgia,United States,1,VEX V5 Robotics Competition,High School
56697,5203G,Gremlin,Gremlin,OLA HIGH SCHOOL,Mcdonough,Georgia,United States,1,VEX V5 Robotics Competition,High School
14404,5278A,Atlas,Atlas,BROOKWOOD HIGH SCHOOL,Snellville,Georgia,United States,1,VEX V5 Robotics Competition,High School
49188,5278D,Doubled,Doubled,BROOKWOOD HIGH SCHOOL,Snellville,Georgia,United States,1,VEX V5 Robotics Competition,High School
171251,7009X,//Xcceleration//,,Tech360,Suwanee,Georgia,United States,1,VEX V5 Robotics Competition,High School
117641,8682A,Apollo,,Newton College and Career Academy,Covington,Georgia,United States,1,VEX V5 Robotics Competition,High School
69225,8682C,Crimson Dragons,,Newton College and Career Academy,Covington,Georgia,United States,1,VEX V5 Robotics Competition,High School
57904,8682N,Nighthawks,,Newton College and Career Academy,Covington,Georgia,United States,1,VEX V5 Robotics Competition,High School
156435,12954G,4-H DawgBytes - Homer,Homer,Walker County 4-H,Lafayette,Georgia,United States,1,VEX V5 Robotics Competition,High School
172880,12954H,4-H DawgBytes,,Walker County 4-H,Lafayette,Georgia,United States,1,VEX V5 Robotics Competition,High School
94235,33344A,Ainoway,Ammonia,Whitewater High School,Fayetteville,Georgia,United States,1,VEX V5 Robotics Competition,High School
96309,33344C,Catastrophe,Bongo,Whitewater High School,Fayetteville,Georgia,United States,1,VEX V5 Robotics Competition,High School
183759,35361A,Phantom,Phantom,NORTH FORSYTH HIGH SCHOOL,Cumming,Georgia,United States,1,VEX V5 Robotics Competition,High School
123872,37116B,Rooster City Robotics,Malicious Maiden,FITZGERALD HIGH SCHOOL COLLEGE & CAREER ACADEMY,Fitzgerald,Georgia,United States,1,VEX V5 Robotics Competition,High School
124618,37116C,Rooster City Robotics,,FITZGERALD HIGH SCHOOL COLLEGE & CAREER ACADEMY,Fitzgerald,Georgia,United States,1,VEX V5 Robotics Competition,High School
131950,57346A,Kings Robotics A,TKA 57346A,THE KING'S ACADEMY,Woodstock,Georgia,United States,1,VEX V5 Robotics Competition,High School
145385,60053B,bonk,Michael Jeffery Jordan,PAUL DUKE STEM HIGH SCHOOL,Norcross,Georgia,United States,1,VEX V5 Robotics Competition,High School
140407,63780A,LHS Azure Automatic,,LAKESIDE HIGH SCHOOL,Evans,Georgia,United States,1,VEX V5 Robotics Competition,High School
109585,71811N,Nemesis,Nemesis,NORTHVIEW HIGH SCHOOL,Johns Creek,Georgia,United States,1,VEX V5 Robotics Competition,High School
144458,71811V,Velocity,Velocity,NORTHVIEW HIGH SCHOOL,Johns Creek,Georgia,United States,1,VEX V5 Robotics Competition,High School
136178,71811X,X-Quisite,Psychological Horror.,NORTHVIEW HIGH SCHOOL,Johns Creek,Georgia,United States,1,VEX V5 Robotics Competition,High School
156235,84248A,R1C3,Pressure Cooker,Independent,Atlanta,Georgia,United States,1,VEX V5 Robotics Competition,High School
130559,89227A,Panther Robotics,Andersen,RIDGELAND HIGH SCHOOL,Rossville,Georgia,United States,1,VEX V5 Robotics Competition,High School
42928,4815C,CPC TEAM C,CPC-C,WEO CHANG PUI CHUNG MEMORIAL SCHOOL,Hong Kong,,Hong Kong,1,VEX V5 Robotics Competition,Middle School
54259,4815E,CPC Team E,,WEO CHANG PUI CHUNG MEMORIAL SCHOOL,Hong Kong,,"Hong Kong, China",1,VEX V5 Robotics Competition,Middle School
38248,5228A,KTSCSS1,KTSCSS,Kwok Tak Seng Catholic Secondary School,New Territories,,"Hong Kong, China",1,VEX V5 Robotics Competition,Middle School
31921,5589A,Wesley 1,,The Methodist Church HK Wesley College,Chai Wan,,"Hong Kong, China",1,VEX V5 Robotics Competition,Middle School
112838,76275D,HARROW 4,,Harrow International School Hong Kong,Tuen Mun,,"Hong Kong, China",1,VEX V5 Robotics Competition,Middle School
62450,936A,HKIS Actinium,HKIS Actinium,Hong Kong International School,Hong Kong,,Hong Kong,1,VEX V5 Robotics Competition,High School
68350,936B,HKIS Berkelium,HKIS Berkelium,Hong Kong International School,Hong Kong,,"Hong Kong, China",1,VEX V5 Robotics Competition,High School
80385,936C,HKIS Chromium,HKIS Chromium,Hong Kong International School,Hong Kong,,"Hong Kong, China",1,VEX V5 Robotics Competition,High School
179791,2636A,What did I do!,,Matt Robotics,Hong Kong,,"Hong Kong, China",1,VEX V5 Robotics Competition,High School
154391,3708E,Shark Attack,Splash,Victoria Shanghai Academy,Hong Kong,,"Hong Kong, China",1,VEX V5 Robotics Competition,High School
175365,3708F,"Metal, Bolts, & Sharks","Metal, Bolts, & Sharks",Victoria Shanghai Academy,Hong Kong,,"Hong Kong, China",1,VEX V5 Robotics Competition,High School
176241,3708Z,Fin the Shark,Fin the Shark,Victoria Shanghai Academy,Hong Kong,,"Hong Kong, China",1,VEX V5 Robotics Competition,High School
79132,4275B,CCK Bravo,,CMA Choi Cheung Kok Secondary School,Nt,,"Hong Kong, China",1,VEX V5 Robotics Competition,High School
151845,4275V,CCK Victory,,CMA Choi Cheung Kok Secondary School,Nt,,"Hong Kong, China",1,VEX V5 Robotics Competition,High School
178931,4275Z,CCK Zero,,CMA Choi Cheung Kok Secondary School,New Territories,,"Hong Kong, China",1,VEX V5 Robotics Competition,High School
17728,4694A,ARK,,BAPTIST LUI MING CHOI SECONDARY SCHOOL,Sha Tin,,"Hong Kong, China",1,VEX V5 Robotics Competition,High School
118764,4694B,BLMCSS - 2,,BAPTIST LUI MING CHOI SECONDARY SCHOOL,Sha Tin,,"Hong Kong, China",1,VEX V5 Robotics Competition,High School
38212,4815A,CPC TEAM A,,WEO CHANG PUI CHUNG MEMORIAL SCHOOL,Hong Kong,,"Hong Kong, China",1,VEX V5 Robotics Competition,High School
31816,4815B,CPC TEAM B,,WEO CHANG PUI CHUNG MEMORIAL SCHOOL,Hong Kong,,"Hong Kong, China",1,VEX V5 Robotics Competition,High School
38215,5039A,CMT-S1,,TWGHS Chang Ming Thien College,Kowloon,,"Hong Kong, China",1,VEX V5 Robotics Competition,High School
42934,5039B,CMT-S2,,TWGHS Chang Ming Thien College,Kowloon,,"Hong Kong, China",1,VEX V5 Robotics Competition,High School
119273,10368A,JSTEA,,Hong Kong Joint School Technology Education Association,New Territories,,"Hong Kong, China",1,VEX V5 Robotics Competition,High School
181987,11098A,NPL Robotics,,Po Leung Kuk Ngan Po Ling College,Kowloon,,"Hong Kong, China",1,VEX V5 Robotics Competition,High School
137788,11455A,SMCESPS,,St. Margaret's Co-educational English Secondary and Primary School,Sham Shui Po,,"Hong Kong, China",1,VEX V5 Robotics Competition,High School
174430,11618A,Black Kites,,Renaissance College,Hong Kong,,"Hong Kong, China",1,VEX V5 Robotics Competition,High School
148977,12305A,TCCS stem teAm,,Tung Chung Catholic School,Island District,,"Hong Kong, China",1,VEX V5 Robotics Competition,High School
153558,12305B,TCCS roBotics team,,Tung Chung Catholic School,Island District,,"Hong Kong, China",1,VEX V5 Robotics Competition,High School
182304,12523A,12523 A,,American International School,Kowloon Tong,,"Hong Kong, China",1,VEX V5 Robotics Competition,High School
182305,12523B,12523 B,,American International School,Kowloon Tong,,"Hong Kong, China",1,VEX V5 Robotics Competition,High School
150191,15383A,YTT,Alien,TWGHs Yau Tze Tin Memorial College,New Territories,,"Hong Kong, China",1,VEX V5 Robotics Competition,High School
151962,18180A,TMMFSS,,Caritas Tuen Mun Marden Foundation Secondary School,New Territories,,"Hong Kong, China",1,VEX V5 Robotics Competition,High School
165923,21262T,ICS π,I like π,International Christian School,Hong Kong,,"Hong Kong, China",1,VEX V5 Robotics Competition,High School
182899,24587H,Sigma,,Carmel Divine Grace Foundation Secondary School,Hong Kong,,"Hong Kong, China",1,VEX V5 Robotics Competition,High School
178606,32981A,South Island School Team,,South Island School,Hong Kong,,"Hong Kong, China",1,VEX V5 Robotics Competition,High School
178608,32982A,West Island School team,,West Island School,Hong Kong,,"Hong Kong, China",1,VEX V5 Robotics Competition,High School
168851,47141A,CAIS 1,CAIS 1,Christian Alliance International School,Hong Kong,,"Hong Kong, China",1,VEX V5 Robotics Competition,High School
168153,54027A,Christ College,CCST,Christ College,New Territories,,"Hong Kong, China",1,VEX V5 Robotics Competition,High School
173689,70909A,CLBSS,,CLBSS,Hong Kong,,"Hong Kong, China",1,VEX V5 Robotics Competition,High School
105928,76275A,Harrow 1,,Harrow International School Hong Kong,Tuen Mun,,"Hong Kong, China",1,VEX V5 Robotics Competition,High School
112836,76275B,HARROW 2,,Harrow International School Hong Kong,Tuen Mun,,"Hong Kong, China",1,VEX V5 Robotics Competition,High School
112837,76275C,HARROW 3,,Harrow International School Hong Kong,Tuen Mun,,"Hong Kong, China",1,VEX V5 Robotics Competition,High School
167057,85410A,VEX@HW,,Hon Wah College,Hong Kong,,"Hong Kong, China",1,VEX V5 Robotics Competition,High School
166844,86254A,272A,,Capmi HKAGE,Taipo,,"Hong Kong, China",1,VEX V5 Robotics Competition,High School
168190,86254B,CAPMI1,272K,Capmi HKAGE,Taipo,,"Hong Kong, China",1,VEX V5 Robotics Competition,High School
181744,17024A,Awael Freshmen,Twenty Eight,Alawael Bilingual School,Sabah Alsalem,,Kuwait,1,VEX V5 Robotics Competition,High School
181745,17024B,Awael JR,The Clutcher,Alawael Bilingual School,Sabah Alsalem,,Kuwait,1,VEX V5 Robotics Competition,High School
181322,18482A,Nibras 2,,Al Nibras International Bilingual School,Farwaniyah,,Kuwait,1,VEX V5 Robotics Competition,High School
167519,18687A,SACGC ROBOTICS,,Sabah Al-Ahmad Center for Giftedness and Creativity (SACGC),Kuwait City,,Kuwait,1,VEX V5 Robotics Competition,High School
181327,29416A,Albeet team,,Albeet club,Alqusoor,,Kuwait,1,VEX V5 Robotics Competition,High School
181464,29930A,CBS HS,,Canadian Bilingual School,Farwaniya,,Kuwait,1,VEX V5 Robotics Competition,High School
181371,40021A,Tech Titans,Attack Titan,Rawd Al Saleheen Bilingual School,Kuwait,,Kuwait,1,VEX V5 Robotics Competition,High School
181374,45386A,Q8i,,Khaled ben saaid,Kuwait,,Kuwait,1,VEX V5 Robotics Competition,High School
180783,50999A,Aladwani,Hydra,Aladwani,Kuwait,,Kuwait,1,VEX V5 Robotics Competition,High School
181540,55711A,Kuwait1,,Kuwait Information Technology Society,Kuwait,,Kuwait,1,VEX V5 Robotics Competition,High School
181329,55720B,Alassma Girls,,Asmaa bent Alhareth Highschool for girls,Alnezha,,Kuwait,1,VEX V5 Robotics Competition,High School
181328,55721C,EMS 25,,Alemam Malek Highschool for boys,Mubarak Alkabeer,,Kuwait,1,VEX V5 Robotics Competition,High School
181301,55722A,Alrawdatian team,,Alroudtain Highschool for girls,Sabah Alahmad Third,,Kuwait,1,VEX V5 Robotics Competition,High School
181297,55723A,Habibah Team,,Habibah bint Shuriq Alansaria Highschool for Girls,Jaber Alahmad,,Kuwait,1,VEX V5 Robotics Competition,High School
181294,55724A,Alsubahia team,,Alsubahia high school for girls,Alsubahia,,Kuwait,1,VEX V5 Robotics Competition,High School
181290,55727A,Orwah Team,,Orwah ibn Alzobeer,Aljahraa,,Kuwait,1,VEX V5 Robotics Competition,High School
180793,55728A,RoboTech,,Salah Aldien High School,Zahra,,Kuwait,1,VEX V5 Robotics Competition,High School
180788,55729A,RHS Team,,Alrawda High School,Alrawda,,Kuwait,1,VEX V5 Robotics Competition,High School
180795,61011W,Abdullah Alotaibi School,,Abdullah Alotaibi High School,Kuwait,,Kuwait,1,VEX V5 Robotics Competition,High School
168743,64061A,KIES Leaders Team,,Kuwait International English School (KIES),Hawally,,Kuwait,1,VEX V5 Robotics Competition,High School
181295,67723A,GES team,Hs-Ges,Gulf English School (GES),Alsalmiya,,Kuwait,1,VEX V5 Robotics Competition,High School
181874,67723B,GES team,Hs-Ges,Gulf English School (GES),Alsalmiya,,Kuwait,1,VEX V5 Robotics Competition,High School
180790,68444A,Aljahiz School,,Aljahiz high school,Alfarwaniah,,Kuwait,1,VEX V5 Robotics Competition,High School
182546,75485A,KES VO1D PLUS,VO1D PLUS,kes.edu.kw,Kuwait,,Kuwait,1,VEX V5 Robotics Competition,High School
182547,75485B,KES Turbo Bots,Diesel,kes.edu.kw,Kuwait,,Kuwait,1,VEX V5 Robotics Competition,High School
151204,76290C,Ibn Alameed,Jumaru,MoE-PS,Kuwait,,Kuwait,1,VEX V5 Robotics Competition,High School
151205,76290D,Maria alqabtya,,Maria alqbtiya,Kuwait,,Kuwait,1,VEX V5 Robotics Competition,High School
181804,76290X,Ibn Alameed 2,,Ibn Alameed High School,Omariya,,Kuwait,1,VEX V5 Robotics Competition,High School
167384,76764A,ATIS-HS,ATIS-VEX,A'Takamul International School,Kuwait,,Kuwait,1,VEX V5 Robotics Competition,High School
181746,82553B,RBS-VEX,,Resala School,Al-Ahmadi,,Kuwait,1,VEX V5 Robotics Competition,High School
181318,86289A,IQAS,,IQAS,Jleeb,,Kuwait,1,VEX V5 Robotics Competition,High School
172854,96500F,Faltech,,Women’s Cultural and Social Society,Kuwait City,,Kuwait,1,VEX V5 Robotics Competition,High School
173817,20207A,Team Tiger,,CA Acadamy,Addis Ababa,,Ethiopia,1,VEX V5 Robotics Competition,High School
173815,20207C,Team Abyssinia,,CA Acadamy,Addis Ababa,,Ethiopia,1,VEX V5 Robotics Competition,High School
173921,20251A,Team 5KBot,,hilside,Addis Ababa,,Ethiopia,1,VEX V5 Robotics Competition,High School
173916,22337A,Team BIS,,BIS,Addis Ababa,,Ethiopia,1,VEX V5 Robotics Competition,High School
173917,22337B,Team Geez,,BIS,Addis Ababa,,Ethiopia,1,VEX V5 Robotics Competition,High School
93519,15376B,Vortex 3S,,École secondaire des Trois-Saisons,Terrebonne,Quebec,Canada,1,VEX V5 Robotics Competition,High School
131868,15376C,Vortex 3S,,École secondaire des Trois-Saisons,Terrebonne,Quebec,Canada,1,VEX V5 Robotics Competition,High School
153108,15376F,Vortex 3S,,École secondaire des Trois-Saisons,Terrebonne,Quebec,Canada,1,VEX V5 Robotics Competition,High School
104264,20315C,Marcelline C,,Collège Sainte-Marcelline,Montreal,Quebec,Canada,1,VEX V5 Robotics Competition,High School
93350,20315D,Marcelline D,,Collège Sainte-Marcelline,Montreal,Quebec,Canada,1,VEX V5 Robotics Competition,High School
160242,58676H,Corsaires H,,Ecole Pointe-Levy,Lévis,Quebec,Canada,1,VEX V5 Robotics Competition,High School
175672,58676R,Corsaires R,,Ecole Pointe-Levy,Lévis,Quebec,Canada,1,VEX V5 Robotics Competition,High School
175668,58676X,Corsaires X,,Ecole Pointe-Levy,Lévis,Quebec,Canada,1,VEX V5 Robotics Competition,High School
175677,61119A,Corsaires FP - A,,Centre de formation professionnelle de Lévis,Lévis,Quebec,Canada,1,VEX V5 Robotics Competition,High School
113855,74947K,Fenix - Karma,,Ecole Secondaire Massey-Vanier,Cowansville,Quebec,Canada,1,VEX V5 Robotics Competition,High School
121183,74947N,Fenix - Nirvana,,Ecole Secondaire Massey-Vanier,Cowansville,Quebec,Canada,1,VEX V5 Robotics Competition,High School
145560,74947V,Fenix - Viper,,Ecole Secondaire Massey-Vanier,Cowansville,Quebec,Canada,1,VEX V5 Robotics Competition,High School
145559,74947W,Fenix - Windex,,Ecole Secondaire Massey-Vanier,Cowansville,Quebec,Canada,1,VEX V5 Robotics Competition,High School
145565,74947X,Fenix - X-Calibur,,Ecole Secondaire Massey-Vanier,Cowansville,Quebec,Canada,1,VEX V5 Robotics Competition,High School
145556,74947Y,Fenix - Y-dra,,Ecole Secondaire Massey-Vanier,Cowansville,Quebec,Canada,1,VEX V5 Robotics Competition,High School
145566,74947Z,Fenix - Zeus,,Ecole Secondaire Massey-Vanier,Cowansville,Quebec,Canada,1,VEX V5 Robotics Competition,High School
139421,15376E,Vortex 3S,,École secondaire des Trois-Saisons,Terrebonne,Quebec,Canada,1,VEX V5 Robotics Competition,Middle School
112366,74947D,Fenix - Dynamite,,Ecole Secondaire Massey-Vanier,Cowansville,Quebec,Canada,1,VEX V5 Robotics Competition,Middle School
112369,74947F,Fenix - Ferrari,,Ecole Secondaire Massey-Vanier,Cowansville,Quebec,Canada,1,VEX V5 Robotics Competition,Middle School
159544,49651Z,HA_LEGACY,Terrenator,Howard Academy,Panama,,Panama,1,VEX V5 Robotics Competition,High School
90827,55098A,ISP Robo Dolphins,,International School of Panama,Panama City,,Panama,1,VEX V5 Robotics Competition,High School
138100,55098B,ISP Cyber Dolphins,,International School of Panama,Panama City,,Panama,1,VEX V5 Robotics Competition,High School
176852,55098C,ISP Mecha Dolphins,,International School of Panama,Panama City,,Panama,1,VEX V5 Robotics Competition,High School
167906,91694B,AIAP MechaLions,,Academia Internacional Árabe Panameña,Colon,,Panama,1,VEX V5 Robotics Competition,High School
102963,10190C,Stoneham Spartans: Team Serpent,Carpet,Town of Stoneham,Stoneham,Massachusetts,United States,1,VEX V5 Robotics Competition,Middle School
66041,643A,"Womp, womp!",,OAK MOUNTAIN HIGH SCHOOL,Birmingham,Alabama,United States,1,VEX V5 Robotics Competition,High School
72290,643E,shake n bake,Badnik,OAK MOUNTAIN HIGH SCHOOL,Birmingham,Alabama,United States,1,VEX V5 Robotics Competition,High School
72289,643F,F Team,,OAK MOUNTAIN HIGH SCHOOL,Birmingham,Alabama,United States,1,VEX V5 Robotics Competition,High School
61548,643T,Kachow!,Lightning McQueen,OAK MOUNTAIN HIGH SCHOOL,Birmingham,Alabama,United States,1,VEX V5 Robotics Competition,High School
22030,4828A,BrewTech Robotics - A,Stryker,BREWTECH TECHNOLOGY MAGNET HIGH SCHOOL,Montgomery,Alabama,United States,1,VEX V5 Robotics Competition,High School
65939,4828S,Shadow,Shadow,BREWTECH TECHNOLOGY MAGNET HIGH SCHOOL,Montgomery,Alabama,United States,1,VEX V5 Robotics Competition,High School
109395,4828X,Redux,Redux,BREWTECH TECHNOLOGY MAGNET HIGH SCHOOL,Montgomery,Alabama,United States,1,VEX V5 Robotics Competition,High School
57341,8448A,the A-Team,Uneducated Swine,MOUNTAIN BROOK HIGH SCHOOL,Mountain Brook,Alabama,United States,1,VEX V5 Robotics Competition,High School
174634,8448G,winGmen,,MOUNTAIN BROOK HIGH SCHOOL,Mountain Brook,Alabama,United States,1,VEX V5 Robotics Competition,High School
174633,8448X,Team Rocket,Laika,MOUNTAIN BROOK HIGH SCHOOL,Mountain Brook,Alabama,United States,1,VEX V5 Robotics Competition,High School
53419,9848A,HAMMER TIME,,MADISON COUNTY HIGH SCHOOL,Gurley,Alabama,United States,1,VEX V5 Robotics Competition,High School
123361,13907F,Vader,,AUTAUGA COUNTY TECHNOLOGY CENTER,Prattville,Alabama,United States,1,VEX V5 Robotics Competition,High School
156328,13907Y,ACTC Y,,AUTAUGA COUNTY TECHNOLOGY CENTER,Prattville,Alabama,United States,1,VEX V5 Robotics Competition,High School
134246,20605A,First Class,,ALEXANDRIA HIGH SCHOOL,Alexandria,Alabama,United States,1,VEX V5 Robotics Competition,High School
148151,20605B,Vault Tec,,ALEXANDRIA HIGH SCHOOL,Alexandria,Alabama,United States,1,VEX V5 Robotics Competition,High School
121989,30207A,R3,,THE ALTAMONT SCHOOL,Birmingham,Alabama,United States,1,VEX V5 Robotics Competition,High School
176233,31218W,The Moderately Sized Wave,Bama Blaze,ETOWAH HIGH SCHOOL,Attalla,Alabama,United States,1,VEX V5 Robotics Competition,High School
154324,35016Z,(AERO) It’ll buff,,ARAB HIGH SCHOOL,Arab,Alabama,United States,1,VEX V5 Robotics Competition,High School
169843,36064A,The Flux Capacitors,,Pike Road STEM Club,Pike Road,Alabama,United States,1,VEX V5 Robotics Competition,High School
96219,36830A,Leprechauns,Leprechauns,Auburn High School,Auburn,Alabama,United States,1,VEX V5 Robotics Competition,High School
96886,36830B,Roshambo,Roshambo,Auburn High School,Auburn,Alabama,United States,1,VEX V5 Robotics Competition,High School
130056,36830C,Hephaestus,Hephaestus,AUBURN HIGH SCHOOL,Auburn,Alabama,United States,1,VEX V5 Robotics Competition,High School
104853,36830D,Kobalt,Kobalt,Auburn High School,Auburn,Alabama,United States,1,VEX V5 Robotics Competition,High School
104636,36867A,T5,Catasaurus Rex,CENTRAL HIGH SCHOOL,Phenix City,Alabama,United States,1,VEX V5 Robotics Competition,High School
110330,36867C,ATJ,,Central Freshman Academy,Phenix City,Alabama,United States,1,VEX V5 Robotics Competition,High School
111263,36867D,Pretty in Pink,Draculaura,Central High School,Phenix City,Alabama,United States,1,VEX V5 Robotics Competition,High School
140998,38241A,Atomos,,FAITH ACADEMY,Mobile,Alabama,United States,1,VEX V5 Robotics Competition,High School
173553,38241X,Genesis,,FAITH ACADEMY,Mobile,Alabama,United States,1,VEX V5 Robotics Competition,High School
153393,41469A,SEHS JROTC1,Colonel Tony,STANHOPE ELMORE HIGH SCHOOL,Millbrook,Alabama,United States,1,VEX V5 Robotics Competition,High School
156637,47969W,The Legacy,,PIKE ROAD HIGH SCHOOL,Pike Road,Alabama,United States,1,VEX V5 Robotics Competition,High School
143518,54500B,Blount Team 2,Leopards 2,MATTIE T BLOUNT HIGH SCHOOL,Eight Mile,Alabama,United States,1,VEX V5 Robotics Competition,High School
116262,56448C,High Gear,Turbo,HARTSELLE HIGH SCHOOL,Hartselle,Alabama,United States,1,VEX V5 Robotics Competition,High School
131323,67104A,The Country Bumpkins,,HEADLAND HIGH SCHOOL,Headland,Alabama,United States,1,VEX V5 Robotics Competition,High School
153822,67104B,Baker's Dozen,,HEADLAND HIGH SCHOOL,Headland,Alabama,United States,1,VEX V5 Robotics Competition,High School
173725,72390A,Billingsley Bears,,BILLINGSLEY HIGH SCHOOL,Billingsley High School,Alabama,United States,1,VEX V5 Robotics Competition,High School
129106,72991B,Citronelle Team 2,Jacob,CITRONELLE HIGH SCHOOL,Citronelle,Alabama,United States,1,VEX V5 Robotics Competition,High School
102472,75754C,Hale Tech 3,,COLLEGE AND CAREER ACADEMY,Greensboro,Alabama,United States,1,VEX V5 Robotics Competition,High School
102749,81218C,Omnibus,bussy,Loveless Academic Magnet Prog High School,Montgomery,Alabama,United States,1,VEX V5 Robotics Competition,High School
112771,81218D,Dollars for Donuts,Team D,Loveless Academic Magnet Prog High School,Montgomery,Alabama,United States,1,VEX V5 Robotics Competition,High School
132671,81218G,Overcooked,Chef,Loveless Academic Magnet Prog High School,Montgomery,Alabama,United States,1,VEX V5 Robotics Competition,High School
140414,82473C,Park Crossing Thunderbots,The Equalizer,PARK CROSSING HIGH SCHOOL,Montgomery,Alabama,United States,1,VEX V5 Robotics Competition,High School
93298,90601A,Why is it Sparking?,,Oxford High School,Oxford,Alabama,United States,1,VEX V5 Robotics Competition,High School
93301,90601C,Arken Bot - OHS Robotics,Arken Bot,Oxford High School,Oxford,Alabama,United States,1,VEX V5 Robotics Competition,High School
122818,99040E,Botanical Bots,Botanical Bots,VESTAVIA HILLS HIGH SCHOOL,Vestavia Hills,Alabama,United States,1,VEX V5 Robotics Competition,High School
169644,99040N,The Notebookers,The Notebot,VESTAVIA HILLS HIGH SCHOOL,Vestavia Hills,Alabama,United States,1,VEX V5 Robotics Competition,High School
136851,99060A,Bot Crossing,,WESTMINSTER SCHOOL AT OAK MOUNTAIN,Birmingham,Alabama,United States,1,VEX V5 Robotics Competition,High School
144141,29143A,QCify - Red Reavers,Dunkin' Donuts,Mosa-RT,Maaseik,,Belgium,1,VEX V5 Robotics Competition,High School
160219,29143C,QCify - Ctrl-alt-defeat,Motor Disconnected,Mosa-RT,Maaseik,,Belgium,1,VEX V5 Robotics Competition,High School
166770,30677Z,Deezers,,Stedelijke Humaniora Dilsen,Dilsen,,Belgium,1,VEX V5 Robotics Competition,High School
159224,34678A,Ik kan het niet lezen,Googly,Bibliotheek Diksmuide,Diksmuide,,Belgium,1,VEX V5 Robotics Competition,High School
183324,48087A,AIS Senior,,Antwerp International School,Ekeren,,Belgium,1,VEX V5 Robotics Competition,High School
176751,49956A,Vic's Robotics - Samantha Strijders,Viktoria,Scheppersinstituut Mechelen,Mechelen,,Belgium,1,VEX V5 Robotics Competition,High School
176752,49956B,Vic's Robotics - De Wolven,Valère,Scheppersinstituut Mechelen,Mechelen,,Belgium,1,VEX V5 Robotics Competition,High School
156694,54057A,Pulhof Robotics 1,,OLV-Instituut /  Pulhof,Berchem - Antwerpen,,Belgium,1,VEX V5 Robotics Competition,High School
166257,54057B,Pulhof Robotics 2,,OLV-Instituut /  Pulhof,Berchem - Antwerpen,,Belgium,1,VEX V5 Robotics Competition,High School
166258,54057C,Pulhof Robotics 3,,OLV-Instituut /  Pulhof,Berchem - Antwerpen,,Belgium,1,VEX V5 Robotics Competition,High School
166259,54057D,Pulhof Robotics 4,,OLV-Instituut /  Pulhof,Berchem - Antwerpen,,Belgium,1,VEX V5 Robotics Competition,High School
167537,79014C,CyberRobotics,,nooby.tech,"Uccle, Brussels",,Belgium,1,VEX V5 Robotics Competition,High School
126565,18777F,FULGOR,,Groupe Scolaire AL JABR,Fès,,Morocco,1,VEX V5 Robotics Competition,High School
104783,37711A,IMS ROBOT 10.25,IMS 10.25,Institut Maison des Sciences,Fès,,Morocco,1,VEX V5 Robotics Competition,Middle School
182025,68364A,Bob's Builders,Bob,TLC International School,Nouakchott,,Mauritania,1,VEX V5 Robotics Competition,High School
179266,2144A,BotZone,,Academia Spiders Robotics S.A.S,La Ceja,,Colombia,1,VEX V5 Robotics Competition,High School
35245,4205A,INFINITY,JUANITO,Instituto Politécnico de Bucaramanga,Bucaramanga - Santander,,Colombia,1,VEX V5 Robotics Competition,High School
35197,4423A,EASYBOTS,,COLEGIOS BUCARAMANGA,Bucaramanga,,Colombia,1,VEX V5 Robotics Competition,Middle School
35203,4423C,MASTERS JMS,Masters,Colegio San Pedro Claver,Bucaramanga,,Colombia,1,VEX V5 Robotics Competition,High School
34252,5550A,JEXSSA,,FUNDACI/u00d3N GLOBAL AC&T,Bogota,,Colombia,1,VEX V5 Robotics Competition,High School
183772,5550D,EASY BOTS,,FUNDACI/u00d3N GLOBAL AC&T,Bogota,,Colombia,1,VEX V5 Robotics Competition,High School
183773,5550E,MANIZALES3,,FUNDACI/u00d3N GLOBAL AC&T,Medellin,,Colombia,1,VEX V5 Robotics Competition,High School
155631,10821D,Delta,Bocachico,Fundacion IQ Tecnologia,Barranquilla,,Colombia,1,VEX V5 Robotics Competition,High School
156165,10821G,Gamma,Rayo,Fundacion IQ Tecnologia,Barranquilla,,Colombia,1,VEX V5 Robotics Competition,High School
148833,29264A,PASCUAL1,,Fundacion Global Arte Ciencia y Tecnologia,Rionegro,,Colombia,1,VEX V5 Robotics Competition,High School
133289,77008A,The Rolling Bots,,BOTS Robótica,Rionegro,,Colombia,1,VEX V5 Robotics Competition,High School
133290,77008B,BOTS 2,,BOTS Robótica,Rionegro,,Colombia,1,VEX V5 Robotics Competition,High School
133291,77008C,GIRL VRC BOTS 2,,BOTS Robótica,Rionegro,,Colombia,1,VEX V5 Robotics Competition,Middle School
180020,77008D,GIRL VRC BOTS,,BOTS Robótica,Rionegro,,Colombia,1,VEX V5 Robotics Competition,High School
180125,94033A,Mon.Tech.Ssori ALPHA,,Montessori Medellin,Medellin,,Colombia,1,VEX V5 Robotics Competition,High School
26365,231D,KNIGHTS ROBOTICS,,DR KIRK LEWIS CAREER AND TECHNICAL HIGH SCHOOL,Houston,Texas,United States,1,VEX V5 Robotics Competition,High School
131631,231N,KNIGHTS ROBOTICS,,DR KIRK LEWIS CAREER AND TECHNICAL HIGH SCHOOL,Houston,Texas,United States,1,VEX V5 Robotics Competition,High School
155746,285C,DiscoBots C,,Carnegie Vanguard HS,Houston,Texas,United States,1,VEX V5 Robotics Competition,High School
85351,285X,DiscoBots X,,Carnegie Vanguard HS,Houston,Texas,United States,1,VEX V5 Robotics Competition,High School
85352,285Z,DiscoBots Zephyr,,Carnegie Vanguard HS,Houston,Texas,United States,1,VEX V5 Robotics Competition,High School
153404,1065A,Sunny,Sunny,Sunnyrobotics,Houston,Texas,United States,1,VEX V5 Robotics Competition,High School
169561,1380A,crashout,,Samurai Robotics,Katy,Texas,United States,1,VEX V5 Robotics Competition,High School
21685,1412E,/sudo rm -rf,Skibidi,CYPRESS SPRINGS HIGH SCHOOL,Cypress,Texas,United States,1,VEX V5 Robotics Competition,High School
143954,1412J,BANSHEE!,Psycho Frame,CYPRESS SPRINGS HIGH SCHOOL,Cypress,Texas,United States,1,VEX V5 Robotics Competition,High School
143531,1718V,The Goofy Goobers,,MONTGOMERY HIGH SCHOOL,Montgomery,Texas,United States,1,VEX V5 Robotics Competition,High School
123787,1718W,The Bikini Botters,,MONTGOMERY HIGH SCHOOL,Montgomery,Texas,United States,1,VEX V5 Robotics Competition,High School
123789,1718Y,Trial & Error,,MONTGOMERY HIGH SCHOOL,Montgomery,Texas,United States,1,VEX V5 Robotics Competition,High School
115099,2587B,DiscoBots Reaper,John Murphy,LAMAR HIGH SCHOOL,Houston,Texas,United States,1,VEX V5 Robotics Competition,High School
107048,2854Z,Cool Bot Dude,,Lake Creek High School,Montgomery,Texas,United States,1,VEX V5 Robotics Competition,High School
50606,3118A,Astrobots,,CLEAR BROOK HIGH SCHOOL,Friendswood,Texas,United States,1,VEX V5 Robotics Competition,High School
50607,3118B,Astrobots,,CLEAR BROOK HIGH SCHOOL,Friendswood,Texas,United States,1,VEX V5 Robotics Competition,High School
72466,3118C,Astrobots,,CLEAR BROOK HIGH SCHOOL,Friendswood,Texas,United States,1,VEX V5 Robotics Competition,High School
81042,3162Z,HHS Gearheads,,HUNTINGTON HIGH SCHOOL,Huntington,Texas,United States,1,VEX V5 Robotics Competition,High School
64005,3674G,Go Girls!,3674 G,ENERGY INSTITUTE HIGH SCHOOL,Houston,Texas,United States,1,VEX V5 Robotics Competition,High School
171522,4118D,SharkByte,,Clear Creek ISD,Houston,Texas,United States,1,VEX V5 Robotics Competition,High School
171524,4118J,Johnny Shen's,,Clear Creek ISD,Houston,Texas,United States,1,VEX V5 Robotics Competition,High School
156111,5013X,Order 66,,ALL NATIONS COMMUNITY SCHOOL,Oak Ridge North,Texas,United States,1,VEX V5 Robotics Competition,High School
67177,6865D,No Solution,The Solution,BARBERS HILL HIGH SCHOOL,Mont Belvieu,Texas,United States,1,VEX V5 Robotics Competition,High School
125445,6865Z,Ultraviolet,chumtoad,BARBERS HILL HIGH SCHOOL,Mont Belvieu,Texas,United States,1,VEX V5 Robotics Competition,High School
46354,7390A,DiscoBots Anacondemonium,mansa musa,Debakey High School For Health Prof,Houston,Texas,United States,1,VEX V5 Robotics Competition,High School
55093,9204A,Dragons,Dragon1,THE JOHN COOPER SCHOOL,The Woodlands,Texas,United States,1,VEX V5 Robotics Competition,High School
72483,9204B,Dragons,Dragon2,The John Cooper School,The Woodlands,Texas,United States,1,VEX V5 Robotics Competition,High School
147647,16329E,CURRENT,,CYPRESS RIDGE HIGH SCHOOL,Houston,Texas,United States,1,VEX V5 Robotics Competition,High School
160071,19697A,愛,,JORDAN HIGH SCHOOL,Katy,Texas,United States,1,VEX V5 Robotics Competition,High School
172191,19697M,Carnage,,JORDAN HIGH SCHOOL,Katy,Texas,United States,1,VEX V5 Robotics Competition,High School
160073,19697U,Pandamonium,,JORDAN HIGH SCHOOL,Katy,Texas,United States,1,VEX V5 Robotics Competition,High School
130595,19697W,Purgatory,ts (this),JORDAN HIGH SCHOOL,Katy,Texas,United States,1,VEX V5 Robotics Competition,High School
129192,19697X,Basher,gumptionBOT,Jordan High School,Katy,Texas,United States,1,VEX V5 Robotics Competition,High School
129533,19697Z,Pyronauts,Arcane,JORDAN HIGH SCHOOL,Katy,Texas,United States,1,VEX V5 Robotics Competition,High School
142347,20002G,GOLD!,,SILSBEE HIGH SCHOOL,Silsbee,Texas,United States,1,VEX V5 Robotics Competition,High School
126026,20121A,G.O.R.T's,,GRAND OAKS HIGH SCHOOL,Spring,Texas,United States,1,VEX V5 Robotics Competition,High School
163268,22603B,Black,,KLEIN OAK HIGH SCHOOL,Spring,Texas,United States,1,VEX V5 Robotics Competition,High School
133349,24626B,CRHS Polaris,Bootës,Cinco Ranch High School Polaris Robotic Club,Katy,Texas,United States,1,VEX V5 Robotics Competition,High School
111926,24626U,CRHS Polaris - Ursa Major,Ursa Major,Cinco Ranch High School Polaris Robotic Club,Katy,Texas,United States,1,VEX V5 Robotics Competition,High School
159121,33007X,Ctrl + Alt + Defeat,,Astro Robotics,Houston,Texas,United States,1,VEX V5 Robotics Competition,High School
159123,33007Y,Beanbotics,Cool Bean,BELLAIRE HIGH SCHOOL,Bellaire,Texas,United States,1,VEX V5 Robotics Competition,High School
173752,33111B,Robot Mastery,,Robot Mastery LLC,Houston,Texas,United States,1,VEX V5 Robotics Competition,High School
174158,33111C,Full House,Zeta,Robot Mastery LLC,Houston,Texas,United States,1,VEX V5 Robotics Competition,High School
111139,38538S,Eclipse Horizon,,CLEAR HORIZONS EARLY COLLEGE HIGH SCHOOL,Houston,Texas,United States,1,VEX V5 Robotics Competition,High School
173943,44441B,Wolf-Byte,Lobo,PINEYWOODS COMMUNITY ACADEMY HIGH SCHOOL,Lufkin,Texas,United States,1,VEX V5 Robotics Competition,High School
158371,44441W,Wolf-Byte,Snek Wolf,PINEYWOODS COMMUNITY ACADEMY HIGH SCHOOL,Lufkin,Texas,United States,1,VEX V5 Robotics Competition,High School
123461,63310A,Event Horizon,Ankit,KATY HIGH SCHOOL,Katy,Texas,United States,1,VEX V5 Robotics Competition,High School
91416,63310K,Nemesis,,Katy High School,Katy,Texas,United States,1,VEX V5 Robotics Competition,High School
121921,77360B,Onalaska Wildcats,,ONALASKA JR/SR HIGH,Onalaska,Texas,United States,1,VEX V5 Robotics Competition,High School
144962,77360Z,Wildcats,Wildcats 1,ONALASKA JR/SR HIGH,Onalaska,Texas,United States,1,VEX V5 Robotics Competition,High School
148063,77786F,Tech-Mex,NachoBot,BRIDGELAND HIGH SCHOOL,Cypress,Texas,United States,1,VEX V5 Robotics Competition,High School
159679,77786H,CyberKings,Surge,BRIDGELAND HIGH SCHOOL,Cypress,Texas,United States,1,VEX V5 Robotics Competition,High School
146728,77786X,Murphy Fan Club,Sigma Bot,BRIDGELAND HIGH SCHOOL,Cypress,Texas,United States,1,VEX V5 Robotics Competition,High School
124270,83280W,L.C. Rampage,T#NDR_T#GHZ,LANGHAM CREEK HIGH SCHOOL,Houston,Texas,United States,1,VEX V5 Robotics Competition,High School
174947,83280Y,Lobos Rojos,Mayesonaise,LANGHAM CREEK HIGH SCHOOL,Houston,Texas,United States,1,VEX V5 Robotics Competition,High School
131796,89437A,Trap Card,Badly Designed Sheet Metal,HARGRAVE HIGH SCHOOL,Huffman,Texas,United States,1,VEX V5 Robotics Competition,High School
176194,91923A,RED,,Texas Academy at Lamar University,Beaumont,Texas,United States,1,VEX V5 Robotics Competition,High School
177770,91923T,RED,,Texas Academy at Lamar University,Beaumont,Texas,United States,1,VEX V5 Robotics Competition,High School
40102,1028J,I.T. Department,,Brownell Talbot College Preparatory School,Omaha,Nebraska,United States,1,VEX V5 Robotics Competition,Middle School
87951,68763A,The Blockheads,Robox,O'NEILL HIGH SCHOOL,O'neill,Nebraska,United States,1,VEX V5 Robotics Competition,Middle School
87952,68763B,We Have No Clue,?,O'NEILL HIGH SCHOOL,O'neill,Nebraska,United States,1,VEX V5 Robotics Competition,Middle School
117270,68763G,The Blind Bandits,Vision,O'NEILL HIGH SCHOOL,O'neill,Nebraska,United States,1,VEX V5 Robotics Competition,Middle School
89332,74100A,Two New Dudes,,CONCORDIA JR/SR HIGH SCHOOL,Omaha,Nebraska,United States,1,VEX V5 Robotics Competition,Middle School
142330,39E,E,,CRANBROOK SCHOOLS,Bloomfield Hills,Michigan,United States,1,VEX V5 Robotics Competition,High School
113242,39G,TriBots,,CRANBROOK SCHOOLS,Bloomfield Hills,Michigan,United States,1,VEX V5 Robotics Competition,High School
113239,39H,HNS,,CRANBROOK SCHOOLS,Bloomfield Hills,Michigan,United States,1,VEX V5 Robotics Competition,High School
82520,39J,MAASH,Loyd,CRANBROOK SCHOOLS,Bloomfield Hills,Michigan,United States,1,VEX V5 Robotics Competition,High School
82510,39K,Rest in Pieces,,CRANBROOK SCHOOLS,Bloomfield Hills,Michigan,United States,1,VEX V5 Robotics Competition,High School
176556,39M,Michelin,,CRANBROOK SCHOOLS,Bloomfield Hills,Michigan,United States,1,VEX V5 Robotics Competition,High School
131702,39T,Mr. Tank,,CRANBROOK SCHOOLS,Bloomfield Hills,Michigan,United States,1,VEX V5 Robotics Competition,High School
71564,39V,Volt,,CRANBROOK SCHOOLS,Bloomfield Hills,Michigan,United States,1,VEX V5 Robotics Competition,High School
85113,39W,Anything,,CRANBROOK SCHOOLS,Bloomfield Hills,Michigan,United States,1,VEX V5 Robotics Competition,High School
82537,39Y,Yolt,,CRANBROOK SCHOOLS,Bloomfield Hills,Michigan,United States,1,VEX V5 Robotics Competition,High School
71921,39Z,Bobby Wasabi,,CRANBROOK SCHOOLS,Bloomfield Hills,Michigan,United States,1,VEX V5 Robotics Competition,High School
24202,244A,RoboDawgs: Anarchy,,Grandville Community Education,Grandville,Michigan,United States,1,VEX V5 Robotics Competition,High School
37030,244D,RoboDawgs: Detritus,,Grandville Community Education,Grandville,Michigan,United States,1,VEX V5 Robotics Competition,High School
47035,248A,RoboDawgs: Starfall,,Grandville Robotics,Grandville,Michigan,United States,1,VEX V5 Robotics Competition,High School
47038,248B,RoboDawgs: Forsaken,,Grandville Robotics,Grandville,Michigan,United States,1,VEX V5 Robotics Competition,High School
47896,248C,RoboDawgs: Eccentricity,,Grandville Robotics,Grandville,Michigan,United States,1,VEX V5 Robotics Competition,High School
47897,248D,RoboDawgs: Differential,,Grandville Robotics,Grandville,Michigan,United States,1,VEX V5 Robotics Competition,High School
22390,288A,RoboDawgs: Counter Strike,,Grandville High School,Grandville,Michigan,United States,1,VEX V5 Robotics Competition,High School
22393,288B,RoboDawgs: Eminence,,Grandville High School,Grandville,Michigan,United States,1,VEX V5 Robotics Competition,High School
22396,288C,RoboDawgs: Celsius,,Grandville High School,Grandville,Michigan,United States,1,VEX V5 Robotics Competition,High School
23644,288D,RoboDawgs: Dauntless,,Grandville High School,Grandville,Michigan,United States,1,VEX V5 Robotics Competition,High School
71976,1581D,Breaking VEX,,DEWITT HIGH SCHOOL,Dewitt,Michigan,United States,1,VEX V5 Robotics Competition,High School
63046,2140A,2140A,,JENISON HIGH SCHOOL,Jenison,Michigan,United States,1,VEX V5 Robotics Competition,High School
63047,2140B,2140B,,JENISON HIGH SCHOOL,Jenison,Michigan,United States,1,VEX V5 Robotics Competition,High School
74614,2140C,2140C,,JENISON HIGH SCHOOL,Jenison,Michigan,United States,1,VEX V5 Robotics Competition,High School
83157,2140D,2140D,,JENISON HIGH SCHOOL,Jenison,Michigan,United States,1,VEX V5 Robotics Competition,High School
108762,2140F,2140F,,JENISON HIGH SCHOOL,Jenison,Michigan,United States,1,VEX V5 Robotics Competition,High School
137181,2586A,Team Viper,,CALUMET HIGH SCHOOL,Calumet,Michigan,United States,1,VEX V5 Robotics Competition,High School
77014,3223A,Loose Screws,,WEST MICHIGAN AVIATION ACADEMY,Grand Rapids,Michigan,United States,1,VEX V5 Robotics Competition,High School
77015,3223B,Typhoon,,WEST MICHIGAN AVIATION ACADEMY,Grand Rapids,Michigan,United States,1,VEX V5 Robotics Competition,High School
86580,3223C,Weaponized Jank,,WEST MICHIGAN AVIATION ACADEMY,Grand Rapids,Michigan,United States,1,VEX V5 Robotics Competition,High School
86581,3223D,Thunderhawks,,WEST MICHIGAN AVIATION ACADEMY,Grand Rapids,Michigan,United States,1,VEX V5 Robotics Competition,High School
123820,3333W,Power of the Square,,Notre Dame Prep,Pontiac,Michigan,United States,1,VEX V5 Robotics Competition,High School
85196,3333X,X-treme Bot,,Notre Dame Prep,Pontiac,Michigan,United States,1,VEX V5 Robotics Competition,High School
85195,3333Z,pink,,Notre Dame Prep,Pontiac,Michigan,United States,1,VEX V5 Robotics Competition,High School
160779,3734M,Double Negative,,ROGERS CITY HIGH SCHOOL,Rogers City,Michigan,United States,1,VEX V5 Robotics Competition,High School
131330,4911X,SayHelloToMyLittleFriend,Little Friend,Robo-Tech Zone of Michiana,Dowagiac,Michigan,United States,1,VEX V5 Robotics Competition,High School
145864,7567E,Live Wire Fluffy Unicorns,Spin up Spencer VonStrausenburger the 7th,GRAND TRAVERSE ACADEMY,Traverse City,Michigan,United States,1,VEX V5 Robotics Competition,High School
146725,7580P,Overcooked Bread,,Haslett Robotics Club,Haslett,Michigan,United States,1,VEX V5 Robotics Competition,High School
146726,7580R,Pink Rolls Royce,,Haslett Robotics Club,Haslett,Michigan,United States,1,VEX V5 Robotics Competition,High School
169758,7760X,Airplane Mode,,Independent,Bloomfield Hills,Michigan,United States,1,VEX V5 Robotics Competition,High School
57832,8031A,High Voltage,Circuit Breaker,Hudsonville Robotics - HS,Hudsonville,Michigan,United States,1,VEX V5 Robotics Competition,High School
58486,8341A,Loose Screws,,PEWAMOWESTPHALIA MIDDLEHIGH SCHOOL,Westphalia,Michigan,United States,1,VEX V5 Robotics Competition,High School
58487,8341B,Kicking Bot,,PEWAMOWESTPHALIA MIDDLEHIGH SCHOOL,Westphalia,Michigan,United States,1,VEX V5 Robotics Competition,High School
169835,8626K,KACHIGGA,Chick Hicks,,Grand Rapids,Michigan,United States,1,VEX V5 Robotics Competition,High School
140708,11591K,Ring Kong,,PLAINWELL HIGH SCHOOL,Plainwell,Michigan,United States,1,VEX V5 Robotics Competition,High School
156509,11591R,Nuclear Reactors,,PLAINWELL HIGH SCHOOL,Plainwell,Michigan,United States,1,VEX V5 Robotics Competition,High School
156511,11591S,Siege,,PLAINWELL HIGH SCHOOL,Plainwell,Michigan,United States,1,VEX V5 Robotics Competition,High School
129656,11591Z,Up Dawg,,PLAINWELL HIGH SCHOOL,Plainwell,Michigan,United States,1,VEX V5 Robotics Competition,High School
84713,13444A,MENACE,Charger,COVENANT CHRISTIAN HIGH SCHOOL,Grand Rapids,Michigan,United States,1,VEX V5 Robotics Competition,High School
84714,13444B,HAZARD,,COVENANT CHRISTIAN HIGH SCHOOL,Grand Rapids,Michigan,United States,1,VEX V5 Robotics Competition,High School
94339,13444C,FYREY DUKZ,,COVENANT CHRISTIAN HIGH SCHOOL,Grand Rapids,Michigan,United States,1,VEX V5 Robotics Competition,High School
75720,15155B,Bearcats,,Ubly JH/HS,Ubly,Michigan,United States,1,VEX V5 Robotics Competition,High School
174867,23533A,Iron Eagles,,SOUTHFIELD CHRISTIAN SCHOOL,Southfield,Michigan,United States,1,VEX V5 Robotics Competition,High School
99639,36620A,Blue Crew,,UNITY CHRISTIAN HIGH SCHOOL,Hudsonville,Michigan,United States,1,VEX V5 Robotics Competition,High School
112783,36620B,The Crusaders,,UNITY CHRISTIAN HIGH SCHOOL,Hudsonville,Michigan,United States,1,VEX V5 Robotics Competition,High School
112785,36620C,The Over-Engineers,,UNITY CHRISTIAN HIGH SCHOOL,Hudsonville,Michigan,United States,1,VEX V5 Robotics Competition,High School
112787,36620E,Idiots Behind the Wheel,,UNITY CHRISTIAN HIGH SCHOOL,Hudsonville,Michigan,United States,1,VEX V5 Robotics Competition,High School
175219,36620H,jim,,UNITY CHRISTIAN HIGH SCHOOL,Hudsonville,Michigan,United States,1,VEX V5 Robotics Competition,High School
85848,38053B,Knight,Knight,OAKLAND CHRISTIAN SCHOOL,Auburn Hills,Michigan,United States,1,VEX V5 Robotics Competition,High School
85850,38053D,Just Bend It!,Brett,OAKLAND CHRISTIAN SCHOOL,Auburn Hills,Michigan,United States,1,VEX V5 Robotics Competition,High School
142373,38053G,Full Clutch,Clutch,OAKLAND CHRISTIAN SCHOOL,Auburn Hills,Michigan,United States,1,VEX V5 Robotics Competition,High School
112605,40684B,All In,,NAPOLEON HIGH SCHOOL,Napoleon,Michigan,United States,1,VEX V5 Robotics Competition,High School
112607,40684D,We Have Cookies,,NAPOLEON HIGH SCHOOL,Napoleon,Michigan,United States,1,VEX V5 Robotics Competition,High School
131401,48768E,48768E,Gerald the Box,Vassar Senior High School,Vassar,Michigan,United States,1,VEX V5 Robotics Competition,High School
144253,50480A,Spartronics A,,IMLAY CITY HIGH SCHOOL,Imlay City,Michigan,United States,1,VEX V5 Robotics Competition,High School
147653,50480B,Spartronics B,,IMLAY CITY HIGH SCHOOL,Imlay City,Michigan,United States,1,VEX V5 Robotics Competition,High School
71529,63600B,GRCHS Ballistic Duckies,,GRAND RAPIDS CHRISTIAN HIGH SCHOOL,Grand Rapids,Michigan,United States,1,VEX V5 Robotics Competition,High School
98094,63600C,GRCHS Turtles Go QUACK!,,GRAND RAPIDS CHRISTIAN HIGH SCHOOL,Grand Rapids,Michigan,United States,1,VEX V5 Robotics Competition,High School
130591,63600E,GRCHS ROOIKAT,,GRAND RAPIDS CHRISTIAN HIGH SCHOOL,Grand Rapids,Michigan,United States,1,VEX V5 Robotics Competition,High School
130592,63600F,GRCHS Spectral Robo Electrical Puppies,,GRAND RAPIDS CHRISTIAN MIDDLE SCHOOL,Grand Rapids,Michigan,United States,1,VEX V5 Robotics Competition,High School
175010,63600H,GRCHS Horizon,,GRAND RAPIDS CHRISTIAN,Grand Rapids,Michigan,United States,1,VEX V5 Robotics Competition,High School
147530,65810A,HCH Bulldogs 1,,HANCOCK MIDDLEHIGH SCHOOL,Hancock,Michigan,United States,1,VEX V5 Robotics Competition,High School
123800,74485B,Perpetual,,BENZIE CENTRAL SR HIGH SCHOOL,Benzonia,Michigan,United States,1,VEX V5 Robotics Competition,High School
71968,96715A,Crystal Bride,Emily,BAD AXE HIGH SCHOOL,Bad Axe,Michigan,United States,1,VEX V5 Robotics Competition,High School
97726,96715C,Zip Ties Technicians,Y,BAD AXE HIGH SCHOOL,Bad Axe,Michigan,United States,1,VEX V5 Robotics Competition,High School
71355,96959A,File Not Found,File Not Found,PORTAGE NORTHERN HIGH SCHOOL,Portage,Michigan,United States,1,VEX V5 Robotics Competition,High School
70567,98271A,High Rise Invasion,High Rise Invasion,Caledonia High School,Caledonia,Michigan,United States,1,VEX V5 Robotics Competition,High School
73985,98271C,We Wanted A Flamethrower,,Caledonia High School,Caledonia,Michigan,United States,1,VEX V5 Robotics Competition,High School
64316,98725B,Falcon,98725B,ROCHESTER Hills Christian School,Rochester Hills,Michigan,United States,1,VEX V5 Robotics Competition,High School
160640,210K,Kawaii Kittens,Western Mechatronics,Western Mechatronics Robotics Club,Calgary,Alberta,Canada,1,VEX V5 Robotics Competition,High School
139531,210Z,Eclipse,Western Mechatronics,Western Mechatronics Robotics Club,Calgary,Alberta,Canada,1,VEX V5 Robotics Competition,High School
51145,221A,Titans,Wall-E,Westwood Community High School,Fort Mcmurray,Alberta,Canada,1,VEX V5 Robotics Competition,High School
51146,221B,Brew,Botspresso,Westwood Community High School,Fort Mcmurray,Alberta,Canada,1,VEX V5 Robotics Competition,High School
45535,221E,D0FFY,Joker,Westwood Community High School,Fort Mcmurray,Alberta,Canada,1,VEX V5 Robotics Competition,High School
45538,221S,Shanks,Emperor,Westwood Community High School,Fort Mcmurray,Alberta,Canada,1,VEX V5 Robotics Competition,High School
44764,221W,Spin2Win,Topper,Westwood Community High School,Fort Mcmurray,Alberta,Canada,1,VEX V5 Robotics Competition,High School
143427,221X,Rocket,Pikachu,Westwood Community High School,Fort Mcmurray,Alberta,Canada,1,VEX V5 Robotics Competition,High School
143429,221Z,Tech Support,J.P.,Westwood Community High School,Fort Mcmurray,Alberta,Canada,1,VEX V5 Robotics Competition,High School
143220,2088A,Athena,Western Mechatronics,Western Mechatronics Robotics Club,Calgary,Alberta,Canada,1,VEX V5 Robotics Competition,High School
161746,2088G,Gold,Midas,Western Mechatronics Robotics Club,Calgary,Alberta,Canada,1,VEX V5 Robotics Competition,High School
138256,3300A,Ctrl+Alt+Defeat,,Western Canada High School,Calgary,Alberta,Canada,1,VEX V5 Robotics Competition,High School
138255,3300C,Embrace the Void,,Western Canada High School,Calgary,Alberta,Canada,1,VEX V5 Robotics Competition,High School
150186,3300E,Five Cheese Cakes,,Western Canada High School,Calgary,Alberta,Canada,1,VEX V5 Robotics Competition,High School
76682,3388A,Aries,,Sir Winston Churchill High School,Calgary,Alberta,Canada,1,VEX V5 Robotics Competition,High School
89930,3388C,Cortisol,,Sir Winston Churchill High School,Calgary,Alberta,Canada,1,VEX V5 Robotics Competition,High School
90547,3388E,Don’t stop me now,SIMPLICITY,Sir Winston Churchill High School,Calgary,Alberta,Canada,1,VEX V5 Robotics Competition,High School
104948,3388H,Hyperion,Hyperion,Sir Winston Churchill High School,Calgary,Alberta,Canada,1,VEX V5 Robotics Competition,High School
138294,3388K,Khepri,Khufu,Sir Winston Churchill High School,Calgary,Alberta,Canada,1,VEX V5 Robotics Competition,High School
151661,3388N,Nova,,Sir Winston Churchill High School,Calgary,Alberta,Canada,1,VEX V5 Robotics Competition,High School
76683,3388S,Spirit,,Sir Winston Churchill High School,Calgary,Alberta,Canada,1,VEX V5 Robotics Competition,High School
138293,3388Z,Zealots,,Sir Winston Churchill High School,Calgary,Alberta,Canada,1,VEX V5 Robotics Competition,High School
36730,5760A,Bakery,,Father Patrick Mercredi Community High School,Fort Mcmurray,Alberta,Canada,1,VEX V5 Robotics Competition,High School
36742,5760E,Dihydrogen Monoxide,,Father Patrick Mercredi Community High School,Fort Mcmurray,Alberta,Canada,1,VEX V5 Robotics Competition,High School
36745,5760F,Pi Factory,,Father Patrick Mercredi School,Fort Mcmurray,Alberta,Canada,1,VEX V5 Robotics Competition,High School
93037,9409X,Serbia,9409X,Archbishop Jordan Catholic High School,Sherwood Park,Alberta,Canada,1,VEX V5 Robotics Competition,High School
93038,9409Y,The Rat Lovers,9409Y,Archbishop Jordan Catholic High School,Sherwood Park,Alberta,Canada,1,VEX V5 Robotics Competition,High School
93040,9409Z,Rasputin,9409Z,Archbishop Jordan Catholic High School,Sherwood Park,Alberta,Canada,1,VEX V5 Robotics Competition,High School
162415,45519A,Apogee,Apogee,STEM Innovation Academy,Calgary,Alberta,Canada,1,VEX V5 Robotics Competition,High School
162416,45519B,Hammerhead,Hammerhead,STEM Innovation Academy,Calgary,Alberta,Canada,1,VEX V5 Robotics Competition,High School
162417,45519C,NPC.exe,NPC.exe,STEM Innovation Academy,Calgary,Alberta,Canada,1,VEX V5 Robotics Competition,High School
162418,45519D,Dueterium,STEM Innovation Academy,STEM Innovation Academy,Calgary,Alberta,Canada,1,VEX V5 Robotics Competition,High School
177582,45519E,Ctrl Z,Ctrl Z,STEM Innovation Academy,Calgary,Alberta,Canada,1,VEX V5 Robotics Competition,High School
177583,45519F,the r00kies,the r00kies,STEM Innovation Academy,Calgary,Alberta,Canada,1,VEX V5 Robotics Competition,High School
177585,45519H,Trust The Design,The Design,STEM Innovation Academy,Calgary,Alberta,Canada,1,VEX V5 Robotics Competition,High School
115928,86744B,Nathabasca,,Fort McMurray Public School Division,Fort Mcmurray,Alberta,Canada,1,VEX V5 Robotics Competition,High School
64246,99197A,Grilled Cheese,,Bowness High School,Calgary,Alberta,Canada,1,VEX V5 Robotics Competition,High School
135783,99197S,At least we tried,,Bowness High School,Calgary,Alberta,Canada,1,VEX V5 Robotics Competition,High School
149540,99197T,Dumpster Fire,Dumpsta fire,Bowness High School,Calgary,Alberta,Canada,1,VEX V5 Robotics Competition,High School
102430,99197W,Stress Test,,Bowness High School,Calgary,Alberta,Canada,1,VEX V5 Robotics Competition,High School
45541,221T,Towering Oreos,T-Bot,Westwood Community High School,Fort Mcmurray,Alberta,Canada,1,VEX V5 Robotics Competition,Middle School
148933,2088B,Borealis,Team 1,Western Mechatronics Robotics Club,Calgary,Alberta,Canada,1,VEX V5 Robotics Competition,Middle School
122699,2088E,Eellogofusciouhipoppokunurious,Concerning,Western Mechatronics Robotics Club,Calgary,Alberta,Canada,1,VEX V5 Robotics Competition,Middle School
148104,2088H,Boopleanoot,Team 1,Western Mechatronics Robotics Club,Calgary,Alberta,Canada,1,VEX V5 Robotics Competition,Middle School
122700,2088W,Strata,Team 1,Western Mechatronics Robotics Club,Calgary,Alberta,Canada,1,VEX V5 Robotics Competition,Middle School
122698,2088X,Loaf of Bread,Western Mechatronics,Western Mechatronics Robotics Club,Calgary,Alberta,Canada,1,VEX V5 Robotics Competition,Middle School
127425,2088Z,Raptus Regaliter,Team 1,Western Mechatronics,Calgary,Alberta,Canada,1,VEX V5 Robotics Competition,Middle School
36748,5760G,Boom or Doom,,Father Patrick Mercredi Community High School,Fort Mcmurray,Alberta,Canada,1,VEX V5 Robotics Competition,Middle School
114837,5760H,RoboFalcon,RoboFalcon,Father Patrick Mercredi Community High School,Fort Mcmurray,Alberta,Canada,1,VEX V5 Robotics Competition,Middle School
3376,1383A,VictoryBots,,VICTORY LAKES INT,League City,Texas,United States,1,VEX V5 Robotics Competition,Middle School
8827,1383B,VictoryBots,,VICTORY LAKES INT,League City,Texas,United States,1,VEX V5 Robotics Competition,Middle School
12091,1434A,Ecliptic Cardinals,,SPACE CENTER INT,Houston,Texas,United States,1,VEX V5 Robotics Competition,Middle School
13414,2368A,RoboKnights,,BAYSIDE INT,League City,Texas,United States,1,VEX V5 Robotics Competition,Middle School
24607,4727A,Ying Yang,Axle,BROOKSIDE INT,Friendswood,Texas,United States,1,VEX V5 Robotics Competition,Middle School
29149,2208C,Colegio San Jose,Conqui-bots,Colegio San Jose,San Juan,,Puerto Rico,1,VEX V5 Robotics Competition,High School
163622,2208H,Colegio San Jose,,Colegio San Jose,San Juan,,Puerto Rico,1,VEX V5 Robotics Competition,Middle School
6401,2226A,Jose E. Aponte de la Torre,,Jose E. Aponte de la Torre,Carolina,,Puerto Rico,1,VEX V5 Robotics Competition,High School
6481,2240A,Colegio Católico Notre Dame,,Colegio Catolico Notre Dame,Caguas,,Puerto Rico,1,VEX V5 Robotics Competition,High School
164660,2240W,Colegio Católico Notre Dame,,COLEGIO CATOLICO NOTER DAME,Caguas,,Puerto Rico,1,VEX V5 Robotics Competition,High School
174493,2240Y,Colegio Católico Notre Dame,,Colegio Catolico Notre Dame,Caguas,,Puerto Rico,1,VEX V5 Robotics Competition,High School
137292,2242A,Raptor Robotics,BLAZE,Municipio de Salinas,Salinas,,Puerto Rico,1,VEX V5 Robotics Competition,High School
146436,2242C,Flightfish Robotics,,Municipio de Salinas,Salinas,,Puerto Rico,1,VEX V5 Robotics Competition,High School
150315,2252R,CIMATEC,,CIMATEC,Caguas,,Puerto Rico,1,VEX V5 Robotics Competition,High School
164126,2252W,CIMATEC,,CIMATEC,Caguas,,Puerto Rico,1,VEX V5 Robotics Competition,High School
149634,2252Y,CIMATEC,,CIMATEC,Caguas,,Puerto Rico,1,VEX V5 Robotics Competition,High School
179397,2263W,Dragon Warriors,,Hogar Colegio La Milagrosa,Arecibo,,Puerto Rico,1,VEX V5 Robotics Competition,High School
102434,2269A,TECHNOEAGLES,Krispy,Colegio Santa Gema,Carolina,,Puerto Rico,1,VEX V5 Robotics Competition,High School
29134,2270A,StellarNova,Aurora,Dr. Pedro Albizu Campos Specialized in Sci and Mat (Thomas Armstrong Toro),Ponce,,Puerto Rico,1,VEX V5 Robotics Competition,High School
163493,2290Z,Eagle's Descendants,Spider-Bot,Colegio Adianez,Guaynabo,,Puerto Rico,1,VEX V5 Robotics Competition,High School
26254,3887E,FCS Paladins 3887E,,FELLOWSHIP CHRISTIAN SCHOOL,Roswell,Georgia,United States,1,VEX V5 Robotics Competition,Middle School
142017,3184A,Stratos,,SULPHUR HIGH SCHOOL,Sulphur,Louisiana,United States,1,VEX V5 Robotics Competition,High School
142018,3184B,Annihila-TORS,,SULPHUR HIGH SCHOOL,Sulphur,Louisiana,United States,1,VEX V5 Robotics Competition,High School
51381,5884A,Ship Of Theseus,Theseus's Armada,Liberty Magnet School,Baton Rouge,Louisiana,United States,1,VEX V5 Robotics Competition,High School
91850,5884B,Error 404: Not Found,Error 418: I’m a teapot,Liberty Magnet School,Baton Rouge,Louisiana,United States,1,VEX V5 Robotics Competition,High School
98720,5884C,Crimson Knights,Kraken,Liberty Magnet School,Baton Rouge,Louisiana,United States,1,VEX V5 Robotics Competition,High School
116170,5884D,Atlas,The Argo,Liberty Magnet High School,Baton Rouge,Louisiana,United States,1,VEX V5 Robotics Competition,High School
173426,5884G,Vapor,Mylo,Liberty Magnet High School,Baton Rouge,Louisiana,United States,1,VEX V5 Robotics Competition,High School
56111,8892A,The Vidreams,,Delhi Charter School,Delhi,Louisiana,United States,1,VEX V5 Robotics Competition,High School
171290,8892R,The Oreos,,DELHI CHARTER SCHOOL,Delhi,Louisiana,United States,1,VEX V5 Robotics Competition,High School
91729,12878A,Lioneers,,PINEVILLE HIGH SCHOOL,Pineville,Louisiana,United States,1,VEX V5 Robotics Competition,High School
173682,13017A,Event Horizon,,TECH Robotics,Bush,Louisiana,United States,1,VEX V5 Robotics Competition,High School
144186,22023A,Krispy Kremers,,Bulldog Bytes - Springfield High,Springfield,Louisiana,United States,1,VEX V5 Robotics Competition,High School
147921,22023B,"Half Dozen, Glazed",,Bulldog Bytes - Springfield High,Springfield,Louisiana,United States,1,VEX V5 Robotics Competition,High School
153288,22023C,Jo’s BBQ Foot Massage,,Bulldog Bytes - Springfield High,Springfield,Louisiana,United States,1,VEX V5 Robotics Competition,High School
153289,22023D,Miscalculat∑d,,Bulldog Bytes - Springfield High,Springfield,Louisiana,United States,1,VEX V5 Robotics Competition,High School
174012,31102B,Rusty Wrenches,,Louisiana Christian Univesity,Pineville,Louisiana,United States,1,VEX V5 Robotics Competition,High School
144543,33750A,★★★★★ Bismuthical Atoms,Quasar,Coleman Youth Development Academy,Lake Charles,Louisiana,United States,1,VEX V5 Robotics Competition,High School
131612,43146B,Buccaneers,,ALFRED M. BARBE HIGH SCHOOL,Lake Charles,Louisiana,United States,1,VEX V5 Robotics Competition,High School
156580,43146C,C-Dawgs,,ALFRED M. BARBE HIGH SCHOOL,Lake Charles,Louisiana,United States,1,VEX V5 Robotics Competition,High School
170623,43146K,Kraken,Ray,ALFRED M. BARBE HIGH SCHOOL,Lake Charles,Louisiana,United States,1,VEX V5 Robotics Competition,High School
170624,43146S,ShipWreck,,ALFRED M. BARBE HIGH SCHOOL,Lake Charles,Louisiana,United States,1,VEX V5 Robotics Competition,High School
120350,51548A,Apollo,R.A.S.C.A.L,Covington High Lion-Bots,Covington,Louisiana,United States,1,VEX V5 Robotics Competition,High School
135590,51548B,Master of Puppets,Puppet,Covington High Lion-Bots,Covington,Louisiana,United States,1,VEX V5 Robotics Competition,High School
174638,52028A,Saints,The Lou,ST LOUIS CATHOLIC HIGH SCHOOL,Lake Charles,Louisiana,United States,1,VEX V5 Robotics Competition,High School
100877,53073A,Bolt Bandits,Princess Juno,NORTHWEST HIGH SCHOOL,Opelousas,Louisiana,United States,1,VEX V5 Robotics Competition,High School
156792,53073D,No Strings Attached,____,NORTHWEST HIGH SCHOOL,Opelousas,Louisiana,United States,1,VEX V5 Robotics Competition,High School
91869,53073N,The Jawas,Savatar,Northwest High School,Opelousas,Louisiana,United States,1,VEX V5 Robotics Competition,High School
147982,55755A,Zenith Eclipse,Eclipse,WOODLAWN HIGH SCHOOL,Baton Rouge,Louisiana,United States,1,VEX V5 Robotics Competition,High School
153795,60713A,Cyber Chips,GooseBot 9000,ARCHBISHOP CHAPELLE HIGH SCHOOL,Metairie,Louisiana,United States,1,VEX V5 Robotics Competition,High School
173499,67400A,Robo Rebels,Rocky,PEARL RIVER HIGH SCHOOL,Pearl River,Louisiana,United States,1,VEX V5 Robotics Competition,High School
114100,69403A,Atlus,,VINTON HIGH SCHOOL,Vinton,Louisiana,United States,1,VEX V5 Robotics Competition,High School
157683,69403Z,Adam Sandler,,VINTON HIGH SCHOOL,Vinton,Louisiana,United States,1,VEX V5 Robotics Competition,High School
133371,71909R,TESLA MODEL R,TESLA MODEL R,Baton Rouge Magnet High School,Baton Rouge,Louisiana,United States,1,VEX V5 Robotics Competition,High School
127087,71909S,Red Bull Racing,Red Bull Racing,Baton Rouge Magnet High School,Baton Rouge,Louisiana,United States,1,VEX V5 Robotics Competition,High School
119956,71909X,TESLA MODEL X,TESLA MODEL X,Baton Rouge Magnet High School,Baton Rouge,Louisiana,United States,1,VEX V5 Robotics Competition,High School
117122,71909Z,TESLA MODEL 3,TESLA MODEL 3,Baton Rouge Magnet High School,Baton Rouge,Louisiana,United States,1,VEX V5 Robotics Competition,High School
87712,97070C,High-C,,HAYNES ACADEMY SCHOOL FOR ADVANCED STUDIES,Metairie,Louisiana,United States,1,VEX V5 Robotics Competition,High School
142440,97070D,Pubert Model 3,,HAYNES ACADEMY SCHOOL FOR ADVANCED STUDIES,Metairie,Louisiana,United States,1,VEX V5 Robotics Competition,High School
142442,97070F,RoboJackets,,HAYNES ACADEMY SCHOOL FOR ADVANCED STUDIES,Metairie,Louisiana,United States,1,VEX V5 Robotics Competition,High School
142443,97070G,IHOP,Banana Pancakes,HAYNES ACADEMY SCHOOL FOR ADVANCED STUDIES,Metairie,Louisiana,United States,1,VEX V5 Robotics Competition,High School
107635,74177A,ACE,,PINECREST ACADEMY OF NEVADA SLOAN CANYON,Henderson,Nevada,United States,1,VEX V5 Robotics Competition,Middle School
61,817A,Sparticles: Panoptic,Sparticles:  Panoptic,EAST LONGMEADOW HIGH,East Longmeadow,Massachusetts,United States,1,VEX V5 Robotics Competition,High School
139095,1357X,Radiance,Bronny James Jr.,Prime Robotics,Bedford,Massachusetts,United States,1,VEX V5 Robotics Competition,High School
87708,1898A,Olympus,,MILTON ACADEMY,Milton,Massachusetts,United States,1,VEX V5 Robotics Competition,High School
87709,1898R,Duct Tape and Dreams,Adler,MILTON ACADEMY,Milton,Massachusetts,United States,1,VEX V5 Robotics Competition,High School
116651,1898S,STAMPEDE,,MILTON ACADEMY,Milton,Massachusetts,United States,1,VEX V5 Robotics Competition,High School
133948,1898Z,Tiny Hammer,Tiny Hammer,MILTON ACADEMY,Milton,Massachusetts,United States,1,VEX V5 Robotics Competition,High School
138907,2008A,RAZEM,Phil The 4rd,RAZEM Robotics,Southwick,Massachusetts,United States,1,VEX V5 Robotics Competition,High School
37729,2442A,Bancroft Robodogs A,,BANCROFT SCHOOL,Worcester,Massachusetts,United States,1,VEX V5 Robotics Competition,High School
171636,2442X,Bancroft Robodogs X,,Bancroft School,Worcester,Massachusetts,United States,1,VEX V5 Robotics Competition,High School
73754,2602E,Hopkinetics Entropy,Hach_V2,HOPKINTON HIGH,Hopkinton,Massachusetts,United States,1,VEX V5 Robotics Competition,High School
86031,2602H,Hopkinetics Hurricane,Harry,HOPKINTON HIGH,Hopkinton,Massachusetts,United States,1,VEX V5 Robotics Competition,High School
101054,2602K,Hopkinetics KryptoKnights,KryptoKnights,HOPKINTON HIGH,Hopkinton,Massachusetts,United States,1,VEX V5 Robotics Competition,High School
3086,2606C,Crusher,,SOUTH HIGH COMMUNITY,Worcester,Massachusetts,United States,1,VEX V5 Robotics Competition,High School
3096,2606E,Torschlusspanik,,SOUTH HIGH COMMUNITY,Worcester,Massachusetts,United States,1,VEX V5 Robotics Competition,High School
106443,2664A,Optimus Prime,Optimus Prime,Dolphin Robotics,South Yarmouth,Massachusetts,United States,1,VEX V5 Robotics Competition,High School
153835,4024V,Void,generic lady brown #2487,Void Robotics,Lexington,Massachusetts,United States,1,VEX V5 Robotics Competition,High School
28732,4716A,Pegasus A,Pegasus A,PINGREE SCHOOL,S. Hamilton,Massachusetts,United States,1,VEX V5 Robotics Competition,High School
50984,4716C,Pegasus C,Pegasus C,PINGREE SCHOOL,S. Hamilton,Massachusetts,United States,1,VEX V5 Robotics Competition,High School
18625,4898A,Pioneer Flamingos,,EAGLE HILL SCHOOL,Hardwick,Massachusetts,United States,1,VEX V5 Robotics Competition,High School
50996,5313B,Robo Rebels,,SHAWSHEEN VALLEY VOCATIONAL TECHNICAL HIGH SCHOOL,Billerica,Massachusetts,United States,1,VEX V5 Robotics Competition,High School
131775,5313D,Robo Raiders,,SHAWSHEEN VALLEY VOCATIONAL TECHNICAL HIGH SCHOOL,Billerica,Massachusetts,United States,1,VEX V5 Robotics Competition,High School
58826,8568A,od,AD,NORTH ANDOVER HIGH,North Andover,Massachusetts,United States,1,VEX V5 Robotics Competition,High School
59027,8568C,The Cowboys,The Donkey,NORTH ANDOVER HIGH,North Andover,Massachusetts,United States,1,VEX V5 Robotics Competition,High School
59030,8568F,Fahrenheit,Kelvin,NORTH ANDOVER HIGH,North Andover,Massachusetts,United States,1,VEX V5 Robotics Competition,High School
153219,8889A,99%,Big Bot Chungus,Numberosity Academy,Lexington,Massachusetts,United States,1,VEX V5 Robotics Competition,High School
170001,8889B,Blackjack,miku miku ooo eee ooo,Numberosity Academy,Lexington,Massachusetts,United States,1,VEX V5 Robotics Competition,High School
182034,8889S,shh......,,Numberosity Academy,Lexington,Massachusetts,United States,1,VEX V5 Robotics Competition,High School
172828,8889X,soar.,PHOENIX,Numberosity Academy,Lexington,Massachusetts,United States,1,VEX V5 Robotics Competition,High School
63496,9228A,Mecha Eagles,,ST JOHNS PREPARATORY SCHOOL,Danvers,Massachusetts,United States,1,VEX V5 Robotics Competition,High School
63497,9228B,Mecha Eagles,,ST JOHNS PREPARATORY SCHOOL,Danvers,Massachusetts,United States,1,VEX V5 Robotics Competition,High School
87519,9228C,Mecha Eagles,,ST JOHNS PREPARATORY SCHOOL,Danvers,Massachusetts,United States,1,VEX V5 Robotics Competition,High School
101799,9228D,Mecha Eagles,,ST JOHNS PREPARATORY SCHOOL,Danvers,Massachusetts,United States,1,VEX V5 Robotics Competition,High School
175914,9421A,All In,,Framingham High School,Framingham,Massachusetts,United States,1,VEX V5 Robotics Competition,High School
134298,9421H,Hot Sauce,,Framingham High School,Framingham,Massachusetts,United States,1,VEX V5 Robotics Competition,High School
114468,9421M,MechaMinds,Titan,Framingham High School,Framingham,Massachusetts,United States,1,VEX V5 Robotics Competition,High School
76879,9421W,Wicked Smaht,Will,Framingham High School,Framingham,Massachusetts,United States,1,VEX V5 Robotics Competition,High School
101140,10102A,[Vinci] Vinsanity,,iSTEAM Academy,Burlington,Massachusetts,United States,1,VEX V5 Robotics Competition,High School
149282,10102C,[Vinci] Canopy,Carry,iSTEAM Academy,Burlington,Massachusetts,United States,1,VEX V5 Robotics Competition,High School
101096,10102X,[Vinci] Xypher,X,iSTEAM Academy,Burlington,Massachusetts,United States,1,VEX V5 Robotics Competition,High School
134643,10190S,Jank Inc.,Alpha,Town of Stoneham,Stoneham,Massachusetts,United States,1,VEX V5 Robotics Competition,High School
107334,15797A,Monka Mechanics,xook,Lexington High School,Lexington,Massachusetts,United States,1,VEX V5 Robotics Competition,High School
133856,18884G,Groton Zebras,Ham,GROTON SCHOOL,Groton,Massachusetts,United States,1,VEX V5 Robotics Competition,High School
120790,20203Z,Robo Turtle,Robo Turtle,Robo Turtle,North Andover,Massachusetts,United States,1,VEX V5 Robotics Competition,High School
180391,24218A,Stoneham Robotics,Bennefer,STONEHAM HIGH,Stoneham,Massachusetts,United States,1,VEX V5 Robotics Competition,High School
149367,25600V,Mendy,,The Roxbury Latin School,West Roxbury,Massachusetts,United States,1,VEX V5 Robotics Competition,High School
149366,25600W,Fortunate Son,,The Roxbury Latin School,West Roxbury,Massachusetts,United States,1,VEX V5 Robotics Competition,High School
79349,25600X,Latin X,,THE ROXBURY LATIN SCHOOL,West Roxbury,Massachusetts,United States,1,VEX V5 Robotics Competition,High School
112643,25600Y,Blackbird,,THE ROXBURY LATIN SCHOOL,West Roxbury,Massachusetts,United States,1,VEX V5 Robotics Competition,High School
133493,35075B,[BHr] Jack the Gripper,,BELMONT HILL SCHOOL,Belmont,Massachusetts,United States,1,VEX V5 Robotics Competition,High School
171256,35075X,[BHr] Big Blue,,BELMONT HILL SCHOOL,Belmont,Massachusetts,United States,1,VEX V5 Robotics Competition,High School
134581,43440X,X^2,,MARLBOROUGH HIGH,Marlborough,Massachusetts,United States,1,VEX V5 Robotics Competition,High School
83006,58566A,Onyx,,GRAFTON HIGH SCHOOL,Grafton,Massachusetts,United States,1,VEX V5 Robotics Competition,High School
143861,63264A,Clockwork Mermaids,,Commonwealth School,Boston,Massachusetts,United States,1,VEX V5 Robotics Competition,High School
93547,63857B,The Avaders,Invader,Mashpee High School,Mashpee,Massachusetts,United States,1,VEX V5 Robotics Competition,High School
106340,63857D,Out for Delivery,,Mashpee High School,Mashpee,Massachusetts,United States,1,VEX V5 Robotics Competition,High School
133866,66659A,Vexington,Frank Da Tank,Lexington High School,Lexington,Massachusetts,United States,1,VEX V5 Robotics Competition,High School
143053,83149A,Apollo 13.1,,Northfield Mount Hermon School,Mount Hermon,Massachusetts,United States,1,VEX V5 Robotics Competition,High School
143055,83149B,Babylon,Brian Bot,Northfield Mount Hermon School,Mount Hermon,Massachusetts,United States,1,VEX V5 Robotics Competition,High School
143056,83149C,Millennium,,Northfield Mount Hermon School,Mount Hermon,Massachusetts,United States,1,VEX V5 Robotics Competition,High School
143057,83149D,Wall-E,,Northfield Mount Hermon School,Mount Hermon,Massachusetts,United States,1,VEX V5 Robotics Competition,High School
163213,92973A,Prototype,,Cape Cod Tech,Harwich,Massachusetts,United States,1,VEX V5 Robotics Competition,High School
176185,92973B,SlipGear,SlipBot,Cape Cod Tech,Harwich,Massachusetts,United States,1,VEX V5 Robotics Competition,High School
104404,94802A,Thunderhead,Zeus,Nauset Regional High School,Orleans,Massachusetts,United States,1,VEX V5 Robotics Competition,High School
136749,94802F,FrostByte,Kevin,Nauset Regional High School,Orleans,Massachusetts,United States,1,VEX V5 Robotics Competition,High School
175245,99125Z,Boston Ruiguan,,BostonRuiguan,Groton,Massachusetts,United States,1,VEX V5 Robotics Competition,High School
180831,1425A,RQ - Sharjah 11,RQ - Sharjah 11,RQ Science & Technology - Khorfakkan,Khorfakkan,,United Arab Emirates,1,VEX V5 Robotics Competition,High School
180832,1425B,RQ - Sharjah 12,RQ - Sharjah 12,RQ Science & Technology - Khorfakkan,Khorfakkan,,United Arab Emirates,1,VEX V5 Robotics Competition,High School
180833,1425C,RQ - Sharjah 1,RQ - Sharjah 1,RQ Science & Technology - Khorfakkan,Khorfakkan,,United Arab Emirates,1,VEX V5 Robotics Competition,High School
180834,1425D,RQ - Sharjah 2,RQ - Sharjah 2,RQ Science & Technology - Khorfakkan,Khorfakkan,,United Arab Emirates,1,VEX V5 Robotics Competition,High School
180845,1438A,RQ - Sharjah 5,RQ - Sharjah 5,RQ Science & Technology - Kalba,Kalba,,United Arab Emirates,1,VEX V5 Robotics Competition,High School
180846,1438B,RQ - Sharjah 6,RQ - Sharjah 6,RQ Science & Technology - Kalba,Kalba,,United Arab Emirates,1,VEX V5 Robotics Competition,High School
180847,1438C,RQ - Sharjah 9,RQ - Sharjah 9,RQ Science & Technology - Kalba,Kalba,,United Arab Emirates,1,VEX V5 Robotics Competition,High School
150946,2071A,RQ - Sharjah 3,RQ - Sharjah 3,RQ Science & Technology - Sharjah,Sharjah,,United Arab Emirates,1,VEX V5 Robotics Competition,High School
150947,2071B,RQ - Sharjah 4,RQ - Sharjah 4,RQ Science & Technology - Sharjah,Sharjah,,United Arab Emirates,1,VEX V5 Robotics Competition,High School
150948,2071C,RQ - Sharjah 7,RQ - Sharjah 7,RQ Science & Technology - Sharjah,Sharjah,,United Arab Emirates,1,VEX V5 Robotics Competition,High School
150949,2071D,RQ - Sharjah 8,RQ - Sharjah 8,RQ Science & Technology - Sharjah,Sharjah,,United Arab Emirates,1,VEX V5 Robotics Competition,High School
164921,2071E,RQ - Sharjah 10,RQ - Sharjah 10,RQ Science & Technology - Sharjah,Sharjah,,United Arab Emirates,1,VEX V5 Robotics Competition,High School
182636,52676A,Tech Titans,,Brainy n Bright Professional & Management Development Training,Dubai,,United Arab Emirates,1,VEX V5 Robotics Competition,High School
91565,90736A,VEX CELENT,EDR,Emirates Science Club,Dubai,,United Arab Emirates,1,VEX V5 Robotics Competition,High School
103517,90736B,Intelligent Brain,EDR,Emirates Science Club,Dubai,,United Arab Emirates,1,VEX V5 Robotics Competition,High School
151207,90736C,Nylock,Nylock,Emirates Science Club,Dubai,,United Arab Emirates,1,VEX V5 Robotics Competition,Middle School
139521,229V,ACE Robotics,Ace of Clubs,ACE Robotics,Tavares,Florida,United States,1,VEX V5 Robotics Competition,High School
169653,229X,GALACTIC,Calypso,ACE Robotics,Tavares,Florida,United States,1,VEX V5 Robotics Competition,High School
160838,301S,THE SPADES,,TAVARES HIGH SCHOOL,Tavares,Florida,United States,1,VEX V5 Robotics Competition,High School
32578,550A,Aerosmith,A,APOPKA HIGH,Apopka,Florida,United States,1,VEX V5 Robotics Competition,High School
57494,550G,Goofy Goobers,G,APOPKA HIGH,Apopka,Florida,United States,1,VEX V5 Robotics Competition,High School
141557,550J,Jolly Ranchers,550 J,APOPKA HIGH,Apopka,Florida,United States,1,VEX V5 Robotics Competition,High School
86201,550X,XAWG,,APOPKA HIGH,Apopka,Florida,United States,1,VEX V5 Robotics Competition,High School
113347,727G,Terrapin Gold,,TAMPA PREPARATORY SCHOOL,Tampa,Florida,United States,1,VEX V5 Robotics Competition,High School
113346,727R,Whole Lotta Red,Metal Problems v4.0,Tampa Preparatory School,Tampa,Florida,United States,1,VEX V5 Robotics Competition,High School
107109,1551X,RedOut Robotics,Unknown,Suncoast Polytechnical High School,Sarasota,Florida,United States,1,VEX V5 Robotics Competition,High School
169738,1643S,Shadow Tech,,Shadow Tech Robotics,Montverde,Florida,United States,1,VEX V5 Robotics Competition,High School
70328,2672C,LED Robotics C,Peterbot,WENDELL KRINN TECHNICAL HIGH SCHOOL,New Port Richey,Florida,United States,1,VEX V5 Robotics Competition,High School
86609,3131V,Drumroll Please,,EASTSIDE HIGH SCHOOL,Gainesville,Florida,United States,1,VEX V5 Robotics Competition,High School
51600,5956A,Bangarang,,TIMBER CREEK HIGH,Orlando,Florida,United States,1,VEX V5 Robotics Competition,High School
51601,5956B,Bangarang,Milo,Timber Creek High School,Orlando,Florida,United States,1,VEX V5 Robotics Competition,High School
70511,5956C,Bangarang,,TIMBER CREEK HIGH,Orlando,Florida,United States,1,VEX V5 Robotics Competition,High School
110230,5956D,Bangarang,,Timber Creek High School,Orlando,Florida,United States,1,VEX V5 Robotics Competition,High School
110232,5956F,Bangarang,,TIMBER CREEK HIGH,Orlando,Florida,United States,1,VEX V5 Robotics Competition,High School
83165,5956G,Bangarang,,TIMBER CREEK HIGH,Orlando,Florida,United States,1,VEX V5 Robotics Competition,High School
172067,5956X,Bangarang,,TIMBER CREEK HIGH,Orlando,Florida,United States,1,VEX V5 Robotics Competition,High School
143263,6104G,Tempest,Jett,Shorecrest Preparatory School,St Petersberg,Florida,United States,1,VEX V5 Robotics Competition,High School
154054,10278A,APEX,,Horizon West Robotics,Winter Garden,Florida,United States,1,VEX V5 Robotics Competition,High School
153324,11981C,Cratos,Cratos,STEINBRENNER HIGH SCHOOL,Lutz,Florida,United States,1,VEX V5 Robotics Competition,High School
172179,13722A,Green House,,The Frazer School,Gainesville,Florida,United States,1,VEX V5 Robotics Competition,High School
172180,13722B,Invictus,,The Frazer School,Gainesville,Florida,United States,1,VEX V5 Robotics Competition,High School
139859,14012N,The M.E.N.,,PINECREST LAKES MIDDLE/HIGH ACADEMY,Clermont,Florida,United States,1,VEX V5 Robotics Competition,High School
97188,19122B,Metal-Heads,Donut Machine,MONTVERDE ACADEMY,Montverde,Florida,United States,1,VEX V5 Robotics Competition,High School
145540,30722A,Nat20,The Typhoon,GAINESVILLE HIGH SCHOOL,Gainesville,Florida,United States,1,VEX V5 Robotics Competition,High School
105535,32792B,COGNEX,Goon,Winter Park High School,Winter Park,Florida,United States,1,VEX V5 Robotics Competition,High School
168641,37371A,River Robotics,Randy,BRADEN RIVER HIGH SCHOOL,Bradenton,Florida,United States,1,VEX V5 Robotics Competition,High School
74193,49759A,Lynx Rufus,,Buchholz High School,Gainesville,Florida,United States,1,VEX V5 Robotics Competition,High School
162321,66757D,NeoC Jesters,,NEOCITY ACADEMY,Kissimmee,Florida,United States,1,VEX V5 Robotics Competition,High School
141643,66954A,Circuit Girls,,Circuit Girls Robotics,St Johns,Florida,United States,1,VEX V5 Robotics Competition,High School
140914,70649V,Thriller,The Thriller,PROFESSIONAL ACADEMY MAGNET AT LOFTEN HIGH SCHOOL,Gainesville,Florida,United States,1,VEX V5 Robotics Competition,High School
140915,70649W,The Unlunchables,OurSmallGuy,PROFESSIONAL ACADEMY MAGNET AT LOFTEN HIGH SCHOOL,Gainesville,Florida,United States,1,VEX V5 Robotics Competition,High School
102499,70761S,Robot Shark Do Do Do Do Do Do,Robot Shark Do Do Do Do Do Do,Ponte Vedra High School,Ponte Vedra,Florida,United States,1,VEX V5 Robotics Competition,High School
121781,33848C,Gryffindor,Lumos,Catholic High School,New Iberia,Louisiana,United States,1,VEX V5 Robotics Competition,Middle School
139624,33848Z,Coffee Chaos,Mr. Coffee,Catholic High School,New Iberia,Louisiana,United States,1,VEX V5 Robotics Competition,Middle School
141354,119A,Inflection,,ST BERNARD SCHOOL,Uncasville,Connecticut,United States,1,VEX V5 Robotics Competition,High School
143228,119B,BOTMAN,,ST BERNARD SCHOOL,Uncasville,Connecticut,United States,1,VEX V5 Robotics Competition,High School
180035,119P,Polarity,,ST BERNARD SCHOOL,Uncasville,Connecticut,United States,1,VEX V5 Robotics Competition,High School
143233,119W,Singularity,,ST BERNARD SCHOOL,Uncasville,Connecticut,United States,1,VEX V5 Robotics Competition,High School
170210,119X,Exponential,,ST BERNARD SCHOOL,Uncasville,Connecticut,United States,1,VEX V5 Robotics Competition,High School
175547,119Y,Boltz,,ST BERNARD SCHOOL,Uncasville,Connecticut,United States,1,VEX V5 Robotics Competition,High School
96299,162Z,RamTech,,NEW CANAAN HIGH SCHOOL,New Canaan,Connecticut,United States,1,VEX V5 Robotics Competition,High School
23389,228A,Team Fuego,Gus A,"Gus Robotics Team, Inc.",Meriden,Connecticut,United States,1,VEX V5 Robotics Competition,High School
158193,877D,Draculas,Murf Spotter 3000,RIDGEFIELD HIGH SCHOOL,Ridgefield,Connecticut,United States,1,VEX V5 Robotics Competition,High School
100618,877H,Howl,,RIDGEFIELD HIGH SCHOOL,Ridgefield,Connecticut,United States,1,VEX V5 Robotics Competition,High School
146919,877S,Skill Issue,,RIDGEFIELD HIGH SCHOOL,Ridgefield,Connecticut,United States,1,VEX V5 Robotics Competition,High School
132612,877W,Wombat,,RIDGEFIELD HIGH SCHOOL,Ridgefield,Connecticut,United States,1,VEX V5 Robotics Competition,High School
90881,877Z,Zylophone (or is it Xylophone?),Leonardo ZaVinchi,Ridgefield High School,Ridgefield,Connecticut,United States,1,VEX V5 Robotics Competition,High School
8170,1188A,Anomaly,Anomaly,HADDAM-KILLINGWORTH HIGH SCHOOL,Higganum,Connecticut,United States,1,VEX V5 Robotics Competition,High School
49844,1618A,When Robots Fly,,E. O. SMITH HIGH SCHOOL,Storrs,Connecticut,United States,1,VEX V5 Robotics Competition,High School
8425,1695A,"Hand Tigers A ""The Mighty Misclicks""",Nemo,DANIEL HAND HIGH SCHOOL,Madison,Connecticut,United States,1,VEX V5 Robotics Competition,High School
90287,1695C,"Hand Tigers C ""Slightly Dysfunctional""",Slightly Dysfunctional,DANIEL HAND HIGH SCHOOL,Madison,Connecticut,United States,1,VEX V5 Robotics Competition,High School
101657,1695D,"Hand Tigers D ""It Happens ¯\_(ツ)_/¯""",It Happens ¯\_(ツ)_/¯,DANIEL HAND HIGH SCHOOL,Madison,Connecticut,United States,1,VEX V5 Robotics Competition,High School
116126,1695E,"Hand Tigers E ""Minor Malware""",Miss Piggy,DANIEL HAND HIGH SCHOOL,Madison,Connecticut,United States,1,VEX V5 Robotics Competition,High School
8431,1697A,Robo Tighteners A,The Wrench,HALL HIGH SCHOOL,West Hartford,Connecticut,United States,1,VEX V5 Robotics Competition,High School
110611,1697B,Robo Tighteners B,The Ratchet,HALL HIGH SCHOOL,West Hartford,Connecticut,United States,1,VEX V5 Robotics Competition,High School
93470,1784W,Zawgalog,Zawgalog,Moses Brown School,Providence,Rhode Island,United States,1,VEX V5 Robotics Competition,High School
83922,1784X,91 Degree Angles,,Moses Brown School,Providence,Rhode Island,United States,1,VEX V5 Robotics Competition,High School
19300,4478A,Triple A,,MASUK HIGH SCHOOL,Monroe,Connecticut,United States,1,VEX V5 Robotics Competition,High School
26089,4478B,Blizzard,,MASUK HIGH SCHOOL,Monroe,Connecticut,United States,1,VEX V5 Robotics Competition,High School
26092,4478C,Copyrighted,,MASUK HIGH SCHOOL,Monroe,Connecticut,United States,1,VEX V5 Robotics Competition,High School
39496,4478E,Rawr Vex Dee,,MASUK HIGH SCHOOL,Monroe,Connecticut,United States,1,VEX V5 Robotics Competition,High School
51135,4478F,Quantum Quicksilver,,MASUK HIGH SCHOOL,Monroe,Connecticut,United States,1,VEX V5 Robotics Competition,High School
157429,4478G,Georgia,,MASUK HIGH SCHOOL,Monroe,Connecticut,United States,1,VEX V5 Robotics Competition,High School
136143,4478J,J.A.M.,,MASUK HIGH SCHOOL,Monroe,Connecticut,United States,1,VEX V5 Robotics Competition,High School
142618,4478K,K.E.N.N.E.T.H,,MASUK HIGH SCHOOL,Monroe,Connecticut,United States,1,VEX V5 Robotics Competition,High School
139516,4478N,Nightfall,,MASUK HIGH SCHOOL,Monroe,Connecticut,United States,1,VEX V5 Robotics Competition,High School
67474,4478S,S.C.O.T.T,,MASUK HIGH SCHOOL,Monroe,Connecticut,United States,1,VEX V5 Robotics Competition,High School
139517,4478U,_UnderScore_,,MASUK HIGH SCHOOL,Monroe,Connecticut,United States,1,VEX V5 Robotics Competition,High School
81681,4478Z,Zebra,,MASUK HIGH SCHOOL,Monroe,Connecticut,United States,1,VEX V5 Robotics Competition,High School
19294,5150D,Mad Hatters - Delta,D-Bot,DANBURY HIGH SCHOOL,Danbury,Connecticut,United States,1,VEX V5 Robotics Competition,High School
35764,5150E,Mad Hatters - Envy,E-Bot,DANBURY HIGH SCHOOL,Danbury,Connecticut,United States,1,VEX V5 Robotics Competition,High School
54759,5150F,Mad Hatters - Freaky,F-Bot,DANBURY HIGH SCHOOL,Danbury,Connecticut,United States,1,VEX V5 Robotics Competition,High School
69586,5150H,Mad Hatters - Havoc,Havoc,DANBURY HIGH SCHOOL,Danbury,Connecticut,United States,1,VEX V5 Robotics Competition,High School
69940,5150J,Mad Hatters - Jackpot,J-Bot,DANBURY HIGH SCHOOL,Danbury,Connecticut,United States,1,VEX V5 Robotics Competition,High School
117779,5150K,Mad Hatters - Karma,K-Bot,DANBURY HIGH SCHOOL,Danbury,Connecticut,United States,1,VEX V5 Robotics Competition,High School
139659,5150Z,Mad Hatters - Zero Gravity,Zesty,DANBURY HIGH SCHOOL,Danbury,Connecticut,United States,1,VEX V5 Robotics Competition,High School
94437,8079C,Lady Ravens,Dunk’n,Academy Of Science And Innovation,New Britain,Connecticut,United States,1,VEX V5 Robotics Competition,High School
54475,9909B,burn_out,burn_out,MIDDLETOWN HIGH SCHOOL,Middletown,Connecticut,United States,1,VEX V5 Robotics Competition,High School
68314,9909C,Chad,,MIDDLETOWN HIGH SCHOOL,Middletown,Connecticut,United States,1,VEX V5 Robotics Competition,High School
113130,9909D,Delilah,Delilah,MIDDLETOWN HIGH SCHOOL,Middletown,Connecticut,United States,1,VEX V5 Robotics Competition,High School
148832,9909G,Gustavo,Gustavo,MIDDLETOWN HIGH SCHOOL,Middletown,Connecticut,United States,1,VEX V5 Robotics Competition,High School
142438,9909M,marco,marco,MIDDLETOWN HIGH SCHOOL,Middletown,Connecticut,United States,1,VEX V5 Robotics Competition,High School
127341,9909V,VALOR,VALOR,MIDDLETOWN HIGH SCHOOL,Middletown,Connecticut,United States,1,VEX V5 Robotics Competition,High School
144468,15923A,PHS Robotics,,PLAINVILLE HIGH SCHOOL,Plainville,Connecticut,United States,1,VEX V5 Robotics Competition,High School
144469,15923B,PHS Robotics,,PLAINVILLE HIGH SCHOOL,Plainville,Connecticut,United States,1,VEX V5 Robotics Competition,High School
93069,17814V,Vision,,WESTON HIGH SCHOOL,Weston,Connecticut,United States,1,VEX V5 Robotics Competition,High School
93068,17814W,Organized Chaos,,WESTON HIGH SCHOOL,Weston,Connecticut,United States,1,VEX V5 Robotics Competition,High School
93065,17814X,TuxBot,,WESTON HIGH SCHOOL,Weston,Connecticut,United States,1,VEX V5 Robotics Competition,High School
93066,17814Y,Yama,,WESTON HIGH SCHOOL,Weston,Connecticut,United States,1,VEX V5 Robotics Competition,High School
175180,18430A,Sarah Porter All-Stars,,MISS PORTER'S SCHOOL,Farmington,Connecticut,United States,1,VEX V5 Robotics Competition,High School
123046,18891C,G-4s,Do not have one yet,Granby 4-H Club,East Hartland,Connecticut,United States,1,VEX V5 Robotics Competition,High School
128501,22736A,ASD CyberTigers,,AMERICAN SCHOOL FOR THE DEAF,West Hartford,Connecticut,United States,1,VEX V5 Robotics Competition,High School
146466,28828A,RoBoPROS,quarterfinalist,NA,Greenwich,Connecticut,United States,1,VEX V5 Robotics Competition,High School
179314,32610A,Avon High School Falconbots,,AVON HIGH SCHOOL,Avon,Connecticut,United States,1,VEX V5 Robotics Competition,High School
179315,32610B,Avon High School Falconbots,,AVON HIGH SCHOOL,Avon,Connecticut,United States,1,VEX V5 Robotics Competition,High School
179316,32610C,Avon High School Falconbots,,AVON HIGH SCHOOL,Avon,Connecticut,United States,1,VEX V5 Robotics Competition,High School
114458,40535J,Oxford High School Robotics,,OXFORD HIGH SCHOOL,Oxford,Connecticut,United States,1,VEX V5 Robotics Competition,High School
161578,42863B,Dragonoid Brawlers,Dragon2,Green's Farms Academy,Westport,Connecticut,United States,1,VEX V5 Robotics Competition,High School
180688,42863C,Dragonoid Engineers,Dragon4,Greens Farms Academy,Westport,Connecticut,United States,1,VEX V5 Robotics Competition,High School
161440,47743A,Wildcats,,SEYMOUR HIGH SCHOOL,Seymour,Connecticut,United States,1,VEX V5 Robotics Competition,High School
170348,47743B,Cicconium,,SEYMOUR HIGH SCHOOL,Seymour,Connecticut,United States,1,VEX V5 Robotics Competition,High School
170349,47743C,Robocats,,SEYMOUR HIGH SCHOOL,Seymour,Connecticut,United States,1,VEX V5 Robotics Competition,High School
154818,50170A,RoboSupreme,,GREENWICH ACADEMY,Greenwich,Connecticut,United States,1,VEX V5 Robotics Competition,High School
154819,50170B,RoboUltimate,,GREENWICH ACADEMY,Greenwich,Connecticut,United States,1,VEX V5 Robotics Competition,High School
157309,50170C,RoboC,,GREENWICH ACADEMY,Greenwich,Connecticut,United States,1,VEX V5 Robotics Competition,High School
156402,70258A,Hornets 1,,HAMDEN HALL COUNTRY DAY SCHOOL,Hamden,Connecticut,United States,1,VEX V5 Robotics Competition,High School
175439,74027A,CompSci Cyber Eagles,TalonX,CREC CompSci High,Enfield,Connecticut,United States,1,VEX V5 Robotics Competition,High School
116303,75432A,Taft A,,THE TAFT SCHOOL,Watertown,Connecticut,United States,1,VEX V5 Robotics Competition,High School
154395,78889H,Killingly Robotics,,KILLINGLY HIGH SCHOOL,Killingly,Connecticut,United States,1,VEX V5 Robotics Competition,High School
154399,78889N,Evolut!on,Evolut!on,KILLINGLY HIGH SCHOOL,Killingly,Connecticut,United States,1,VEX V5 Robotics Competition,High School
154394,78889S,Slim SHADY,Slim SHADY,KILLINGLY HIGH SCHOOL,Killingly,Connecticut,United States,1,VEX V5 Robotics Competition,High School
145508,78889W,VIPER,VIPER,KILLINGLY HIGH SCHOOL,Killingly,Connecticut,United States,1,VEX V5 Robotics Competition,High School
145507,78889X,X-CALIBUR,X-CALIBUR,KILLINGLY HIGH SCHOOL,Killingly,Connecticut,United States,1,VEX V5 Robotics Competition,High School
142800,90722A,Green Knights,Motor Dame,NOTRE DAME HIGH SCHOOL,West Haven,Connecticut,United States,1,VEX V5 Robotics Competition,High School
66044,9942V,VMBears,,Colaiste Choilm,Cork,Cork,Ireland,1,VEX V5 Robotics Competition,High School
53373,9942X,Nuts&Bolts,,Colaiste Choilm,Cork,Cork,Ireland,1,VEX V5 Robotics Competition,High School
140525,9942Z,The Z Team,,Colaiste Choilm,Cork,Cork,Ireland,1,VEX V5 Robotics Competition,High School
167871,11143A,Killina school,Poot,Killina school,Tullamore,Offaly,Ireland,1,VEX V5 Robotics Competition,High School
133086,14198A,Oaklands Community College -Team 1,Oaklands Community College Team 1,Oaklands Community College,Edenderry,Offaly,Ireland,1,VEX V5 Robotics Competition,High School
159776,15452A,Dominican Taylors,,Dominican College,Galway,Galway,Ireland,1,VEX V5 Robotics Competition,High School
181528,17280A,St Francis College Rochestown,,St Francis College Rochestown,Cork,Cork,Ireland,1,VEX V5 Robotics Competition,High School
163679,20123A,TheGoats,TheKid,Goatstown Educate Together Secondary School,Dublin 14,Dublin,Ireland,1,VEX V5 Robotics Competition,High School
183696,22907D,Dream Big RnD,,Secondary School,Westmeath,Westmeath,Ireland,1,VEX V5 Robotics Competition,High School
172955,23805S,Imagineers,,CONFEY COMMUNITY COLLEGE,River Forest,Kildare,Ireland,1,VEX V5 Robotics Competition,High School
147278,24384A,NC Warriors,,Nenagh College Tipperary,Nenagh,Tipperary,Ireland,1,VEX V5 Robotics Competition,High School
165659,28657A,GREMLINS,,Coláiste an Spioraid Naoimh,"Bishopstown, Cork",Cork,Ireland,1,VEX V5 Robotics Competition,High School
183411,34217A,Colaiste Choilm Tullamore,CC1,Colaiste Choilm Tullamore,Tullamore,Offaly,Ireland,1,VEX V5 Robotics Competition,High School
181357,42968A,The Grus,Kevin,Loreto Fermoy,Fermoy,Cork,Ireland,1,VEX V5 Robotics Competition,High School
133089,46033A,Tullamore College A,Bob,Tullamore College,Tullamore,Offaly,Ireland,1,VEX V5 Robotics Competition,High School
181676,48649A,West Staines Massiv,Ali G,St. Macartan's College,Monaghan,Monaghan,Ireland,1,VEX V5 Robotics Competition,High School
181138,51238A,Gort 1,Gort Hal,gort community school,Gort,Galway,Ireland,1,VEX V5 Robotics Competition,High School
145838,54390A,PCHHeadford,Hayley,Post primary school,Galway,Galway,Ireland,1,VEX V5 Robotics Competition,High School
180708,67732B,PSGD Aeolus,Aeolus,Pobalscoil Ghaoth Dobhair,Letterkenny,Donegal,Ireland,1,VEX V5 Robotics Competition,High School
181888,67732C,PSGD Autobots,Robert,Pobalscoil Ghaoth Dobhair,Letterkenny,Donegal,Ireland,1,VEX V5 Robotics Competition,High School
149219,67958A,Crana College,Larry,Crana College,Buncrana,Donegal,Ireland,1,VEX V5 Robotics Competition,High School
137576,81785A,Kinsale 1,Kinsale1,KINSALE COMMUNITY SCHOOL,Co. Cork,Cork,Ireland,1,VEX V5 Robotics Competition,High School
58531,81785B,Kinsale 2,Kinsale 2,KINSALE COMMUNITY SCHOOL,Co. Cork,Cork,Ireland,1,VEX V5 Robotics Competition,High School
118940,81785G,Kinsale 3,Kinsale 3,KINSALE COMMUNITY SCHOOL,Co. Cork,Cork,Ireland,1,VEX V5 Robotics Competition,High School
84493,81785K,Kinsale 4,Kinsale 4,Kinsale Community School,Co. Cork,Cork,Ireland,1,VEX V5 Robotics Competition,High School
159898,91555C,Colmans,,St Colmans College,Claremorris,Mayo,Ireland,1,VEX V5 Robotics Competition,High School
180763,1674A,Mechanical Bulls 16,Iron Bull,Preparatoria 16 UANL,San Nicolas De Los Garza,Nuevo León,Mexico,1,VEX V5 Robotics Competition,High School
59417,3774M,CECYTEM LAGUNILLAS,,CECYTE MICHOACAN,Morelia,Michoacán,Mexico,1,VEX V5 Robotics Competition,High School
59428,3774Z,Cecytem 01 Penjamillo,,CECYTE MiCHOACAN,Morelia,Michoacán,Mexico,1,VEX V5 Robotics Competition,High School
27442,6109C,Cetis 109  C,The Delivery Bot,CETis No. 109,Ciudad Madero,Tamaulipas,Mexico,1,VEX V5 Robotics Competition,High School
118270,8047F,FNATIC,,FNATIC Robotics,Lagos De Moreno,Jalisco,Mexico,1,VEX V5 Robotics Competition,High School
58923,8630B,Colegio Columbia 2,,Colegio Columbia,Tampico,Tamaulipas,Mexico,1,VEX V5 Robotics Competition,Middle School
53059,9727A,OSOS 110,SKYR,CBTIS 110,Durango,Durango,Mexico,1,VEX V5 Robotics Competition,High School
53060,9727B,CBTIS 110_B,,CBTIS 110,Durango,Durango,Mexico,1,VEX V5 Robotics Competition,High School
182014,12338A,PREPA 7,,PREPA 7,San Nicolás De Los Garza,Nuevo León,Mexico,1,VEX V5 Robotics Competition,High School
180135,13658J,CECYTEM MORELIA,,CECYTE MICHOACÁN,Morelia,Michoacán,Mexico,1,VEX V5 Robotics Competition,High School
166569,17612M,SpiderBots,,Colegio ST Johns Cancun,Benito Juarez,Quintana Roo,Mexico,1,VEX V5 Robotics Competition,High School
179884,22323A,CECYTEM 21,PHOENIX  ROBOTICS,CECYTEM 21 RIVA PALACIO,Riva Palacio,Michoacán,Mexico,1,VEX V5 Robotics Competition,High School
183515,32861A,COBACH MINERAL DE LA REFORMA 1,,ACADEMIA STEM HIDALGO MEDIA SUPERIOR COLEGIO 2,"San Juan Tilcuautla,  San Agustín Tlaxiaca",Hidalgo,Mexico,1,VEX V5 Robotics Competition,High School
183516,32861B,COBACH MINERAL DE LA REFORMA 2,,ACADEMIA STEM HIDALGO MEDIA SUPERIOR COLEGIO 2,"San Juan Tilcuautla,  San Agustín Tlaxiaca",Hidalgo,Mexico,1,VEX V5 Robotics Competition,High School
158959,34857B,WOLVES,WOLVES,CECYTECH 11 Ciudad del Conocimiento,Ciudad Juárez,Chihuahua,Mexico,1,VEX V5 Robotics Competition,High School
183505,36298A,CONALEP TULANCINGO,,ACADEMIA STEM HIDALGO MEDIA SUPERIOR COLEGIO 1,"San Juan Tilcuautla,  San Agustín Tlaxiaca",Hidalgo,Mexico,1,VEX V5 Robotics Competition,High School
144197,37568A,IESTPREPA,,INSTITUTO DE ESTUDIOS SUPERIORES DE TAMAULIPAS,Altamira,Tamaulipas,Mexico,1,VEX V5 Robotics Competition,High School
181016,40349J,CECYTEM PERIBAN,,CETYTE MICHOACÁN,Morelia,Michoacán,Mexico,1,VEX V5 Robotics Competition,High School
181724,57709A,CECYTE CHIAPAS LA GARZA1,,CECYTE CHIAPAS,Tuxtla Gutierrez,Chiapas,Mexico,1,VEX V5 Robotics Competition,High School
181725,57709B,CECYTE CHIAPAS LA GARZA 2,,CECYTE CHIAPAS,Tuxtla Gutierrez,Chiapas,Mexico,1,VEX V5 Robotics Competition,High School
181726,57709C,CECYTE CHIAPAS RAUDALES MALPASO 1,,CECYTE CHIAPAS,Tuxtla Gutierrez,Chiapas,Mexico,1,VEX V5 Robotics Competition,High School
181727,57709D,CECYTE CHIAPAS RAUDALES MALPASO 2,,CECYTE CHIAPAS,Tuxtla Gutierrez,Chiapas,Mexico,1,VEX V5 Robotics Competition,High School
181728,57709E,CECYTE CHIAPAS REAL DEL BOSQUE 1,,CECYTE CHIAPAS,Tuxtla Gutierrez,Chiapas,Mexico,1,VEX V5 Robotics Competition,High School
181729,57709F,CECYTE CHIAPAS REAL DEL BOSQUE 2,,CECYTE CHIAPAS,Tuxtla Gutierrez,Chiapas,Mexico,1,VEX V5 Robotics Competition,High School
181730,57709G,CECYTE CHIAPAS AMERICA LIBRE 1,,CECYTE CHIAPAS,Tuxtla Gutierrez,Chiapas,Mexico,1,VEX V5 Robotics Competition,High School
181731,57709H,CECYTE CHIAPAS AMERICA LIBRE 2,,CECYTE CHIAPAS,Tuxtla Gutierrez,Chiapas,Mexico,1,VEX V5 Robotics Competition,High School
181732,57709J,CECYTE CHIAPAS JILOTOL 1,,CECYTE CHIAPAS,Tuxtla Gutierrez,Chiapas,Mexico,1,VEX V5 Robotics Competition,High School
181733,57709K,CECYTE CHIAPAS JILOTOL 2,,CECYTE CHIAPAS,Tuxtla Gutierrez,Chiapas,Mexico,1,VEX V5 Robotics Competition,High School
181734,57709M,CECYTE CHIAPAS JILOTOL 3,,CECYTE CHIAPAS,Tuxtla Gutierrez,Chiapas,Mexico,1,VEX V5 Robotics Competition,High School
181737,57709N,CECYTE CHIAPAS LAS AGUILAS 1,,CECYTE CHIAPAS,Tuxtla Gutierrez,Chiapas,Mexico,1,VEX V5 Robotics Competition,High School
181738,57709P,CECYTE CHIAPAS LAS AGUILAS 2,,CECYTE CHIAPAS,Tuxtla Gutierrez,Chiapas,Mexico,1,VEX V5 Robotics Competition,High School
181739,57709R,CECYTE CHIAPAS LAS AGUILAS 3,,CECYTE CHIAPAS,Tuxtla Gutierrez,Chiapas,Mexico,1,VEX V5 Robotics Competition,High School
150310,59162A,BOTBUSTERS,,PREPA TEC EUGENIO GARZA SADA,Monterrey,Nuevo León,Mexico,1,VEX V5 Robotics Competition,High School
150026,60924A,JAGUARES CLUB SLB-SEED TEC 11 VEX 5 HS VRC,JAGUARES,Dowell Schlumberger de México,Villahermosa,Tabasco,Mexico,1,VEX V5 Robotics Competition,High School
176850,67346A,Media Superior Biblioteca STEM Tapachula,,"BIBLIOTECA MUNICIPAL STEM DE TAPACHULA, CHIAPAS",Tapachula De Córdova Y Ordóñez,Chiapas,Mexico,1,VEX V5 Robotics Competition,High School
149091,77353A,CECyTEM 07 Epitacio Huerta,,CECYTE MICHOACAN,Morelia,Michoacán,Mexico,1,VEX V5 Robotics Competition,High School
149104,77353N,CECYTEM CAPULA,,CECYTE MICHOACAN,Morelia,Michoacán,Mexico,1,VEX V5 Robotics Competition,High School
149146,77353W,CECYTEM TANCITARO,,CECYTE MICHOACAN,Morelia,Michoacán,Mexico,1,VEX V5 Robotics Competition,High School
149232,79119A,DELFINES,,INSTITUO ALFONSO DE ALBA,Lagos De Moreno,Jalisco,Mexico,1,VEX V5 Robotics Competition,High School
183588,84271A,COLEGIO 11A,,CLUSTERTEAM,Ciudad Morelia,Michoacán,Mexico,1,VEX V5 Robotics Competition,High School
65641,97673X,AXOLOTL,AXOLOTL,CECYTECH 11 Cd. del Conocimiento,Ciudad Juárez,Chihuahua,Mexico,1,VEX V5 Robotics Competition,High School
65643,97673Z,ZETBOTS,ZETBOTS,CECYTECH 11 Ciudad del Conocimiento,Ciudad Juárez,Chihuahua,Mexico,1,VEX V5 Robotics Competition,High School
65645,99153A,CECYT No. 14 VILLA ESPERANZA,,CECYTE Chihuahua No. 14 Villa Esperanza,Ciudad Juárez,Chihuahua,Mexico,1,VEX V5 Robotics Competition,High School
158556,99153X,CECYT No.14 Villa Esperanza,,CECYTECH 14 Villa Esperanza,Juarez,Chihuahua,Mexico,1,VEX V5 Robotics Competition,High School
172348,3838A,Greyhounds,,OCEAN SPRINGS HIGH SCHOOL,Ocean Springs,Mississippi,United States,1,VEX V5 Robotics Competition,High School
172349,3838B,Greyhounds B,,OCEAN SPRINGS HIGH SCHOOL,Ocean Springs,Mississippi,United States,1,VEX V5 Robotics Competition,High School
180749,3838C,"I don't know, I am trying to ask somebody.",,OCEAN SPRINGS HIGH SCHOOL,Ocean Springs,Mississippi,United States,1,VEX V5 Robotics Competition,High School
83836,4255A,BOB,TBD,Madison Co Voc Complex,Madison,Mississippi,United States,1,VEX V5 Robotics Competition,High School
100812,5735H,Mud Dogs,Jimbo,ST MARTIN HIGH SCHOOL,Ocean Springs,Mississippi,United States,1,VEX V5 Robotics Competition,High School
160793,5735M,Banana Bots,It's all yellow,ST MARTIN HIGH SCHOOL,Ocean Springs,Mississippi,United States,1,VEX V5 Robotics Competition,High School
81184,5735Z,Scottish Unicorns,Billy Bob MKIV,ST MARTIN HIGH SCHOOL,Ocean Springs,Mississippi,United States,1,VEX V5 Robotics Competition,High School
109031,16802A,Senior Citizens,,MADISON CENTRAL HIGH SCHOOL,Ms - Mississippi,Mississippi,United States,1,VEX V5 Robotics Competition,High School
161349,20027W,Watt.,Andy,ST ANDREW'S EPISCOPAL SCHOOL,Ridgeland,Mississippi,United States,1,VEX V5 Robotics Competition,High School
125570,32636A,Triple A's,,OXFORD HIGH SCHOOL,Oxford,Mississippi,United States,1,VEX V5 Robotics Competition,High School
125571,32636B,Trilobytes,,OXFORD HIGH SCHOOL,Oxford,Mississippi,United States,1,VEX V5 Robotics Competition,High School
92985,39110A,Da Moon,39110 A,Germantown High School,Madison,Mississippi,United States,1,VEX V5 Robotics Competition,High School
145555,39110C,Low Stakes,,Germantown High School,Madison,Mississippi,United States,1,VEX V5 Robotics Competition,High School
156915,39232A,The Boys,A-Train,JACKSON PREPARATORY SCHOOL,Flowood,Mississippi,United States,1,VEX V5 Robotics Competition,High School
83144,39702A,New Hope Robotics,Sparky,NEW HOPE HIGH SCHOOL,Columbus,Mississippi,United States,1,VEX V5 Robotics Competition,High School
97773,39702D,New Hope Robotics,Metal Eagle,NEW HOPE,Columbus,Mississippi,United States,1,VEX V5 Robotics Competition,High School
100291,39702F,New Hope Robotics,Big Timmy,NEW HOPE,Columbus,Mississippi,United States,1,VEX V5 Robotics Competition,High School
160885,55230T,NISMO,GTR,Mississippi Robotics,Canton,Mississippi,United States,1,VEX V5 Robotics Competition,High School
160884,55230Z,370Z Turbocharged,,Mississippi Robotics,Canton,Mississippi,United States,1,VEX V5 Robotics Competition,High School
131813,62449B,MSMS Blue Waves,MSMS Blue Waves B,The MISSISSIPPI SCHOOL FOR MATH AND SCIENCE,Columbus,Mississippi,United States,1,VEX V5 Robotics Competition,High School
129815,85843A,tECH,,EAST CENTRAL HIGH SCHOOL,Moss Point,Mississippi,United States,1,VEX V5 Robotics Competition,High School
129816,85843B,tECH,,EAST CENTRAL HIGH SCHOOL,Moss Point,Mississippi,United States,1,VEX V5 Robotics Competition,High School
173864,91708A,Electrobots,,HANCOCK HIGH SCHOOL,Kiln,Mississippi,United States,1,VEX V5 Robotics Competition,High School
173866,91708B,The Ugly Ducklings,The Quack Mobile,HANCOCK HIGH SCHOOL,Kiln,Mississippi,United States,1,VEX V5 Robotics Competition,High School
53184,739A,If it ain't broke don't fix it,Old reliable,KIMBALL SECONDARY,Kimball,Minnesota,United States,1,VEX V5 Robotics Competition,High School
75732,739B,Men In black,,KIMBALL SECONDARY,Kimball,Minnesota,United States,1,VEX V5 Robotics Competition,High School
93614,739C,Senior Smarties,Seniorcites,Kimball Secondary,Kimball,Minnesota,United States,1,VEX V5 Robotics Competition,High School
139182,772E,Chlorinated Encoders,Pool Cleaner,Elemental Robotics Inc.,Madison Lake,Minnesota,United States,1,VEX V5 Robotics Competition,High School
71712,1532C,Abominable Snowmen,,BEMIDJI SENIOR HIGH,Bemidji,Minnesota,United States,1,VEX V5 Robotics Competition,High School
126642,1532E,Space Monkey Mafia,Material Girl,BEMIDJI SENIOR HIGH,Bemidji,Minnesota,United States,1,VEX V5 Robotics Competition,High School
126643,1532F,218 Ways to Break Down,DUM-E,BEMIDJI SENIOR HIGH,Bemidji,Minnesota,United States,1,VEX V5 Robotics Competition,High School
60480,3589A,Gear Train,,Tri-city United High School,Le Center,Minnesota,United States,1,VEX V5 Robotics Competition,High School
58788,5300B,Wall-E 2.0,,WIN-E-MAC SECONDARY,Erskine,Minnesota,United States,1,VEX V5 Robotics Competition,High School
64044,5300D,FerdaMen,,WIN-E-MAC SECONDARY,Erskine,Minnesota,United States,1,VEX V5 Robotics Competition,High School
174975,5805X,X-Factor,Beacon E & R 1,Concordia Academy,Roseville,Minnesota,United States,1,VEX V5 Robotics Competition,High School
59610,6024E,Thunder Struck,,Fosston High School,Fosston,Minnesota,United States,1,VEX V5 Robotics Competition,High School
76691,7192D,Yippie Ki Yay,Tarzan,WINDOM SENIOR HIGH,Windom,Minnesota,United States,1,VEX V5 Robotics Competition,High School
115851,7192F,The Masked Bandits,Rodger,WINDOM SENIOR HIGH,Windom,Minnesota,United States,1,VEX V5 Robotics Competition,High School
63119,7225B,Southland Blaze,Flippy,Southland High School,Adams,Minnesota,United States,1,VEX V5 Robotics Competition,High School
74409,7225C,Southland Shakalaka,The Shocker,Southland High School,Adams,Minnesota,United States,1,VEX V5 Robotics Competition,High School
96685,7225F,Southland Avalanche,Snowball,Southland High School,Adams,Minnesota,United States,1,VEX V5 Robotics Competition,High School
141677,7225T,Southland Boltbots,,Southland High School,Adams,Minnesota,United States,1,VEX V5 Robotics Competition,High School
84366,7225Z,Southland Borderbots,Borderbot,SOUTHLAND SENIOR HIGH,Adams,Minnesota,United States,1,VEX V5 Robotics Competition,High School
48732,8110A,ReStart,,Mankato West Robotics,Mankato,Minnesota,United States,1,VEX V5 Robotics Competition,High School
53442,8110B,The Bakery,,Mankato West Robotics,Mankato,Minnesota,United States,1,VEX V5 Robotics Competition,High School
64630,8110C,Llamas,,Mankato West Robotics,Mankato,Minnesota,United States,1,VEX V5 Robotics Competition,High School
73837,8110G,Immortal,,Mankato West Robotics,Mankato,Minnesota,United States,1,VEX V5 Robotics Competition,High School
64629,8110R,Geared Up,,Mankato West Robotics,Mankato,Minnesota,United States,1,VEX V5 Robotics Competition,High School
173841,8110T,Capytech,,Mankato West Robotics,Mankato,Minnesota,United States,1,VEX V5 Robotics Competition,High School
98627,8110W,Whisper,,Mankato West Robotics,Mankato,Minnesota,United States,1,VEX V5 Robotics Competition,High School
53443,8110Z,R.I.P. Tide,,Mankato West Robotics,Mankato,Minnesota,United States,1,VEX V5 Robotics Competition,High School
53103,9210A,E=MJ^2,Millie,Storm Robotics (ISD47),Sauk Rapids,Minnesota,United States,1,VEX V5 Robotics Competition,High School
86057,9457C,The Minnesotans,,MANKATO EAST SENIOR HIGH,Mankato,Minnesota,United States,1,VEX V5 Robotics Competition,High School
154724,9457D,Cougar Dynasty,,MANKATO EAST SENIOR HIGH,Mankato,Minnesota,United States,1,VEX V5 Robotics Competition,High School
124320,9457S,Sky High,,MANKATO EAST SENIOR HIGH,Mankato,Minnesota,United States,1,VEX V5 Robotics Competition,High School
86059,9457W,Wolfram,,MANKATO EAST SENIOR HIGH,Mankato,Minnesota,United States,1,VEX V5 Robotics Competition,High School
74848,9457Y,Why?,,MANKATO EAST SENIOR HIGH,Mankato,Minnesota,United States,1,VEX V5 Robotics Competition,High School
64677,9457Z,Spongebot Spareparts,,MANKATO EAST SENIOR HIGH,Mankato,Minnesota,United States,1,VEX V5 Robotics Competition,High School
60063,9821A,SynthWave,Gertrude,EAST GRAND FORKS SENIOR HIGH,East Grand Forks,Minnesota,United States,1,VEX V5 Robotics Competition,High School
140568,13018A,The Wright Stuff,B.O.B.,The Wright Stuff,Cokato,Minnesota,United States,1,VEX V5 Robotics Competition,High School
145986,13056C,Megabytes,,ROYALTON HIGH SCHOOL,Royalton,Minnesota,United States,1,VEX V5 Robotics Competition,High School
169731,17121A,Electrobotics,Darwin,Electrobotics Robot Team,Eagan,Minnesota,United States,1,VEX V5 Robotics Competition,High School
135559,24118E,Broken Zip Ties,,ALBERT LEA SENIOR HIGH,Albert Lea,Minnesota,United States,1,VEX V5 Robotics Competition,High School
143119,24118F,It Could Work!,,ALBERT LEA SENIOR HIGH,Albert Lea,Minnesota,United States,1,VEX V5 Robotics Competition,High School
148357,27922A,Vexecutioners,,OSSEO SENIOR HIGH,Osseo,Minnesota,United States,1,VEX V5 Robotics Competition,High School
114669,33697A,The Robot Alliance,,The Robot Alliance,Austin,Minnesota,United States,1,VEX V5 Robotics Competition,High School
135895,40003A,Clutch Robotics,,BAGLEY SECONDARY,Bagley,Minnesota,United States,1,VEX V5 Robotics Competition,High School
84287,55301C,Short Circuit,You lost the game,UNITED SOUTH CENTRAL HIGH SCHOOL,Wells,Minnesota,United States,1,VEX V5 Robotics Competition,High School
160280,56721K,The Donuts,,RIVERSIDE CHRISTIAN SCHOOL,East Grand Forks,Minnesota,United States,1,VEX V5 Robotics Competition,High School
135171,62185A,Tyrannosaurus VEX,,Homebot Robotics,Mankato,Minnesota,United States,1,VEX V5 Robotics Competition,High School
83333,72527A,Return of the Rampage,,St Croix Lutheran Academy,West St. Paul,Minnesota,United States,1,VEX V5 Robotics Competition,High School
84226,72527B,The Phongtastic Phive,,St Croix Lutheran Academy,West St. Paul,Minnesota,United States,1,VEX V5 Robotics Competition,High School
116992,72527R,Good Enough,,St Croix Lutheran Academy,West St. Paul,Minnesota,United States,1,VEX V5 Robotics Competition,High School
141007,72527Y,Still Workin' On It,,St Croix Lutheran Academy,West St. Paul,Minnesota,United States,1,VEX V5 Robotics Competition,High School
90783,75548C,Overdrive,,Cathedral High School,New Ulm,Minnesota,United States,1,VEX V5 Robotics Competition,High School
85100,91917B,Resting Bot Face,,Apollo High School,Saint Cloud,Minnesota,United States,1,VEX V5 Robotics Competition,High School
153811,91917D,Nitrous,,Apollo High School,Saint Cloud,Minnesota,United States,1,VEX V5 Robotics Competition,High School
154070,98377H,Pink Havoc,,TECHNICAL SENIOR HIGH,St. Cloud,Minnesota,United States,1,VEX V5 Robotics Competition,High School
154076,98377S,SPLASH!!!,Beach Ball,TECHNICAL SENIOR HIGH,St. Cloud,Minnesota,United States,1,VEX V5 Robotics Competition,High School
65900,99319A,Horsemen,Buck 5.3,PRINCETON HIGH SCHOOL,Princeton,Minnesota,United States,1,VEX V5 Robotics Competition,High School
65901,99319B,Technical Difficulties,.,Princeton High School,Princeton,Minnesota,United States,1,VEX V5 Robotics Competition,High School
148013,99319D,Cannibalistic Candy,Perry,PRINCETON HIGH SCHOOL,Princeton,Minnesota,United States,1,VEX V5 Robotics Competition,High School
148014,99319E,The Founding Fathers,George,PRINCETON HIGH SCHOOL,Princeton,Minnesota,United States,1,VEX V5 Robotics Competition,High School
65723,99750A,Sparta's Chosen,,ROCORI SENIOR HIGH,Cold Spring,Minnesota,United States,1,VEX V5 Robotics Competition,High School
111308,739E,Dynamic Energy,Retro,Kimball Secondary,Kimball,Minnesota,United States,1,VEX V5 Robotics Competition,Middle School
99094,1506C,Metal Monstrosity,,PACT CHARTER SCHOOL,Ramsey,Minnesota,United States,1,VEX V5 Robotics Competition,Middle School
32005,3211A,Black Pearl,,Scouts BSA - Troop 211,Sartell,Minnesota,United States,1,VEX V5 Robotics Competition,Middle School
84547,3589E,Distructicons,,TRI-CITY UNITED HIGH SCHOOL,Le Center,Minnesota,United States,1,VEX V5 Robotics Competition,Middle School
74491,5300E,Charlie's Angels,,WIN-E-MAC SECONDARY,Erskine,Minnesota,United States,1,VEX V5 Robotics Competition,Middle School
93667,5300F,Goose Bumps,,WIN-E-MAC SECONDARY,Erskine,Minnesota,United States,1,VEX V5 Robotics Competition,Middle School
45724,7458F,Arctic Knights,,FISHER SECONDARY,Fisher,Minnesota,United States,1,VEX V5 Robotics Competition,Middle School
75424,9821C,Constructors,Billy,EAST GRAND FORKS SENIOR HIGH,East Grand Forks,Minnesota,United States,1,VEX V5 Robotics Competition,Middle School
75425,9821D,Robo Turtles,,EAST GRAND FORKS SENIOR HIGH,East Grand Forks,Minnesota,United States,1,VEX V5 Robotics Competition,Middle School
145984,13056A,Digital Destroyers,,ROYALTON MIDDLE SCHOOL,Royalton,Minnesota,United States,1,VEX V5 Robotics Competition,Middle School
84286,55301B,Knights of the Round Table,Bartholomew,UNITED SOUTH CENTRAL HIGH SCHOOL,Wells,Minnesota,United States,1,VEX V5 Robotics Competition,Middle School
75052,55371B,Mechanical Minions,,PRINCETON MIDDLE SCHOOL,Princeton,Minnesota,United States,1,VEX V5 Robotics Competition,Middle School
75053,55371C,We Steel Scorpions,,PRINCETON MIDDLE SCHOOL,Princeton,Minnesota,United States,1,VEX V5 Robotics Competition,Middle School
76697,55371D,The Usual Suspects,.,PRINCETON MIDDLE SCHOOL,Princeton,Minnesota,United States,1,VEX V5 Robotics Competition,Middle School
86468,75548B,Night Hounds,,Cathedral High School,New Ulm,Minnesota,United States,1,VEX V5 Robotics Competition,Middle School
135148,99192B,Phoenix,,HERON LAKE-OKABENA SECONDARY,Okabena,Minnesota,United States,1,VEX V5 Robotics Competition,Middle School
72514,158A,Artemis,,HUNTLEY HIGH SCHOOL,Huntley,Illinois,United States,1,VEX V5 Robotics Competition,High School
72713,158B,Breeze,,HUNTLEY HIGH SCHOOL,Huntley,Illinois,United States,1,VEX V5 Robotics Competition,High School
56879,321A,Apollo,Apollo,NILES WEST HIGH SCHOOL,Skokie,Illinois,United States,1,VEX V5 Robotics Competition,High School
57127,321B,BLAST OFF!,BLAST OFF!,NILES WEST HIGH SCHOOL,Skokie,Illinois,United States,1,VEX V5 Robotics Competition,High School
57129,321D,Deimos,Deimos,NILES WEST HIGH SCHOOL,Skokie,Illinois,United States,1,VEX V5 Robotics Competition,High School
64332,321H,Hawks,Hawks,NILES WEST HIGH SCHOOL,Skokie,Illinois,United States,1,VEX V5 Robotics Competition,High School
56961,333R,Los Robos,,Niles North 333 Robotics,Skokie,Illinois,United States,1,VEX V5 Robotics Competition,High School
56962,333S,Sigma,Sigma,Niles North 333 Robotics,Skokie,Illinois,United States,1,VEX V5 Robotics Competition,High School
56958,333V,30 Tooth Red Sprocket,,Niles North 333 Robotics,Skokie,Illinois,United States,1,VEX V5 Robotics Competition,High School
56956,333Y,Four Dollar TwentyFive Cent Spicy Chicken Sandwich,,NILES NORTH HIGH SCHOOL,Skokie,Illinois,United States,1,VEX V5 Robotics Competition,High School
160569,355A,2Xstream Robotics,Happy,Fox Valley Robotics,Batavia,Illinois,United States,1,VEX V5 Robotics Competition,High School
161172,355P,PowerHouse,,Fox Valley Robotics,Batavia,Illinois,United States,1,VEX V5 Robotics Competition,High School
111779,355T,Thunderbirds,,Fox Valley Robotics,Batavia,Illinois,United States,1,VEX V5 Robotics Competition,High School
153886,355U,Umm...Actually,givesUanxiety,Fox Valley Robotics,Batavia,Illinois,United States,1,VEX V5 Robotics Competition,High School
74980,355V,Ghost,,Fox Valley Robotics,Batavia,Illinois,United States,1,VEX V5 Robotics Competition,High School
110934,355X,Hexa-Force,,Fox Valley Robotics,Batavia,Illinois,United States,1,VEX V5 Robotics Competition,High School
134629,355Y,Loose Screws,,Fox Valley Robotics,Batavia,Illinois,United States,1,VEX V5 Robotics Competition,High School
144268,355Z,Falcons,,Fox Valley Robotics,Batavia,Illinois,United States,1,VEX V5 Robotics Competition,High School
130819,499A,Holy Stromboli,Strombolitron,Mundelein Cons High School,Mundelein,Illinois,United States,1,VEX V5 Robotics Competition,High School
110639,499R,Razer Edge,,Mundelein Cons High School,Mundelein,Illinois,United States,1,VEX V5 Robotics Competition,High School
170641,1413D,St. Charles East Saints,,ST CHARLES EAST HIGH SCHOOL,St. Charles,Illinois,United States,1,VEX V5 Robotics Competition,High School
157044,1755K,Kinetic Robotics,Kinetic,Private,Naperville,Illinois,United States,1,VEX V5 Robotics Competition,High School
72175,2360A,Alpha,Antimatter,Neuqua Valley High School,Naperville,Illinois,United States,1,VEX V5 Robotics Competition,High School
44413,2360N,Nemesis,Nemesis,Neuqua Valley High School,Naperville,Illinois,United States,1,VEX V5 Robotics Competition,High School
51397,2360S,Singularity,,Neuqua Valley High School,Naperville,Illinois,United States,1,VEX V5 Robotics Competition,High School
72174,2360Z,ZOOM,ZOOM,Neuqua Valley High School,Naperville,Illinois,United States,1,VEX V5 Robotics Competition,High School
87392,3695B,BOB,,YORKVILLE HIGH SCHOOL,Yorkville,Illinois,United States,1,VEX V5 Robotics Competition,High School
121049,3695C,Baby Otters,,YORKVILLE HIGH SCHOOL,Yorkville,Illinois,United States,1,VEX V5 Robotics Competition,High School
162129,3695D,Got No Gas,,YORKVILLE HIGH SCHOOL,Yorkville,Illinois,United States,1,VEX V5 Robotics Competition,High School
169959,3695E,sp0rkl1ft,,YORKVILLE HIGH SCHOOL,Yorkville,Illinois,United States,1,VEX V5 Robotics Competition,High School
56584,4454C,Crash and Burn,Crash and Burn,Timothy Christian High School,Elmhurst,Illinois,United States,1,VEX V5 Robotics Competition,High School
63763,5741A,Malfunction Junction,,SENECA HIGH SCHOOL,Seneca,Illinois,United States,1,VEX V5 Robotics Competition,High School
49168,7133A,RoboHawks A,,NAPERVILLE CENTRAL HIGH SCHOOL,Naperville,Illinois,United States,1,VEX V5 Robotics Competition,High School
57602,8780A,Absolutely Generational,Absolutely Generational,Waubonsie Valley High School,Aurora,Illinois,United States,1,VEX V5 Robotics Competition,High School
63989,8780C,Cerberus,Cerberus,Waubonsie Valley High School,Aurora,Illinois,United States,1,VEX V5 Robotics Competition,High School
146633,8995B,Blaze,,Metea Valley High School,Aurora,Illinois,United States,1,VEX V5 Robotics Competition,High School
57471,8995E,Electric,,Metea Valley Robotics Team,Aurora,Illinois,United States,1,VEX V5 Robotics Competition,High School
146575,8995H,Habanero,,Metea Valley High School,Aurora,Illinois,United States,1,VEX V5 Robotics Competition,High School
57470,8995M,Magma,,Metea Valley High School,Aurora,Illinois,United States,1,VEX V5 Robotics Competition,High School
57472,8995T,Tetris,,Metea Valley High School,Aurora,Illinois,United States,1,VEX V5 Robotics Competition,High School
149450,14153M,HiveMind,,HINSDALE SOUTH HIGH SCHOOL,Darien,Illinois,United States,1,VEX V5 Robotics Competition,High School
67228,19290A,Model Train Club,Friar1,FENWICK HIGH SCHOOL,Oak Park,Illinois,United States,1,VEX V5 Robotics Competition,High School
123816,20020X,Velocity,,Velocity Robotics,Deer Park,Illinois,United States,1,VEX V5 Robotics Competition,High School
110872,20612A,Blazin' Bots,ABlaze,BLOOM TRAIL HIGH SCHOOL,Chicago Heights,Illinois,United States,1,VEX V5 Robotics Competition,High School
110873,20612B,Blazin' Bots,TBD,BLOOM TRAIL HIGH SCHOOL,Chicago Heights,Illinois,United States,1,VEX V5 Robotics Competition,High School
66348,22000A,Acceleration,Copernicus,BENET ACADEMY,Lisle,Illinois,United States,1,VEX V5 Robotics Competition,High School
76579,23880A,Techno Tegus,,LYONS TWP HIGH SCH,Lagrange,Illinois,United States,1,VEX V5 Robotics Competition,High School
76580,23880B,B Dubs,,LYONS TWP HIGH SCH,Lagrange,Illinois,United States,1,VEX V5 Robotics Competition,High School
83863,23880C,CHROME,,LYONS TWP HIGH SCH,Lagrange,Illinois,United States,1,VEX V5 Robotics Competition,High School
73628,38535A,TitanTron,TitanTron,GLENBROOK SOUTH HIGH SCHOOL,Glenview,Illinois,United States,1,VEX V5 Robotics Competition,High School
73629,38535B,C3-POE,C3-POE,GLENBROOK SOUTH HIGH SCHOOL,Glenview,Illinois,United States,1,VEX V5 Robotics Competition,High School
73630,38535C,TOMM-E,TOMM-E,Glenbrook South High School,Glenview,Illinois,United States,1,VEX V5 Robotics Competition,High School
82201,60172U,Fireballs,Scorpio,Lake Park High School,Roselle,Illinois,United States,1,VEX V5 Robotics Competition,High School
95194,60172W,WHAM,,Lake Park High School,Roselle,Illinois,United States,1,VEX V5 Robotics Competition,High School
95195,60172X,veX-Men,Auberchine,Lake Park High School,Roselle,Illinois,United States,1,VEX V5 Robotics Competition,High School
139628,60441A,Team Rocket,,LOCKPORT TOWNSHIP HIGH SCH EAST,Lockport,Illinois,United States,1,VEX V5 Robotics Competition,High School
143347,60441C,Memento Vulcan,,LOCKPORT TOWNSHIP HIGH SCH EAST,Lockport,Illinois,United States,1,VEX V5 Robotics Competition,High School
157059,60441J,Polonium,,LOCKPORT TOWNSHIP HIGH SCH EAST,Lockport,Illinois,United States,1,VEX V5 Robotics Competition,High School
154018,60441T,[REDACTED],,LOCKPORT TOWNSHIP HIGH SCH EAST,Lockport,Illinois,United States,1,VEX V5 Robotics Competition,High School
157060,60441X,Teqnifii,,LOCKPORT TOWNSHIP HIGH SCH EAST,Lockport,Illinois,United States,1,VEX V5 Robotics Competition,High School
87904,60466A,Raptors,,Rich Township High School,Olympia Fields,Illinois,United States,1,VEX V5 Robotics Competition,High School
107689,82997A,Horsepower,Brooster,MONTINI CATHOLIC HIGH SCHOOL,Lombard,Illinois,United States,1,VEX V5 Robotics Competition,High School
66262,99371B,Electrical Dysfunction,,OAK PARK & RIVER FOREST HIGH SCH,Oak Park,Illinois,United States,1,VEX V5 Robotics Competition,High School
98884,99371H,Menace & Friends,Wirecutters,Oak Park & River Forest High School,Oak Park,Illinois,United States,1,VEX V5 Robotics Competition,High School
165655,9231A,Aiglon College,,Aiglon College,Chesieres,Waadt,Switzerland,1,VEX V5 Robotics Competition,High School
165657,9231X,Aiglon College,,Aiglon College,Chesieres,Waadt,Switzerland,1,VEX V5 Robotics Competition,Middle School
153904,13176A,Smilebots,,Ated,Massagno,Tessin,Switzerland,1,VEX V5 Robotics Competition,High School
164707,15520A,Rosey Eagles,Serendipity,Institut Le Rosey,Rolle,Waadt,Switzerland,1,VEX V5 Robotics Competition,High School
164708,15520B,Rosey Knights,,Institut Le Rosey,Rolle,Waadt,Switzerland,1,VEX V5 Robotics Competition,High School
176696,15520C,Rosey Aptagenix,,Institut Le Rosey,Rolle,Waadt,Switzerland,1,VEX V5 Robotics Competition,High School
144399,21052A,Five Rings Robotics,,International School of Lausanne,Le Mont Sur Lausanne,Waadt,Switzerland,1,VEX V5 Robotics Competition,High School
159839,21052B,Cool Runnings,,International School of Lausanne,Le Mont Sur Lausanne,Waadt,Switzerland,1,VEX V5 Robotics Competition,High School
181757,21910A,College Alpin Beau Soleil,,Beau Soleil,Villars Sur Ollon,Waadt,Switzerland,1,VEX V5 Robotics Competition,High School
175501,35423Z,ISZL Iron Eagles,Sabine,International School of Zug and Luzern,Hünenberg,Zug,Switzerland,1,VEX V5 Robotics Competition,High School
146677,36817A,TASIS Tigers 1,,The American School In Switzerland (TASIS),Montagnola,Tessin,Switzerland,1,VEX V5 Robotics Competition,High School
146678,36817B,TASIS Tigers 2,,The American School In Switzerland (TASIS),Montagnola,Tessin,Switzerland,1,VEX V5 Robotics Competition,High School
166748,36817C,TASIS Tigers 3,,The American School In Switzerland (TASIS),Montagnola,Tessin,Switzerland,1,VEX V5 Robotics Competition,High School
128407,41510A,ISBasel Robotics A - G11 OBG,G11 OBG,International School Basel,Reinach,Basel-Landschaft,Switzerland,1,VEX V5 Robotics Competition,High School
139764,41510B,ISBasel Robotics B: G9 Tunatics,G9 Tunatics,International School Basel,Reinach,Basel-Landschaft,Switzerland,1,VEX V5 Robotics Competition,High School
139765,41510C,ISBasel Robotics C: G9 Team NPC,G9 Team NPC,International School Basel,Reinach,Basel-Landschaft,Switzerland,1,VEX V5 Robotics Competition,High School
139766,41510D,ISBasel Robotics D: G10 Sigma Bots,G10 Sigma Bots,International School Basel,Reinach,Basel-Landschaft,Switzerland,1,VEX V5 Robotics Competition,High School
139767,41510X,ISBasel Robotics X: G9 Team Galaxy,G9 Team Galaxy,International School Basel,Reinach,Basel-Landschaft,Switzerland,1,VEX V5 Robotics Competition,High School
157619,41510Y,Temporary ZIS C,for Robomesse only,International School Basel,Reinach,Basel-Landschaft,Switzerland,1,VEX V5 Robotics Competition,High School
139768,41510Z,ISBasel Robotics Z: Red Bull Robotics,Red Bull Robotics,International School Basel,Reinach,Basel-Landschaft,Switzerland,1,VEX V5 Robotics Competition,High School
182208,63041A,ZIS 1,TBC,Zurich International School,Zurich,Zürich,Switzerland,1,VEX V5 Robotics Competition,High School
182325,63041B,ZIS/AISV,TBC,Zurich International School,Zurich,Zürich,Switzerland,1,VEX V5 Robotics Competition,High School
180443,68300A,Big Red Gear,BRG alpha,TechLabs,Basel,Basel-Stadt,Switzerland,1,VEX V5 Robotics Competition,High School
145429,502E,The Swarm,,"Alpha Secondary, Burnaby",Burnaby,British Columbia,Canada,1,VEX V5 Robotics Competition,Middle School
152010,886A,WPRA,,Western Pacific Robotics Academy,Richmond,British Columbia,Canada,1,VEX V5 Robotics Competition,Middle School
64289,9181D,DaBombDigidy,,Seaquam Secondary,Delta,British Columbia,Canada,1,VEX V5 Robotics Competition,Middle School
131511,18670C,Mt Seymour Robotics,MR3,North Vancouver,North Vancouver,British Columbia,Canada,1,VEX V5 Robotics Competition,Middle School
59817,502A,Amaze,,"SD41, Mechatronics, Burnaby",Burnaby,British Columbia,Canada,1,VEX V5 Robotics Competition,High School
178717,502N,The Swarm,,"SD41, Burnaby School District",Burnaby,British Columbia,Canada,1,VEX V5 Robotics Competition,High School
145430,502W,The Swarm,,"SD41 Mechatronics, Burnaby",Burnaby,British Columbia,Canada,1,VEX V5 Robotics Competition,High School
169898,886S,Why So Serious | WPRA,,Western Pacific Robotics Academy,Vancouver,British Columbia,Canada,1,VEX V5 Robotics Competition,High School
170526,886U,Über | WPRA,,Western Pacific Robotics Academy,Richmond,British Columbia,Canada,1,VEX V5 Robotics Competition,High School
160092,886W,Wipeout | WPRA,,Western Pacific Robotics Academy,Vancouver,British Columbia,Canada,1,VEX V5 Robotics Competition,High School
155497,886Y,Yabadabadoo | WPRA,,Western Pacific Robotics Academy,Richmond,British Columbia,Canada,1,VEX V5 Robotics Competition,High School
154083,886Z,Zealous | WPRA,,Western Pacific Robotics Academy,Vancouver,British Columbia,Canada,1,VEX V5 Robotics Competition,High School
85138,1010G,TenTon Robotics,,West Vancouver School District #45,West Vancouver,British Columbia,Canada,1,VEX V5 Robotics Competition,High School
74088,1010T,TenTon Robotics,,West Vancouver School District #45,West Vancouver,British Columbia,Canada,1,VEX V5 Robotics Competition,High School
74089,1010W,TenTon Robotics,,West Vancouver School District #45,West Vancouver,British Columbia,Canada,1,VEX V5 Robotics Competition,High School
74091,1010X,TenTon Robotics,,West Vancouver School District #45,West Vancouver,British Columbia,Canada,1,VEX V5 Robotics Competition,High School
94117,1011S,Ten Ton Robotics,,West Vancouver School District #45,West Vancouver,British Columbia,Canada,1,VEX V5 Robotics Competition,High School
94121,1011V,Ten Ton Robotics,,West Vancouver School District #45,West Vancouver,British Columbia,Canada,1,VEX V5 Robotics Competition,High School
88405,1011X,Ten Ton Robotics,,West Vancouver School District #45,West Vancouver,British Columbia,Canada,1,VEX V5 Robotics Competition,High School
94123,1011Y,Ten Ton Robotics,,Ten Ton Robotics,West Vancouver,British Columbia,Canada,1,VEX V5 Robotics Competition,High School
133520,6408H,Hollow,Wolloh,Heritage Woods Secondary,Port Moody,British Columbia,Canada,1,VEX V5 Robotics Competition,High School
176834,6408W,NONONO THE BURGER LIKE WHOPPER,Wobot,Heritage Woods Secondary,Port Moody,British Columbia,Canada,1,VEX V5 Robotics Competition,High School
54900,9181C,C-Channel,,Seaquam Secondary,Delta,British Columbia,Canada,1,VEX V5 Robotics Competition,High School
112709,9181G,Ghost,Seahawk,Seaquam Secondary,Delta,British Columbia,Canada,1,VEX V5 Robotics Competition,High School
112715,9181J,Jelopesis,9181J,Seaquam Secondary,Delta,British Columbia,Canada,1,VEX V5 Robotics Competition,High School
112713,9181K,Kool Katz,,Seaquam Secondary,Delta,British Columbia,Canada,1,VEX V5 Robotics Competition,High School
127282,9181R,Radiant,,Seaquam Secondary,Delta,British Columbia,Canada,1,VEX V5 Robotics Competition,High School
112710,9181S,Space,9181S,Seaquam Secondary,Delta,British Columbia,Canada,1,VEX V5 Robotics Competition,High School
112711,9181T,Tachyon,,Seaquam Secondary,Delta,British Columbia,Canada,1,VEX V5 Robotics Competition,High School
113458,9594A,RoboCavs - Ascendant,,Collingwood School,West Vancouver,British Columbia,Canada,1,VEX V5 Robotics Competition,High School
122311,18670A,Mt Seymour Robotics,MR1,North Vancouver,North Vancouver,British Columbia,Canada,1,VEX V5 Robotics Competition,High School
154102,28101A,Coping Seething Malding,CSM,Future Youth Robotics Club,Coquitlam,British Columbia,Canada,1,VEX V5 Robotics Competition,High School
84608,77174B,Saints Robotics,,St. George's School,Vancouver,British Columbia,Canada,1,VEX V5 Robotics Competition,High School
134947,87265B,Robo Ridge,,Southridge School,Surrey,British Columbia,Canada,1,VEX V5 Robotics Competition,High School
116679,98549V,Venom,Venom,Burnsview Secondary,Delta,British Columbia,Canada,1,VEX V5 Robotics Competition,High School
106521,98549Z,Zeus,Zeus,Burnsview Secondary,Delta,British Columbia,Canada,1,VEX V5 Robotics Competition,High School
59795,56F,Armageddon,Robot F,CAPE ELIZABETH HIGH SCHOOL,Cape Elizabeth,Maine,United States,1,VEX V5 Robotics Competition,High School
86550,56H,Nihility,Robot H,CAPE ELIZABETH HIGH SCHOOL,Cape Elizabeth,Maine,United States,1,VEX V5 Robotics Competition,High School
95017,56M,Aksel,Robot M,CAPE ELIZABETH HIGH SCHOOL,Cape Elizabeth,Maine,United States,1,VEX V5 Robotics Competition,High School
95021,56R,FrostByte,Robot R,CAPE ELIZABETH HIGH SCHOOL,Cape Elizabeth,Maine,United States,1,VEX V5 Robotics Competition,High School
95022,56S,Self Destruct System,Robot S,CAPE ELIZABETH HIGH SCHOOL,Cape Elizabeth,Maine,United States,1,VEX V5 Robotics Competition,High School
150858,56T,T-Bone,Robot T,CAPE ELIZABETH HIGH SCHOOL,Cape Elizabeth,Maine,United States,1,VEX V5 Robotics Competition,High School
59649,153A,Vex-Vigilauntays,Dustin,MT ABRAM REGIONAL HIGH SCHOOL,Salem Twp,Maine,United States,1,VEX V5 Robotics Competition,High School
158929,344A,Autonomous Arachnid,,SCARBOROUGH HIGH SCHOOL,Scarborough,Maine,United States,1,VEX V5 Robotics Competition,High School
118623,344R,Red Rovers,,SCARBOROUGH HIGH SCHOOL,Scarborough,Maine,United States,1,VEX V5 Robotics Competition,High School
110937,344X,Evil Monkey Mechanics,,SCARBOROUGH HIGH SCHOOL,Scarborough,Maine,United States,1,VEX V5 Robotics Competition,High School
143546,344Z,Low Power Mode,,SCARBOROUGH HIGH SCHOOL,Scarborough,Maine,United States,1,VEX V5 Robotics Competition,High School
48490,1764C,Cosmic Crisis,,Yarmouth High School,Yarmouth,Maine,United States,1,VEX V5 Robotics Competition,High School
170080,1764M,Marvin the Paranoid Android,,Yarmouth High School,Yarmouth,Maine,United States,1,VEX V5 Robotics Competition,High School
153202,1764X,(X),,Yarmouth High School,Yarmouth,Maine,United States,1,VEX V5 Robotics Competition,High School
118610,1810S,Livin' on a Prayer,Haeyddeeszze,WINDHAM HIGH SCHOOL,Windham,Maine,United States,1,VEX V5 Robotics Competition,High School
143102,1810T,Knock On Wood,SCRAPPY,WINDHAM HIGH SCHOOL,Windham,Maine,United States,1,VEX V5 Robotics Competition,High School
51034,2142B,Plow King,Plow King,JOHN BAPST MEMORIAL HIGH SCHOOL,Bangor,Maine,United States,1,VEX V5 Robotics Competition,High School
171247,2142R,Robotomized,Robotomized,John Bapst Memorial High School,Bangor,Maine,United States,1,VEX V5 Robotics Competition,High School
153722,2142S,The SnuggleMuffins,Gremlin,John Bapst Memorial High School,Bangor,Maine,United States,1,VEX V5 Robotics Competition,High School
161338,2142X,Mechanica,Mechanica,John Bapst Memorial High School,Bangor,Maine,United States,1,VEX V5 Robotics Competition,High School
138955,2142Z,Guppies,Guppies,John Bapst Memorial High School,Bangor,Maine,United States,1,VEX V5 Robotics Competition,High School
177652,4393A,Pyxis,,ME SCH OF SCIENCE & MATHEMATICS,Limestone,Maine,United States,1,VEX V5 Robotics Competition,High School
161140,4393C,To be named later,,ME SCH OF SCIENCE & MATHEMATICS,Limestone,Maine,United States,1,VEX V5 Robotics Competition,High School
58678,4393R,The Last Minute,MSSM Penguins R,ME SCH OF SCIENCE & MATHEMATICS,Limestone,Maine,United States,1,VEX V5 Robotics Competition,High School
97312,4393Z,Thin Earth Society,Lil Chungus,ME SCH OF SCIENCE & MATHEMATICS,Limestone,Maine,United States,1,VEX V5 Robotics Competition,High School
62946,5156A,The Tax Evaders,A,York High School,York,Maine,United States,1,VEX V5 Robotics Competition,High School
62947,5156B,The Fellowship of the Gears,B,York High School,York,Maine,United States,1,VEX V5 Robotics Competition,High School
62949,5156D,Asbestos,D,York High School,York,Maine,United States,1,VEX V5 Robotics Competition,High School
57586,6249A,Bent Axles,The Shaft,BOOTHBAY REGION HIGH SCHOOL,Boothbay Harbor,Maine,United States,1,VEX V5 Robotics Competition,High School
57587,6249B,Team Rocket,Magneton,BOOTHBAY REGION HIGH SCHOOL,Boothbay Harbor,Maine,United States,1,VEX V5 Robotics Competition,High School
57454,8030A,Electric Eagles,,Lincoln Academy,Newcastle,Maine,United States,1,VEX V5 Robotics Competition,High School
143078,14872A,Robo Wizards (of MDI),,MT DESERT ISLAND HIGH SCHOOL,Bar Harbor,Maine,United States,1,VEX V5 Robotics Competition,High School
149124,17380C,The Escalator - Midcoast Maineiacs,The Escalator,Searsport District Middle/High School,Searsport,Maine,United States,1,VEX V5 Robotics Competition,High School
101060,20005B,OSHA Violation,OSHA Violation,Fryeburg Academy,Fryeburg,Maine,United States,1,VEX V5 Robotics Competition,High School
115379,20005C,M.E.S.,M.E.S.,Fryeburg Academy,Fryeburg,Maine,United States,1,VEX V5 Robotics Competition,High School
119285,20005E,Sweet Lemonade,p12 Sweet Lemonade,Fryeburg Academy,Fryeburg,Maine,United States,1,VEX V5 Robotics Competition,High School
164306,20005F,Michael,Michael,Fryeburg Academy,Fryeburg,Maine,United States,1,VEX V5 Robotics Competition,High School
177996,20005Z,Calculated Risk,Calculated Risk,Fryeburg Academy,Fryeburg,Maine,United States,1,VEX V5 Robotics Competition,High School
105461,20734A,80HD,Destruction,Old Town High School,Old Town,Maine,United States,1,VEX V5 Robotics Competition,High School
177067,20734X,x,x,Old Town High School,Old Town,Maine,United States,1,VEX V5 Robotics Competition,High School
133669,64762F,Gadget Gang,Gizmo,BANGOR HIGH SCHOOL,Bangor,Maine,United States,1,VEX V5 Robotics Competition,High School
162717,64762G,Loose Screws,Vincent,BANGOR HIGH SCHOOL,Bangor,Maine,United States,1,VEX V5 Robotics Competition,High School
169655,64762J,Middle Earth Mechanics,,BANGOR HIGH SCHOOL,Bangor,Maine,United States,1,VEX V5 Robotics Competition,High School
127123,65665A,The Avenger,A,OLD ORCHARD BEACH HIGH SCHOOL,Old Orchard Beach,Maine,United States,1,VEX V5 Robotics Competition,High School
176745,65665C,Seaside Cyborgs,,OLD ORCHARD BEACH HIGH SCHOOL,Old Orchard Beach,Maine,United States,1,VEX V5 Robotics Competition,High School
132458,93303T,SWE@tY P@LmZ,,Monmouth Academy,Monmouth,Maine,United States,1,VEX V5 Robotics Competition,High School
107824,93303V,Put A Ring On It,Bobert,MONMOUTH ACADEMY,Monmouth,Maine,United States,1,VEX V5 Robotics Competition,High School
107825,93303X,"Monsters, Inc.",Mike Wazowski,MONMOUTH ACADEMY,Monmouth,Maine,United States,1,VEX V5 Robotics Competition,High School
17674,56D,Da Rusty Potatoes,Robot D,CAPE ELIZABETH MIDDLE SCHOOL,Cape Elizabeth,Maine,United States,1,VEX V5 Robotics Competition,Middle School
48112,56E,Cheezit toez,Robot E,CAPE ELIZABETH MIDDLE SCHOOL,Cape Elizabeth,Maine,United States,1,VEX V5 Robotics Competition,Middle School
95016,56K,Killer Sea Rats,Robot K,CAPE ELIZABETH MIDDLE SCHOOL,Cape Elizabeth,Maine,United States,1,VEX V5 Robotics Competition,Middle School
95020,56P,Pandas!,Robot P,CAPE ELIZABETH MIDDLE SCHOOL,Cape Elizabeth,Maine,United States,1,VEX V5 Robotics Competition,Middle School
62950,5156E,3G-T,OP3C,York Middle School,York,Maine,United States,1,VEX V5 Robotics Competition,Middle School
62951,5156F,Zip Tie Certified,F,York Middle School,York,Maine,United States,1,VEX V5 Robotics Competition,Middle School
93904,5156G,COSMO-BOTICS,G,York Middle School,York,Maine,United States,1,VEX V5 Robotics Competition,Middle School
109391,5156H,Team Feinious,H,York Middle School,York,Maine,United States,1,VEX V5 Robotics Competition,Middle School
113378,93303Y,Cookie Monsters,,Monmouth Memorial School,Monmouth,Maine,United States,1,VEX V5 Robotics Competition,Middle School
51308,128B,The Bakery,Toaster Oven,Korah Collegiate & Vocational School,Sault Ste Marie,Ontario,Canada,1,VEX V5 Robotics Competition,High School
51247,142A,Cheese Graters,,Algoma District School Board,Sault Ste Marie,Ontario,Canada,1,VEX V5 Robotics Competition,High School
143545,252H,Holy Cow,,TechArena,Unionville,Ontario,Canada,1,VEX V5 Robotics Competition,High School
58915,296A,Hurricanes - Dark Energy,,Heart Lake Secondary School,Brampton,Ontario,Canada,1,VEX V5 Robotics Competition,High School
93978,416D,Dainty Ducks,Drumstick,St. Clement's School,Toronto,Ontario,Canada,1,VEX V5 Robotics Competition,High School
102426,540W,Appleby,,Appleby College,Oakville,Ontario,Canada,1,VEX V5 Robotics Competition,High School
104866,540X,Appleby,,Appleby College,Oakville,Ontario,Canada,1,VEX V5 Robotics Competition,High School
120690,540Z,Appleby,,Appleby College,Oakville,Ontario,Canada,1,VEX V5 Robotics Competition,High School
107158,839A,// Caution Tape Amplified //,,Caution Tape Robotics ////,Markham,Ontario,Canada,1,VEX V5 Robotics Competition,High School
178327,839T,// Caution Tape Top Notch //,,Caution Tape Robotics ////,Markham,Ontario,Canada,1,VEX V5 Robotics Competition,High School
108761,839Z,// Caution Tape ZOOM! //,,Caution Tape Robotics ////,Markham,Ontario,Canada,1,VEX V5 Robotics Competition,High School
72945,1104S,Discobots Scorpio,,Brampton Robotics Education,Brampton,Ontario,Canada,1,VEX V5 Robotics Competition,High School
62979,1104V,Discobots Venom ひ,,Brampton Robotics Education,Brampton,Ontario,Canada,1,VEX V5 Robotics Competition,High School
162642,1140X,Discobots Toronto,,Discobots Canada,Toronto,Ontario,Canada,1,VEX V5 Robotics Competition,High School
157126,1165A,Redemption,ABG heaven,Caution Tape Independent Program,Markham,Ontario,Canada,1,VEX V5 Robotics Competition,High School
9160,1509B,Rmageddon,B-Dog,Ridley College High School,St Catharines,Ontario,Canada,1,VEX V5 Robotics Competition,High School
8329,1509R,Rmageddon,Just call me Bob,Ridley College High School,St Catharines,Ontario,Canada,1,VEX V5 Robotics Competition,High School
19003,1509Z,Rmageddon,It's a She,Ridley College High School,St Catharines,Ontario,Canada,1,VEX V5 Robotics Competition,High School
140100,2055A,Capybaras,Monkey,Mi3L School,Oakville,Ontario,Canada,1,VEX V5 Robotics Competition,High School
170241,2670A,Kylin Robot,Kylin Robotics,Kylin Robotics,Richmond Hill,Ontario,Canada,1,VEX V5 Robotics Competition,High School
169782,2796V,Leap of Faith,Brin,Leap of Faith,Richmond Hill,Ontario,Canada,1,VEX V5 Robotics Competition,High School
169671,3004A,qwerty,,Maplerobot,Vaughan,Ontario,Canada,1,VEX V5 Robotics Competition,High School
128381,3150A,Silver Owl,tweet,Silver Owl Robotics,Richmond Hill,Ontario,Canada,1,VEX V5 Robotics Competition,High School
172190,3150B,Salt and Pepper,Salt,Silver Owl Robotics Club Inc.,Richmond Hill,Ontario,Canada,1,VEX V5 Robotics Competition,High School
170239,3150C,Columnists,Reporter,Silver Owl Robotics Club,Richmond Hill,Ontario,Canada,1,VEX V5 Robotics Competition,High School
174622,3150X,Binary,01100010 01100101 01110011 01110100,Silver Owl Robotics Inc.,Richmond Hill,Ontario,Canada,1,VEX V5 Robotics Competition,High School
122338,3505E,Parsec,,Zebra Robotics,Mississauga,Ontario,Canada,1,VEX V5 Robotics Competition,High School
153244,3565X,Xtronomy,,KNEWPLAY,Ottawa,Ontario,Canada,1,VEX V5 Robotics Competition,High School
14149,3652A,UHS Robotics,f(x),Unionville High School,Unionville,Ontario,Canada,1,VEX V5 Robotics Competition,High School
169765,3899E,Elusive,,Independent,Vaughan,Ontario,Canada,1,VEX V5 Robotics Competition,High School
46336,4659A,Warrior Robotix A,,Port Credit Secondary School,Mississauga,Ontario,Canada,1,VEX V5 Robotics Competition,High School
62715,4862A,Avionics Sparrows,Sparrow,Ashbury College,Ottawa,Ontario,Canada,1,VEX V5 Robotics Competition,High School
23353,5225A,E-Bots PiLons,unknown,ebots,Burlington,Ontario,Canada,1,VEX V5 Robotics Competition,High School
42604,5298C,Chopstick,MakiBot,The Bishop Strachan School,Toronto,Ontario,Canada,1,VEX V5 Robotics Competition,High School
58961,7614A,Phoenix Rising,Phoenix Mk 1,York Region,Newmarket,Ontario,Canada,1,VEX V5 Robotics Competition,High School
170894,8433W,Wildcats,,WOSS Robotics,Oakville,Ontario,Canada,1,VEX V5 Robotics Competition,High School
179795,8433X,Wild Dawg Robotics,,White Oaks Secondary School,Oakville,Ontario,Canada,1,VEX V5 Robotics Competition,High School
153508,8829C,CAT-ALYST ᓚᘏᗢ,,Catalyst Robotics,Toronto,Ontario,Canada,1,VEX V5 Robotics Competition,High School
52990,9599A,Thunder,,Blessed Trinity Catholic Secondary School,Grimsby,Ontario,Canada,1,VEX V5 Robotics Competition,High School
51694,9651X,Cinderblock - UCC,Cinderblock,Upper Canada College,Toronto,Ontario,Canada,1,VEX V5 Robotics Competition,High School
51695,9651Y,Wyvern - UCC,Wyvern,Upper Canada College,Toronto,Ontario,Canada,1,VEX V5 Robotics Competition,High School
171526,10501D,Dynamic,,Team Dynamic,Hamilton,Ontario,Canada,1,VEX V5 Robotics Competition,High School
76123,10801Z,Trubotics,,Pierre Elliott Trudeau High School,Markham,Ontario,Canada,1,VEX V5 Robotics Competition,High School
156281,10909A,� Ex͕͕̿c̶̈́ee̵d � B̗̀o̅b̀a̓̈́ Bȁ̤̊n̈́̊d̍it̆s͎͛̕ �,□□□□□ □□□□□□□□□,Exceed Robotics,Richmond Hill,Ontario,Canada,1,VEX V5 Robotics Competition,High School
146403,11702A,MMHS knights,,YRDSB,Markham,Ontario,Canada,1,VEX V5 Robotics Competition,High School
107445,16610A,Snacky Cakes,,Techblazers,Toronto,Ontario,Canada,1,VEX V5 Robotics Competition,High School
123559,16610C,Adequate,,Techblazers,Toronto,Ontario,Canada,1,VEX V5 Robotics Competition,High School
126264,16610D,Moderate,,Techblazers,Toronto,Ontario,Canada,1,VEX V5 Robotics Competition,High School
170682,16610X,Cooked goose,,Techblazers,Richmond Hill,Ontario,Canada,1,VEX V5 Robotics Competition,High School
161877,16868C,Rushdown,Checkmate Robotics,CheckMate Robotics Club,Markham,Ontario,Canada,1,VEX V5 Robotics Competition,High School
131101,17924A,Trigonometry,SOH-CAH-TOA,Boswin Robotics,Mississauga,Ontario,Canada,1,VEX V5 Robotics Competition,High School
136356,17924B,Quadratics,x^2,Boswin Robotics,Mississauga,Ontario,Canada,1,VEX V5 Robotics Competition,High School
146596,18080V,HTS Hawks,,Holy Trinity School,Richmond Hill,Ontario,Canada,1,VEX V5 Robotics Competition,High School
147847,19109A,UTS BELLO BELLO!,Archie,University of Toronto Schools,Toronto,Ontario,Canada,1,VEX V5 Robotics Competition,High School
163386,21520A,LCHS 1,LCHS 1,NCDSB,Port Colborne,Ontario,Canada,1,VEX V5 Robotics Competition,High School
163387,21520B,LCHS 2,The Yeast Of Your Concerns,NCDSB,Port Colborne,Ontario,Canada,1,VEX V5 Robotics Competition,High School
105064,26752N,Robo-Hawks,,O'Neill Collegiate and Vocational Institute,Oshawa,Ontario,Canada,1,VEX V5 Robotics Competition,High School
76353,29295A,Stratford Robotics A,,Stratford District Secondary School,Stratford,Ontario,Canada,1,VEX V5 Robotics Competition,High School
76354,29295B,Stratford Robotics B,,Stratford District Secondary School,Stratford,Ontario,Canada,1,VEX V5 Robotics Competition,High School
135660,29295D,Stratford Robotics D,,Stratford District Secondary School,Stratford,Ontario,Canada,1,VEX V5 Robotics Competition,High School
169903,31331A,Glenforest Gryphons,Jia You!,Glenforest Secondary School,Mississauga,Ontario,Canada,1,VEX V5 Robotics Competition,High School
175850,31331B,Glenforest Gryphons,Goodies,Glenforest Secondary School,Mississauga,Ontario,Canada,1,VEX V5 Robotics Competition,High School
88184,41977B,Birchmount Robotics,,Toronto District School Board - Birchmount Park Collegiate,Toronto,Ontario,Canada,1,VEX V5 Robotics Competition,High School
113478,45250F,Renaissance Robotics,,Renaissance Robotics,St. Thomas,Ontario,Canada,1,VEX V5 Robotics Competition,High School
104434,45250G,Renaissance Robotics,OG,Renaissance Robotics,St. Thomas,Ontario,Canada,1,VEX V5 Robotics Competition,High School
143816,45250J,Renaissance Robotics,,Renaissance Robotics,St. Thomas,Ontario,Canada,1,VEX V5 Robotics Competition,High School
161431,45250K,Renaissance Robotics,,Renaissance Robotics,St. Thomas,Ontario,Canada,1,VEX V5 Robotics Competition,High School
165366,45250Y,Renaissance Robotics,,Renaissance Robotics,St. Thomas,Ontario,Canada,1,VEX V5 Robotics Competition,High School
160549,48700X,PF Robotics,,PF Robotics,Oro-Medonte,Ontario,Canada,1,VEX V5 Robotics Competition,High School
98888,81208X,LeRoi Xenon,,LeRoi Robotics,Markham,Ontario,Canada,1,VEX V5 Robotics Competition,High School
86668,82855G,STL Gambit,,STL Robotics,Richmond Hill,Ontario,Canada,1,VEX V5 Robotics Competition,High School
86669,82855S,STL Symphony,Symphony,STL Robotics,Richmond Hill,Ontario,Canada,1,VEX V5 Robotics Competition,High School
86670,82855T,STL Talos,Talon,STL Robotics,Richmond Hill,Ontario,Canada,1,VEX V5 Robotics Competition,High School
90372,82855X,STL Breaking Bots,,STL Robotics,Richmond Hill,Ontario,Canada,1,VEX V5 Robotics Competition,High School
112576,82855Y,STL Centurion,,STL Robotics,Richmond Hill,Ontario,Canada,1,VEX V5 Robotics Competition,High School
90373,82855Z,STL Metro,,Lions Robotics,Richmond Hill,Ontario,Canada,1,VEX V5 Robotics Competition,High School
75548,91536A,Wicked Charlie Echo,Charlie,W.C. Eaket Secondary School,Blind River,Ontario,Canada,1,VEX V5 Robotics Competition,High School
170562,95500A,York Mills Robotics Team,Jetson,Toronto District School Board,Toronto,Ontario,Canada,1,VEX V5 Robotics Competition,High School
110058,97779A,St Andrews College,SAC1,St Andrew’s College,Aurora,Ontario,Canada,1,VEX V5 Robotics Competition,High School
149856,97779X,St Andrews College,SAC3,St Andrew’s College,Aurora,Ontario,Canada,1,VEX V5 Robotics Competition,High School
49636,6844B,Vexinators,,MITCHELL HIGH SCHOOL - 01,Mitchell,South Dakota,United States,1,VEX V5 Robotics Competition,High School
58275,6844C,Crooked Screwdrivers,,MITCHELL MIDDLE SCHOOL - 02,Mitchell,South Dakota,United States,1,VEX V5 Robotics Competition,High School
58276,6844D,Unhinged (MS),,MITCHELL HIGH SCHOOL - 01,Mitchell,South Dakota,United States,1,VEX V5 Robotics Competition,Middle School
66087,6844E,Eighth Wonder,,MITCHELL HIGH SCHOOL,Mitchell,South Dakota,United States,1,VEX V5 Robotics Competition,High School
45280,7686A,ISLANDERS,ISLANDERS,Tiger Robotics,Harrisburg,South Dakota,United States,1,VEX V5 Robotics Competition,High School
154608,7686N,Nemesis,Nemesis,Tiger Robotics,Harrisburg,South Dakota,United States,1,VEX V5 Robotics Competition,High School
154609,7686X,Phoenix Rising,Phoenix Rising,Tiger Robotics,Harrisburg,South Dakota,United States,1,VEX V5 Robotics Competition,High School
57071,9050B,Gear Heads,,GROTON AREA HIGH SCHOOL - 01,Groton,South Dakota,United States,1,VEX V5 Robotics Competition,High School
63002,9050E,Galaxy,,GROTON AREA HIGH SCHOOL - 01,Groton,South Dakota,United States,1,VEX V5 Robotics Competition,High School
93712,9050F,Gladiators,,GROTON AREA HIGH SCHOOL,Groton,South Dakota,United States,1,VEX V5 Robotics Competition,High School
89160,57013J,C.A.T.,,Canton Robotics,Canton,South Dakota,United States,1,VEX V5 Robotics Competition,High School
93529,57013M,Shatter-Hawks,Malfunction,Canton Robotics,Canton,South Dakota,United States,1,VEX V5 Robotics Competition,High School
89192,89910A,Spearfish High School,,SPEARFISH HIGH SCHOOL - 01,Spearfish,South Dakota,United States,1,VEX V5 Robotics Competition,High School
67429,99515A,T-BODS,Todd 5.1,Douglas High School,Rapid City,South Dakota,United States,1,VEX V5 Robotics Competition,High School
78046,99515B,PATS (MS),Patribots (MS),Douglas Middle School,Rapid City,South Dakota,United States,1,VEX V5 Robotics Competition,Middle School
78047,99515C,Box-E (MS),Box-E (MS),Patriots Box Elder,Box Elder,South Dakota,United States,1,VEX V5 Robotics Competition,Middle School
78048,99515D,Cosmic Chaos,bag-O-bolts,Douglas High School,Box Elder,South Dakota,United States,1,VEX V5 Robotics Competition,High School
143320,99515E,The Mafia,The Godfather,Douglas High School,Box Elder,South Dakota,United States,1,VEX V5 Robotics Competition,High School
139251,282S,Spectrum,Gertrude,St Dominic's Sixth Form College,Harrow,,United Kingdom,1,VEX V5 Robotics Competition,High School
130775,1197X,Hint of Guava,Spicy Pete,Beech Grove Senior School,Nonington,,United Kingdom,1,VEX V5 Robotics Competition,High School
130774,1197Z,CHAOS,Phoenix,Beech Grove Senior School,Nonington,,United Kingdom,1,VEX V5 Robotics Competition,High School
176256,1408C,Caution,,King Henry VIII School,Coventry,,United Kingdom,1,VEX V5 Robotics Competition,High School
175608,1408H,Hyper,,King Henry VIII School,Coventry,,United Kingdom,1,VEX V5 Robotics Competition,High School
170586,1493D,Destan,,Bedminster Down School,Bristol,,United Kingdom,1,VEX V5 Robotics Competition,High School
169608,1875N,Noodle,The Ghost of The Goon,Independent,London,,United Kingdom,1,VEX V5 Robotics Competition,High School
173030,2472A,VEXoriginals,PomPom,Whickham School,Whickham,,United Kingdom,1,VEX V5 Robotics Competition,High School
125478,3110C,JWS Baldy Boyz,Sonic,The John Warner School,Hoddesdon,,United Kingdom,1,VEX V5 Robotics Competition,High School
133064,3116J,Team Control Freaks Derek,Miguel,The John Warner School,Hoddesdon,,United Kingdom,1,VEX V5 Robotics Competition,High School
56354,3116Z,Team Control Freaks Faith No More!,Sugar Puff,The John Warner School,Hoddesdon,,United Kingdom,1,VEX V5 Robotics Competition,High School
93162,6023F,Floccinaucinihilipilification,,Stowe School,Buckingham,,United Kingdom,1,VEX V5 Robotics Competition,High School
93361,6023R,Spiritz,,Stowe School,Buckingham,,United Kingdom,1,VEX V5 Robotics Competition,High School
50054,6493A,T-ROB,,Tanfield School,Stanley,,United Kingdom,1,VEX V5 Robotics Competition,High School
135935,8346D,Chaos Insurgency,Steve,St Helena School,Colchester,,United Kingdom,1,VEX V5 Robotics Competition,High School
180673,10137X,GL!TCH,Gl!tchy,Independent,London,,United Kingdom,1,VEX V5 Robotics Competition,High School
64385,10478B,SubZero Robotics,To Be Defined,Greig City Academy,London,,United Kingdom,1,VEX V5 Robotics Competition,High School
128399,10478S,Gearers,To Be Defined,Greig City Academy,London,,United Kingdom,1,VEX V5 Robotics Competition,High School
124093,13765T,MTS_Bubblegum,TBC,Merchant Taylors' School,London,,United Kingdom,1,VEX V5 Robotics Competition,High School
111877,13765X,MTS_R3START,TBC,Merchant Taylors' School,London,,United Kingdom,1,VEX V5 Robotics Competition,High School
143584,15650C,Memento Mori,FREAKMACHINE,Independent Team,London,,United Kingdom,1,VEX V5 Robotics Competition,High School
169752,17711C,Cyclone,,Independent,Sutton,,United Kingdom,1,VEX V5 Robotics Competition,High School
155361,17711E,Entropy,,Independent,Sutton,,United Kingdom,1,VEX V5 Robotics Competition,High School
170005,18650G,Cranleigh Robotics,,Cranleigh School,Cranleigh,,United Kingdom,1,VEX V5 Robotics Competition,High School
81649,20785A,HYBRID,,Queen Elizabeth's School,London,,United Kingdom,1,VEX V5 Robotics Competition,High School
82131,23218B,ERROR_410,ERROR_410,Simon Langton Grammar School for Boys,Canterbury,,United Kingdom,1,VEX V5 Robotics Competition,High School
120167,29457A,St Chris Snowflakes,overwhelming,St Christopher School,Letchworth,,United Kingdom,1,VEX V5 Robotics Competition,High School
135778,37596A,StB-Optimus A,Optimus I,St Benedict's Ealing,London,,United Kingdom,1,VEX V5 Robotics Competition,High School
144516,39475C,Robo Kai 3,,The Royal Grammar School Newcastle Upon Tyne,Newcastle Upon Tyne,,United Kingdom,1,VEX V5 Robotics Competition,High School
171010,46846P,Subject to Change,Finlay,Gordonstoun School,Elgin,,United Kingdom,1,VEX V5 Robotics Competition,High School
153546,46846T,INT,John,Gordonstoun School,Elgin,,United Kingdom,1,VEX V5 Robotics Competition,High School
180948,55609A,Thistle Robotics,,James Gillespie's High School,Edinburgh,,United Kingdom,1,VEX V5 Robotics Competition,High School
144493,58053H,Purple Hedgehog Pigs,,City of London School for Girls,London,,United Kingdom,1,VEX V5 Robotics Competition,High School
77591,66618Z,TBC,TBC,TBC Robotics,Solihull,,United Kingdom,1,VEX V5 Robotics Competition,High School
161577,71368A,Qubits,Jonathan,Queen Elizabeth Sixth Form College,Darlington,,United Kingdom,1,VEX V5 Robotics Competition,High School
180261,80745A,Ctrl Alt Elite,,St. Modan's High School,Stirling,,United Kingdom,1,VEX V5 Robotics Competition,High School
158530,83697A,Watford Droids,,Watford Grammar School for Boys,Watford,,United Kingdom,1,VEX V5 Robotics Competition,High School
131533,84899C,Icarus,,Radley College,Abingdon,,United Kingdom,1,VEX V5 Robotics Competition,High School
131534,84899D,Ibex,,Radley College,Abingdon,,United Kingdom,1,VEX V5 Robotics Competition,High School
135334,84899E,Ringo,,Radley College,Abingdon,,United Kingdom,1,VEX V5 Robotics Competition,High School
60849,1860A,hopefully it works,hopefully it works,MOUNTAIN VIEW HIGH SCHOOL,El Paso,Texas,United States,1,VEX V5 Robotics Competition,High School
85409,1860B,Skyline,Wall-e,MOUNTAIN VIEW HIGH SCHOOL,El Paso,Texas,United States,1,VEX V5 Robotics Competition,High School
85410,1860C,It Worked Yesterday ¯\(ツ)/¯ !!!,Robin,MOUNTAIN VIEW HIGH SCHOOL,El Paso,Texas,United States,1,VEX V5 Robotics Competition,High School
179030,2522A,Apex Ravens,Alpha,"West Robotics, Inc.",El Paso,Texas,United States,1,VEX V5 Robotics Competition,High School
62097,3269A,Super Evil Caravan,Freaky Jr,Canutillo High School,El Paso,Texas,United States,1,VEX V5 Robotics Competition,High School
78002,3269B,Whiplash,Rusted Nut,Canutillo High School,El Paso,Texas,United States,1,VEX V5 Robotics Competition,High School
58366,4378A,Karmic Knights,CatCarl-bot,J M HANKS HIGH SCHOOL,El Paso,Texas,United States,1,VEX V5 Robotics Competition,High School
58367,4378B,Excalibur,Excalibur,J M HANKS HIGH SCHOOL,El Paso,Texas,United States,1,VEX V5 Robotics Competition,High School
156154,4378X,Knights FC,Ximena,J M Hanks High School,El Paso,Texas,United States,1,VEX V5 Robotics Competition,High School
164272,5912A,Tigertronics,Felix,EL PASO HIGH SCHOOL,El Paso,Texas,United States,1,VEX V5 Robotics Competition,High School
54767,6127A,Arkham Knights,The Dark Knight,Del Valle High School,El Paso,Texas,United States,1,VEX V5 Robotics Competition,High School
54768,6127B,Pizza Planet,zurg,Del Valle High School,El Paso,Texas,United States,1,VEX V5 Robotics Competition,High School
54769,6127C,Undecided,0-1,Del Valle High School,El Paso,Texas,United States,1,VEX V5 Robotics Competition,High School
54770,6127D,Exodus,BumbleBee,Del Valle High School,El Paso,Texas,United States,1,VEX V5 Robotics Competition,High School
117208,8787E,Eastwood,Eastwood,Eastwood High School,El Paso,Texas,United States,1,VEX V5 Robotics Competition,High School
179031,8787S,Peanuts,Robo 5,Eastwood High School,El Paso,Texas,United States,1,VEX V5 Robotics Competition,High School
176333,8787Z,The Rebuilders,Meta,Eastwood High School,El Paso,Texas,United States,1,VEX V5 Robotics Competition,High School
156176,18020A,The Thinkers,totBOT,8020edu,El Paso,Texas,United States,1,VEX V5 Robotics Competition,High School
155429,40217B,GirlBoss,Gary,CHAPIN HIGH SCHOOL,El Paso,Texas,United States,1,VEX V5 Robotics Competition,High School
143707,72203A,Dynamo,Shockwave,BEL AIR HIGH SCHOOL,El Paso,Texas,United States,1,VEX V5 Robotics Competition,High School
143708,72203B,Bel Air Munchies,Wrap n' Roll,BEL AIR HIGH SCHOOL,El Paso,Texas,United States,1,VEX V5 Robotics Competition,High School
91456,74762A,Lucky Ducky,Lucky Ducky,Horizon High School,El Paso,Texas,United States,1,VEX V5 Robotics Competition,High School
90492,74762B,Can_Of_Beans,Bean_Can,HORIZON HIGH SCHOOL,El Paso,Texas,United States,1,VEX V5 Robotics Competition,High School
99322,74762D,SCORPYX,,Horizon High School,El Paso,Texas,United States,1,VEX V5 Robotics Competition,High School
101688,74762E,L.A. Woman,,Horizon High School,El Paso,Texas,United States,1,VEX V5 Robotics Competition,High School
154328,75775A,Digital Natives,,FT DAVIS SCHOOL,Fort Davis,Texas,United States,1,VEX V5 Robotics Competition,High School
139318,79912A,Los Pablos,Pablito,FRANKLIN HIGH SCHOOL,El Paso,Texas,United States,1,VEX V5 Robotics Competition,High School
139319,79912B,Breakfast Club,,FRANKLIN HIGH SCHOOL,El Paso,Texas,United States,1,VEX V5 Robotics Competition,High School
140003,79912C,Genesis,WonTon,FRANKLIN HIGH SCHOOL,El Paso,Texas,United States,1,VEX V5 Robotics Competition,High School
140004,79912D,WASD,WonTon 2,FRANKLIN HIGH SCHOOL,El Paso,Texas,United States,1,VEX V5 Robotics Competition,High School
86987,87217A,High Voltage,WATT-SON,RIVERSIDE HIGH SCHOOL,El Paso,Texas,United States,1,VEX V5 Robotics Competition,High School
147358,91532A,Eastwood JROTC Robotics,Sarge 2.0,EASTWOOD HIGH SCHOOL,El Paso,Texas,United States,1,VEX V5 Robotics Competition,High School
173875,97155G,Grumpys,Fredrick Batholewl the Fourth,Ysleta High School,El Paso,Texas,United States,1,VEX V5 Robotics Competition,High School
173876,97155H,Weapon - X,,Ysleta High School,El Paso,Texas,United States,1,VEX V5 Robotics Competition,High School
173879,97155M,Los Changos,,Ysleta High School,El Paso,Texas,United States,1,VEX V5 Robotics Competition,High School
173880,97155N,DAVEY,,Ysleta High School,El Paso,Texas,United States,1,VEX V5 Robotics Competition,High School
136256,99499A,ANTA,Dunkin Donuts,Harmony Science Academy,El Paso,Texas,United States,1,VEX V5 Robotics Competition,High School
124331,1082E,Carbonated Potato,,LOVEJOY HIGH SCHOOL,Lucas,Texas,United States,1,VEX V5 Robotics Competition,High School
126671,1082G,Ghost,,LOVEJOY HIGH SCHOOL,Lucas,Texas,United States,1,VEX V5 Robotics Competition,High School
140328,1082J,Jumbo Shrimp,,LOVEJOY HIGH SCHOOL,Lucas,Texas,United States,1,VEX V5 Robotics Competition,High School
126439,1082M,Meltdown,,LOVEJOY HIGH SCHOOL,Lucas,Texas,United States,1,VEX V5 Robotics Competition,High School
129858,1082R,Robot Go Vroom Vroom,,LOVEJOY HIGH SCHOOL,Lucas,Texas,United States,1,VEX V5 Robotics Competition,High School
126440,1082S,Shake-N-Bake,,LOVEJOY HIGH SCHOOL,Lucas,Texas,United States,1,VEX V5 Robotics Competition,High School
126670,1082T,Turbulence,,LOVEJOY HIGH SCHOOL,Lucas,Texas,United States,1,VEX V5 Robotics Competition,High School
60897,2025A,The Avengers,S.H.I.E.L.D.,N GARLAND HIGH SCHOOL,Garland,Texas,United States,1,VEX V5 Robotics Competition,High School
84430,2025C,Budget Co.,Low Funds,N GARLAND HIGH SCHOOL,Garland,Texas,United States,1,VEX V5 Robotics Competition,High School
84431,2025D,Terminator,T-800,N GARLAND HIGH SCHOOL,Garland,Texas,United States,1,VEX V5 Robotics Competition,High School
169904,2129C,Inception,,Private Team,Plano,Texas,United States,1,VEX V5 Robotics Competition,High School
177521,3160X,Genesis,Levi,Genesis Robotics,Lucas,Texas,United States,1,VEX V5 Robotics Competition,High School
66155,5408X,GHOST,,SACHSE HIGH SCHOOL,Sachse,Texas,United States,1,VEX V5 Robotics Competition,High School
56084,7110A,Fired Up!,7110A,CARROLL HIGH SCHOOL,Southlake,Texas,United States,1,VEX V5 Robotics Competition,High School
56085,7110B,Fired Up!,7110B,CARROLL HIGH SCHOOL,Southlake,Texas,United States,1,VEX V5 Robotics Competition,High School
129780,7110H,Fired Up!,7110H,CARROLL HIGH SCHOOL,Southlake,Texas,United States,1,VEX V5 Robotics Competition,High School
72424,7110X,Fired Up!,7110X,CARROLL HIGH SCHOOL,Southlake,Texas,United States,1,VEX V5 Robotics Competition,High School
153973,9871E,E=mc²,E=mc²,ACADEMY FOR TECHNOLOGY ENGINEERING MATH & SCIENCE,Abilene,Texas,United States,1,VEX V5 Robotics Competition,High School
136112,9871M,Martyr,Martyr,ACADEMY FOR TECHNOLOGY ENGINEERING MATH & SCIENCE,Abilene,Texas,United States,1,VEX V5 Robotics Competition,High School
124602,11775A,Granbury MCJROTC 1,,GRANBURY HIGH SCHOOL,Granbury,Texas,United States,1,VEX V5 Robotics Competition,High School
123421,17505B,Power Panthers,,IM TERRELL ACADEMY FOR STEM AND VPA,Fort Worth,Texas,United States,1,VEX V5 Robotics Competition,High School
130846,22204K,Wylie Kachow,,WYLIE HIGH SCHOOL,Wylie,Texas,United States,1,VEX V5 Robotics Competition,High School
142452,22204M,Wylie Maverick,,WYLIE HIGH SCHOOL,Wylie,Texas,United States,1,VEX V5 Robotics Competition,High School
130847,22204V,Vanguard,,WYLIE HIGH SCHOOL,Wylie,Texas,United States,1,VEX V5 Robotics Competition,High School
68040,42368B,Loose Screws,Max Thrust,BURKBURNETT HIGH SCHOOL,Burkburnett,Texas,United States,1,VEX V5 Robotics Competition,High School
72871,42368D,Full Spectrum,Mad Monkey,BURKBURNETT HIGH SCHOOL,Burkburnett,Texas,United States,1,VEX V5 Robotics Competition,High School
166646,46167C,The Wolfpack - Anubis,Anubis,RANCHVIEW HIGH SCHOOL,Irving,Texas,United States,1,VEX V5 Robotics Competition,High School
126937,74559A,BozoCats,,CELINA HIGH SCHOOL,Celina,Texas,United States,1,VEX V5 Robotics Competition,High School
143476,74559D,Chopped Chin,,CELINA HIGH SCHOOL,Celina,Texas,United States,1,VEX V5 Robotics Competition,High School
135962,75019A,Coppell Robotics - RKO7,XenoClaw,COPPELL HIGH SCHOOL,Coppell,Texas,United States,1,VEX V5 Robotics Competition,High School
138222,75019H,Coppell Robotics - THE AUTOBOT,The AutoBot,COPPELL HIGH SCHOOL,Coppell,Texas,United States,1,VEX V5 Robotics Competition,High School
113193,75409A,Axiom,,ANNA HIGH SCHOOL,Anna,Texas,United States,1,VEX V5 Robotics Competition,High School
146931,76058A,Why nOt,Rusty,JOSHUA HIGH SCHOOL,Joshua,Texas,United States,1,VEX V5 Robotics Competition,High School
138062,76427A,Los Vaqueros,,BRYSON SCHOOL,Bryson,Texas,United States,1,VEX V5 Robotics Competition,High School
138063,76427B,Eternal Engines,Bryson 2,BRYSON SCHOOL,Bryson,Texas,United States,1,VEX V5 Robotics Competition,High School
124554,87867C,Eclipse,,AI Robotics Academy LLC,Plano,Texas,United States,1,VEX V5 Robotics Competition,High School
129679,87867D,Dusk,,AI & Robotics Academy LLC,Plano,Texas,United States,1,VEX V5 Robotics Competition,High School
98885,88847A,Silent Bot Deadly,,GRANBURY HIGH SCHOOL,Granbury,Texas,United States,1,VEX V5 Robotics Competition,High School
147941,92168A,LCA Micron Movers,,LEGACY CHRISTIAN ACADEMY,Frisco,Texas,United States,1,VEX V5 Robotics Competition,High School
67886,99966A,Owltronics 1,Owlbot,GARLAND HIGH SCHOOL,Garland,Texas,United States,1,VEX V5 Robotics Competition,High School
123705,3028Y,Owlbots,Robo-Owl,SCHOOL FOR THE TALENTED & GIFTED IN PLEASANT GROVE,Dallas,Texas,United States,1,VEX V5 Robotics Competition,Middle School
130332,32410H,G-Y_Double_A_T,,REDWATER J H,Redwater,Texas,United States,1,VEX V5 Robotics Competition,Middle School
127841,75442A,PURPLE STARS,THE GIRL OF MY DREAMS,FARMERSVILLE J H,Farmersville,Texas,United States,1,VEX V5 Robotics Competition,Middle School
127842,75442B,BOT BUSTERS,KAREN,FARMERSVILLE J H,Farmersville,Texas,United States,1,VEX V5 Robotics Competition,Middle School
133327,75442E,THE ENCLAVE,LIBERTY PRIME,Farmersville Junior High School,Farmersville,Texas,United States,1,VEX V5 Robotics Competition,Middle School
138178,75442W,TINY TACOS,,FARMERSVILLE JUNIOR HIGH SCHOOL,Farmersville,Texas,United States,1,VEX V5 Robotics Competition,Middle School
24199,216B,The Color Blue,,Grandville Middle School,Grandville,Michigan,United States,1,VEX V5 Robotics Competition,Middle School
85197,3333N,Cybers Crew,,Notre Dame Prep,Pontiac,Michigan,United States,1,VEX V5 Robotics Competition,Middle School
82092,3547K,VIRUS: Chimera,,Technolgy First,Monroe,Michigan,United States,1,VEX V5 Robotics Competition,Middle School
75721,15155C,Bearcats,,Ubly JH/HS,Ubly,Michigan,United States,1,VEX V5 Robotics Competition,Middle School
75722,15155D,Bearcats,,Ubly JH/HS,Ubly,Michigan,United States,1,VEX V5 Robotics Competition,Middle School
101596,15155E,Bearcats,,UBLY COMMUNITY JRSR HIGH SCHOOL,Ubly,Michigan,United States,1,VEX V5 Robotics Competition,Middle School
48423,3116C,Team Control Freaks Mi BAD,Coco Pop,The John Warner School,Hoddesdon,,United Kingdom,1,VEX V5 Robotics Competition,Middle School
89494,3116X,Team Control Freaks King Jeff,Banana,The John Warner School,Hoddesdon,,United Kingdom,1,VEX V5 Robotics Competition,Middle School
62579,6023J,StoweBots - Y9,,Stowe School,Buckingham,,United Kingdom,1,VEX V5 Robotics Competition,Middle School
66849,6493B,T-ROB2,,Tanfield School,Stanley,,United Kingdom,1,VEX V5 Robotics Competition,Middle School
155290,10042F,Hyper Bots,,Framwellgate School Durham,Durham,,United Kingdom,1,VEX V5 Robotics Competition,Middle School
107266,10478D,UnNn0wn,MiniBot 4,Greig City Academy,London,,United Kingdom,1,VEX V5 Robotics Competition,Middle School
81650,20785B,Bread,Sourdough,Queen Elizabeth's School,London,,United Kingdom,1,VEX V5 Robotics Competition,Middle School
135083,40129A,TCS Vexcaliber,,The Cotswold Academy,Cheltenham,,United Kingdom,1,VEX V5 Robotics Competition,Middle School
161689,54732B,Team 1,Barbienator,Durham Johnston Comp,Durham,,United Kingdom,1,VEX V5 Robotics Competition,Middle School
101340,78116A,HABS_CyberSquad,,Haberdashers' Boys' School,Hertfordshire,,United Kingdom,1,VEX V5 Robotics Competition,Middle School
137694,78116B,HABS_Orbit,,Haberdashers' Boys' School,Hertfordshire,,United Kingdom,1,VEX V5 Robotics Competition,Middle School
139894,78542B,Uffculme Robotics Team Omega,,Uffculme School,Cullompton,,United Kingdom,1,VEX V5 Robotics Competition,Middle School
112460,45009S,The Little Rascals,Robeeto The 5th,YOUNG WOMEN'S LEADERSHIP ACADEMY,El Paso,Texas,United States,1,VEX V5 Robotics Competition,Middle School
44620,6588A,KNOX BOTS 1.0,,KNOX GIFTED ACADEMY,Chandler,Arizona,United States,1,VEX V5 Robotics Competition,Middle School
52720,917B,Exothermic Barrage,,Exothermic Robotics,Redmond,Washington,United States,1,VEX V5 Robotics Competition,Middle School
123982,938D,Blaze Robotics Qubits,,Blaze Robotics Academy,Bellevue,Washington,United States,1,VEX V5 Robotics Competition,Middle School
54322,7784G,C-Bots 3 Mustards and Ella,The Power,CAVELERO MID HIGH SCHOOL,Lake Stevens,Washington,United States,1,VEX V5 Robotics Competition,Middle School
54323,7784H,C-Bots Hydro Boltz,,CAVELERO MID HIGH SCHOOL,Lake Stevens,Washington,United States,1,VEX V5 Robotics Competition,Middle School
61569,7784K,C-Bots  Koding Koalas,,CAVELERO MID HIGH SCHOOL,Lake Stevens,Washington,United States,1,VEX V5 Robotics Competition,Middle School
69331,7784S,C-Bots Blue OX,,CAVELERO MID HIGH SCHOOL,Lake Stevens,Washington,United States,1,VEX V5 Robotics Competition,Middle School
69332,7784T,C-Bots The Rooks,,CAVELERO MID HIGH SCHOOL,Lake Stevens,Washington,United States,1,VEX V5 Robotics Competition,Middle School
76774,10955M,MJS Robotics,MJS,MJES,Oak Harbor,Washington,United States,1,VEX V5 Robotics Competition,Middle School
36148,727B,Terrapin Bale,,TAMPA PREPARATORY SCHOOL,Tampa,Florida,United States,1,VEX V5 Robotics Competition,Middle School
80617,1737K,Qyzyl Zhebe,,International Robotics Academy,Almaty,,Kazakhstan,1,VEX V5 Robotics Competition,Middle School
126561,1737R,Republican Army,,International Robotics Academy,Almaty,,Kazakhstan,1,VEX V5 Robotics Competition,High School
114869,1737S,WALL-E,,International Robotics Academy,Almaty,,Kazakhstan,1,VEX V5 Robotics Competition,High School
119712,1737V,Hot Wheels,,International Robotics Academy,Almaty,,Kazakhstan,1,VEX V5 Robotics Competition,High School
129808,1737W,Samuryq,,International Robotics Academy,Almaty,,Kazakhstan,1,VEX V5 Robotics Competition,High School
106314,1737X,Prosto X,,International Robotics Academy,Almaty,,Kazakhstan,1,VEX V5 Robotics Competition,Middle School
152263,1737Z,Saiqas,,International Robotics Academy,Almaty,,Kazakhstan,1,VEX V5 Robotics Competition,High School
167563,2448K,Balapandar,,ZERTTEU ROBOTICS,Almaty,,Kazakhstan,1,VEX V5 Robotics Competition,High School
183449,2745C,Tumar,,NIS PHM ALMATY,Almaty,,Kazakhstan,1,VEX V5 Robotics Competition,High School
183302,17297F,Mechanicus,Kirpish,Skillset school,Astana,,Kazakhstan,1,VEX V5 Robotics Competition,High School
162205,1902B,The Real Steels - CHS,,CHICO HIGH,Chico,California,United States,1,VEX V5 Robotics Competition,High School
131082,1902G,CHS Panther Robotics: Vexelociraptor,,CHICO HIGH,Chico,California,United States,1,VEX V5 Robotics Competition,High School
131567,1902P,CHS Panther Robotics: T-Vex,,CHICO HIGH,Chico,California,United States,1,VEX V5 Robotics Competition,High School
162197,1902S,Standardized Apes - CHS,,CHICO HIGH,Chico,California,United States,1,VEX V5 Robotics Competition,High School
162199,1902Y,Vexodactyls - CHS,,CHICO HIGH,Chico,California,United States,1,VEX V5 Robotics Competition,High School
175336,1902Z,Löded Diper - CHS,,CHICO HIGH,Chico,California,United States,1,VEX V5 Robotics Competition,High School
82073,9328Y,BurgerBoys,BurgerBot,SHASTA HIGH,Redding,California,United States,1,VEX V5 Robotics Competition,High School
110622,12500B,Anderson  Robotics,Perseverance,ANDERSON HIGH SCHOOL,Anderson,California,United States,1,VEX V5 Robotics Competition,High School
146761,12500G,Anderson Robotics,Ugh,ANDERSON HIGH SCHOOL,Anderson,California,United States,1,VEX V5 Robotics Competition,High School
93272,20132B,Falcon Robotics - Wingin'-It,SKREECHR,Central Valley High School,Shasta Lake,California,United States,1,VEX V5 Robotics Competition,High School
93273,20132C,Falcon Robotics 2,Falcon 2,Central Valley High School,Shasta Lake,California,United States,1,VEX V5 Robotics Competition,High School
93274,20132D,Falcon Robotics - Happy Tapioca,Zestimus Prime,Central Valley High School,Shasta Lake,California,United States,1,VEX V5 Robotics Competition,High School
136962,22906A,Ukiah High,,UKIAH HIGH,Ukiah,California,United States,1,VEX V5 Robotics Competition,High School
71741,29760A,CheerioChasers,CheerioChaser,SHASTA CHARTER ACADEMY,Redding,California,United States,1,VEX V5 Robotics Competition,High School
72875,29760B,Bagel Battalion,DumpsterFire,SHASTA CHARTER ACADEMY,Redding,California,United States,1,VEX V5 Robotics Competition,High School
83805,29760D,Drift,Drift,Shasta Charter Academy,Redding,California,United States,1,VEX V5 Robotics Competition,High School
133759,29760E,Kiweees,The Fruit,Shasta Charter Academy,Redding,California,United States,1,VEX V5 Robotics Competition,High School
172860,29760X,Donut Lords,Automatom,Shasta Charter Academy,Redding,California,United States,1,VEX V5 Robotics Competition,High School
181154,30706A,West Valley High School,,WEST VALLEY EARLY COLLEGE HIGH,Cottonwood,California,United States,1,VEX V5 Robotics Competition,High School
167912,30706W,West Valley High School,,WEST VALLEY EARLY COLLEGE HIGH,Cottonwood,California,United States,1,VEX V5 Robotics Competition,High School
182121,51215A,Amuninous Bretzerkers,,PLEASANT VALLEY HIGH,Chico,California,United States,1,VEX V5 Robotics Competition,High School
182264,51215B,PVHS Team 2,,PLEASANT VALLEY HIGH,Chico,California,United States,1,VEX V5 Robotics Competition,High School
142709,53815A,Foothill,Rizzchard,FOOTHILL HIGH,Palo Cedro,California,United States,1,VEX V5 Robotics Competition,High School
147169,53815D,Foothill,,FOOTHILL HIGH,Palo Cedro,California,United States,1,VEX V5 Robotics Competition,High School
163163,53815K,Foothill,,FOOTHILL HIGH,Palo Cedro,California,United States,1,VEX V5 Robotics Competition,High School
142812,95100C,Corning High,Megatron,CORNING HIGH,Corning,California,United States,1,VEX V5 Robotics Competition,High School
75314,95460A,MendoBotics,95460A,MENDOCINO HIGH,Mendocino,California,United States,1,VEX V5 Robotics Competition,High School
180602,96740A,Inspire Robotics Team A,,INSPIRE SCHOOL OF ARTS AND SCIENCES,Chico,California,United States,1,VEX V5 Robotics Competition,High School
144466,8862A,Sercev Robotics,ANKA II,Serçev Engelsiz MTAL,Ankara,,Türkiye,1,VEX V5 Robotics Competition,High School
174906,11106A,Quantum Robotics,,MBA OKULLARI ORAN KAMPÜSÜ,Ankara,,Türkiye,1,VEX V5 Robotics Competition,High School
137922,11543G,GreenTech,Kratos,Beykoz Doğa Koleji,İstanbul,,Türkiye,1,VEX V5 Robotics Competition,High School
177069,15001T,SAMS,,BAHÇELİEVLER 15 TEMMUZ ŞEHİTLERİ AİHL,İstanbul,,Türkiye,1,VEX V5 Robotics Competition,High School
181222,16232A,RoboRunners,RunnerPrime,MBA School,Bursa,,Türkiye,1,VEX V5 Robotics Competition,High School
137901,18416S,Alfatech,Alfatron,DOĞA KOLEJİ SARIYER KAMPÜSÜ,İstanbul,,Türkiye,1,VEX V5 Robotics Competition,High School
163557,18634D,Apollon Robotic,Apollo,Darussafaka Education Institutions,Istanbul,,Türkiye,1,VEX V5 Robotics Competition,High School
124689,19190T,Takevians,Black Mamba (3. Gen),Samsun TAKEV Lisesi,Samsun,,Türkiye,1,VEX V5 Robotics Competition,High School
161030,20230T,Takevians,Scorpion (2. Gen),Samsun TAKEV Lisesi,Samsun,,Türkiye,1,VEX V5 Robotics Competition,High School
175390,21190Z,TSR TECH,Scorpiosus,YAŞAM TASARIM OKULLARI,Antalya,,Türkiye,1,VEX V5 Robotics Competition,High School
148464,22911M,Team Majors,Sezer,MBA Schools,Istanbul,,Türkiye,1,VEX V5 Robotics Competition,High School
175851,26622B,MBAESTECH,,MBA OKULLARI,Eskişehir,,Türkiye,1,VEX V5 Robotics Competition,High School
164901,28390T,MARKUT,,TÜBİTAK Fen Lisesi,Kocaeli̇/Gebze,,Türkiye,1,VEX V5 Robotics Competition,High School
139589,33900A,ELEGANCE ROBOTICS,ENERGYSERVER,TEVFİK FİKRET ORTAOKULU,Çankaya,,Türkiye,1,VEX V5 Robotics Competition,Middle School
154455,33900B,ANATOLIAN EAGLEBOTS,Devrim 33,TEVFİK FİKRET LİSESİ,Ankara,,Türkiye,1,VEX V5 Robotics Competition,High School
135305,34001A,IORobot,,İbrahim Özaydın Mesleki ve Teknik Anadolu Lisesi,İstanbul,,Türkiye,1,VEX V5 Robotics Competition,High School
176112,34001B,MARIO,,İbrahim Özaydın Mesleki ve Teknik Anadolu Lisesi,İstanbul,,Türkiye,1,VEX V5 Robotics Competition,High School
117708,34035A,MVR,,Yıldız Teknik Üniversitesi Maçka Mesleki ve Teknik Anadolu Lisesi,İstanbul,,Türkiye,1,VEX V5 Robotics Competition,High School
181697,34049A,CyberVex,CyberVex,Bostancı Doğa Koleji,İstanbul,,Türkiye,1,VEX V5 Robotics Competition,High School
181890,34067A,Raven Robotics,RAVEN,ŞEHİT YÜZBAŞI YUSUF KENAN MESLEKİ VE TEKNİK ANADOLU LİSESİ,Istanbul,,Türkiye,1,VEX V5 Robotics Competition,High School
137991,34100A,Robotist,,İstanbul Havalimanı Mesleki ve Teknik Anadolu Lisesi,İstanbul,,Türkiye,1,VEX V5 Robotics Competition,High School
177628,34100B,RobotIST Jr.,,İstanbul Havalimanı Mesleki ve Teknik Anadolu Lisesi,İstanbul,,Türkiye,1,VEX V5 Robotics Competition,High School
180197,34444A,MBAcyborgs,RoboMBA,MBA ÇAMLICA SCHOOLS,İstanbul,,Türkiye,1,VEX V5 Robotics Competition,High School
180706,34589A,Luminous,,... Anadolu Lisesi,Istanbul,,Türkiye,1,VEX V5 Robotics Competition,High School
177209,34999A,Lestrange,Belatrix,Lestrange Robotics,İstanbul,,Türkiye,1,VEX V5 Robotics Competition,High School
179492,41207B,QUANTUM ROBOTS,,ABC Science and Anatolian High School,Ankara,,Türkiye,1,VEX V5 Robotics Competition,High School
104386,46262X,HEXAGON,Ismail Hakki,TEV INANC TURKES OZEL LISESI,Kocaeli̇,,Türkiye,1,VEX V5 Robotics Competition,High School
115476,54437A,Tech4Peace,,Açi Lisesi,Istanbul,,Türkiye,1,VEX V5 Robotics Competition,High School
158042,57570A,KGM ROBOTICS,KGMROBOT,KÜÇÜKÇEKMECE BELEDİYESİ  GENÇLİK MERLKEZİ,Küçükçekmece,,Türkiye,1,VEX V5 Robotics Competition,High School
177226,57933A,ROBODEM,Nexus,ERDEM YAZILIM ANADOLU LİSESİ,İstanbul,,Türkiye,1,VEX V5 Robotics Competition,High School
119578,59001A,TFL Robotics,,Tekirdağ Ebru Nayim Fen Lisesi,Tekirdağ,,Türkiye,1,VEX V5 Robotics Competition,High School
85482,63840R,Cobalt,,Hisar Okulları,İstanbul,,Türkiye,1,VEX V5 Robotics Competition,High School
104915,63840T,Hammersharks,HammerSharks,Hisar School,İstanbul,,Türkiye,1,VEX V5 Robotics Competition,High School
146989,71080V,volTRan Robotics,volTRan Black Lion,Pertevniyal lisesi,İstanbul,,Türkiye,1,VEX V5 Robotics Competition,High School
177394,74598F,RogueTech,Troia,FMA Koleji,Çanakkale,,Türkiye,1,VEX V5 Robotics Competition,High School
167033,80084S,ASRobotics,80084S,Bilim ve Sanat Merkezi,Ankara,,Türkiye,1,VEX V5 Robotics Competition,High School
137739,86840B,NEO Robotics,DQ,Doğa Koleji Ankara Çayyolu Kampüsü Fen ve Teknoloji Lisesi,Ankara,,Türkiye,1,VEX V5 Robotics Competition,High School
137002,86840C,Veritas Robotics,Verity,Doğa Koleji Ankara Çayyolu Kampüsü Fen ve Teknoloji Lisesi,Ankara,,Türkiye,1,VEX V5 Robotics Competition,High School
149926,86840M,Maschinellkraft,,Doğa Koleji Ankara Çukurambar Kampüsü,Ankara,,Türkiye,1,VEX V5 Robotics Competition,High School
157222,90622B,Bilkent Next,ibo,İDV Özel Bilkent Lisesi,Ankara,,Türkiye,1,VEX V5 Robotics Competition,High School
175844,92320T,İBBTECH,İBBTECH,İstanbul Büyükşehir Belediyesi Teknoloji Atölyeleri,İstanbul,,Türkiye,1,VEX V5 Robotics Competition,High School
178192,92320X,İBBTECH,İBBTECH,İstanbul Büyükşehir Belediyesi Teknoloji Atölyeleri,İstanbul,,Türkiye,1,VEX V5 Robotics Competition,High School
153802,343B,Bonkers,Bonkers,ST ALBANS SCHOOL,Washington,District of Columbia,United States,1,VEX V5 Robotics Competition,High School
57582,343X,Chris,Chris,ST ALBANS SCHOOL,Washington,District of Columbia,United States,1,VEX V5 Robotics Competition,High School
171403,2961F,Crimson Tide Engineers,Unknown,DUNBAR HIGH SCHOOL,Washington,District of Columbia,United States,1,VEX V5 Robotics Competition,High School
164105,11555A,Peregrine,Peregrine,THE FIELD SCHOOL,Washington Dc,District of Columbia,United States,1,VEX V5 Robotics Competition,High School
176885,11555B,Kestrel,Kestrel,THE FIELD SCHOOL,Washington Dc,District of Columbia,United States,1,VEX V5 Robotics Competition,High School
130691,17760X,The Techs,,Capitol City Robotics,Washington,District of Columbia,United States,1,VEX V5 Robotics Competition,High School
147095,17760Y,RoboReinas,,Capitol City Robotics,Washington,District of Columbia,United States,1,VEX V5 Robotics Competition,High School
142145,17760Z,The STEMistas,,Capitol City Robotics,Washington,District of Columbia,United States,1,VEX V5 Robotics Competition,High School
142420,19800A,Eagles 1,,MODEL SECONDARY SCHOOL FOR THE DEAF,Washington,District of Columbia,United States,1,VEX V5 Robotics Competition,High School
74056,89422A,Collegiate Robo Knights,Knight Pride,FRIENDSHIP PCS COLLEGIATE ACADEMY,Washington,District of Columbia,United States,1,VEX V5 Robotics Competition,High School
63887,4862E,Avionics Big Bird,Big Bird,Ashbury College,Ottawa,Ontario,Canada,1,VEX V5 Robotics Competition,Middle School
161271,9651A,Hopes and Dreams,Hopes and Dreams,Upper Canada College,Toronto,Ontario,Canada,1,VEX V5 Robotics Competition,Middle School
153963,16868Z,zzz...,,Checkmate Robotics,Markham,Ontario,Canada,1,VEX V5 Robotics Competition,Middle School
93742,40404Y,Error 404,,Error 404 - A.N. Myer S.S.,Niagara Falls,Ontario,Canada,1,VEX V5 Robotics Competition,Middle School
89137,814K,Team Joffrey,,Franklin Area High School,Franklin,Pennsylvania,United States,1,VEX V5 Robotics Competition,High School
115057,814N,Vibe Check,,Franklin Area High School,Franklin,Pennsylvania,United States,1,VEX V5 Robotics Competition,High School
88280,814S,Rada Rada,,Franklin Area High School,Franklin,Pennsylvania,United States,1,VEX V5 Robotics Competition,High School
6606,1462A,Warriors,,PENN TRAFFORD HIGH SCHOOL,Harrison City,Pennsylvania,United States,1,VEX V5 Robotics Competition,High School
17632,1462B,Warriors,,PENN TRAFFORD HIGH SCHOOL,Harrison City,Pennsylvania,United States,1,VEX V5 Robotics Competition,High School
70946,3260A,SHARP,,Sarah Heinz House,Pittsburgh,Pennsylvania,United States,1,VEX V5 Robotics Competition,High School
84567,3260H,SHARP,,Sarah Heinz House,Pittsburgh,Pennsylvania,United States,1,VEX V5 Robotics Competition,High School
116837,3260P,SHARP,,Sarah Heinz House,Pittsburgh,Pennsylvania,United States,1,VEX V5 Robotics Competition,High School
95359,3260R,SHARP,,Sarah Heinz House,Pittsburgh,Pennsylvania,United States,1,VEX V5 Robotics Competition,High School
84566,3260S,SHARP,,Sarah Heinz House,Pittsburgh,Pennsylvania,United States,1,VEX V5 Robotics Competition,High School
161126,3260Z,SHARP,,Sarah Heinz House,Pittsburgh,Pennsylvania,United States,1,VEX V5 Robotics Competition,High School
147932,11921A,Project ZIPTIE,Zippie,FAIRVIEW HIGH SCHOOL,Fairview,Pennsylvania,United States,1,VEX V5 Robotics Competition,High School
170384,11921C,Drill Bit,TECH TIGER,FAIRVIEW HIGH SCHOOL,Fairview,Pennsylvania,United States,1,VEX V5 Robotics Competition,High School
117735,11921F,Revolutionary Robotics,RED TIGER,FAIRVIEW HIGH SCHOOL,Fairview,Pennsylvania,United States,1,VEX V5 Robotics Competition,High School
122595,13756A,EA Robotics,,EAST ALLEGHENY JSHS,North Versailles,Pennsylvania,United States,1,VEX V5 Robotics Competition,High School
122596,13756B,EA Robotics,,EAST ALLEGHENY JSHS,North Versailles,Pennsylvania,United States,1,VEX V5 Robotics Competition,High School
157383,13756C,EA Robotics,,EAST ALLEGHENY JSHS,North Versailles,Pennsylvania,United States,1,VEX V5 Robotics Competition,High School
105458,14082A,Nemesis Prime,,Rocky Grove Jshs,Franklin,Pennsylvania,United States,1,VEX V5 Robotics Competition,High School
119020,14444A,Bison Tech,,FORT LEBOEUF High School,Waterford,Pennsylvania,United States,1,VEX V5 Robotics Competition,High School
94445,15801A,Women in Black,No Name,DUBOIS AREA SHS,Dubois,Pennsylvania,United States,1,VEX V5 Robotics Competition,High School
94446,15801B,OCR,,DUBOIS AREA SHS,Dubois,Pennsylvania,United States,1,VEX V5 Robotics Competition,High School
94447,15801C,The Troubleshooters,,DUBOIS AREA SHS,Dubois,Pennsylvania,United States,1,VEX V5 Robotics Competition,High School
94451,15801E,The Mad Scientists,Dr. Squilliam Von Fredrick Jr V,DUBOIS AREA SHS,Dubois,Pennsylvania,United States,1,VEX V5 Robotics Competition,High School
94452,15801F,Band Kids,,Dubois Area Senior High School,Dubois,Pennsylvania,United States,1,VEX V5 Robotics Competition,High School
170521,16346U,Slithering Snakes,Undefine,CRANBERRY AREA JSHS,Seneca,Pennsylvania,United States,1,VEX V5 Robotics Competition,High School
157980,16346W,Non-Copyright Infringing Cartoon Evil Guy Inc.,,CRANBERRY AREA JSHS,Seneca,Pennsylvania,United States,1,VEX V5 Robotics Competition,High School
157979,16346X,VEX-tor,Because I commit...,CRANBERRY AREA JSHS,Seneca,Pennsylvania,United States,1,VEX V5 Robotics Competition,High School
156568,16438C,Walle,Veni Vidi Vici,UNION CITY HIGH SCHOOL,Union City,Pennsylvania,United States,1,VEX V5 Robotics Competition,High School
156567,16438U,Crimson Gear,Craig,UNION CITY HIGH SCHOOL,Union City,Pennsylvania,United States,1,VEX V5 Robotics Competition,High School
132857,21468A,Ringgold Robotics,,RINGGOLD SHS,Monogahela,Pennsylvania,United States,1,VEX V5 Robotics Competition,High School
159405,32219A,Speed,,UPPER SAINT CLAIR HIGH SCHOOL,Upper St Clair,Pennsylvania,United States,1,VEX V5 Robotics Competition,High School
159406,32219B,Atlas,,UPPER SAINT CLAIR HIGH SCHOOL,Upper St Clair,Pennsylvania,United States,1,VEX V5 Robotics Competition,High School
174303,32219C,Titans,,UPPER SAINT CLAIR HIGH SCHOOL,Upper St Clair,Pennsylvania,United States,1,VEX V5 Robotics Competition,High School
178979,32767A,2^15-1,,SHADY SIDE ACADEMY,Pittsburgh,Pennsylvania,United States,1,VEX V5 Robotics Competition,High School
129971,48580A,VTC A - Oblivion,,VENANGO TECHNOLOGY CENTER,Oil City,Pennsylvania,United States,1,VEX V5 Robotics Competition,High School
129972,48580B,VTC B - The Hive,,VENANGO TECHNOLOGY CENTER,Oil City,Pennsylvania,United States,1,VEX V5 Robotics Competition,High School
145276,48580C,VTC C - Patent Pending,,VENANGO TECHNOLOGY CENTER,Oil City,Pennsylvania,United States,1,VEX V5 Robotics Competition,High School
147489,52575C,I can't pronounce that!,Cookie,WARREN AREA HIGH SCHOOL,Warren,Pennsylvania,United States,1,VEX V5 Robotics Competition,High School
134029,55286A,Meow~~,Makapaka,ONE,Pittsburgh,Pennsylvania,United States,1,VEX V5 Robotics Competition,High School
119002,56238A,HCRC,Huskie,HARBOR CREEK SENIOR HIGH SCHOOL,Harborcreek,Pennsylvania,United States,1,VEX V5 Robotics Competition,High School
125357,58690A,Oreo Blizzard,,WESTERN PENNSYLVANIA SCHOOL FOR THE DEAF,Pittsburgh,Pennsylvania,United States,1,VEX V5 Robotics Competition,High School
118352,65280A,Mean Machine,Mean Machine 1,CLARION AREA JSHS,Clarion,Pennsylvania,United States,1,VEX V5 Robotics Competition,High School
84824,65524A,Femininomenon,Femininomenon,BRENTWOOD SHS,Pittsburgh,Pennsylvania,United States,1,VEX V5 Robotics Competition,High School
84823,65524B,Medium Rare,Hugh Steaks,BRENTWOOD SHS,Pittsburgh,Pennsylvania,United States,1,VEX V5 Robotics Competition,High School
147406,71161A,Powerful Programming Panthers,,RIVERSIDE HIGH SCHOOL,Ellwood City,Pennsylvania,United States,1,VEX V5 Robotics Competition,High School
178014,71161B,Powerful Programming Panthers,,RIVERSIDE HIGH SCHOOL,Ellwood City,Pennsylvania,United States,1,VEX V5 Robotics Competition,High School
101738,79163B,The Mighty Oranges,,North Clarion Co Jshs,Tionesta,Pennsylvania,United States,1,VEX V5 Robotics Competition,High School
101758,79163D,Low IQ,Jackson,North Clarion Co Jshs,Tionesta,Pennsylvania,United States,1,VEX V5 Robotics Competition,High School
101760,79163F,Daddy's Money,,North Clarion Co Jshs,Tionesta,Pennsylvania,United States,1,VEX V5 Robotics Competition,High School
52411,174B,Arctic Warriors,,Liverpool High School,Liverpool,New York,United States,1,VEX V5 Robotics Competition,High School
131626,174C,Arctic Warriors,,Liverpool High School,Liverpool,New York,United States,1,VEX V5 Robotics Competition,High School
148874,174D,Arctic Warriors,,Liverpool High School,Liverpool,New York,United States,1,VEX V5 Robotics Competition,High School
149643,174E,Arctic Warriors,,Liverpool High School,Liverpool,New York,United States,1,VEX V5 Robotics Competition,High School
149787,1716A,Student Driver,Krystal,NIAGARA FALLS HIGH SCHOOL,Niagara Falls,New York,United States,1,VEX V5 Robotics Competition,High School
149788,1716B,Cujo,Cujo,NIAGARA FALLS HIGH SCHOOL,Niagara Falls,New York,United States,1,VEX V5 Robotics Competition,High School
160338,1716M,Unbent Metal,Knockout,NIAGARA FALLS HIGH SCHOOL,Niagara Falls,New York,United States,1,VEX V5 Robotics Competition,High School
98477,1757A,T.O.R.Q.,,Mexico High School,Mexico,New York,United States,1,VEX V5 Robotics Competition,High School
127937,1870B,Wall-E CHS,Wall-E,CANISIUS HIGH SCHOOL,Buffalo,New York,United States,1,VEX V5 Robotics Competition,High School
147873,1870D,Crain Brain CHS,Crain Brain,CANISIUS HIGH SCHOOL,Buffalo,New York,United States,1,VEX V5 Robotics Competition,High School
147874,1870E,"Clan ""Rice"" Skryre CHS","Clan ""Rice"" Skryre",CANISIUS HIGH SCHOOL,Buffalo,New York,United States,1,VEX V5 Robotics Competition,High School
164510,1870F,Jave Monster CHS,Java Monster,CANISIUS HIGH SCHOOL,Buffalo,New York,United States,1,VEX V5 Robotics Competition,High School
89271,3699A,Wall-E the Warrior,Warrior Strong,Chenango Valley High School,Binghamton,New York,United States,1,VEX V5 Robotics Competition,High School
31054,4171A,Sicko Code,Baller,Pioneer Senior High School,Yorkshire,New York,United States,1,VEX V5 Robotics Competition,High School
57811,5111A,AP 5111A,AP 5111A,AVERILL PARK HIGH SCHOOL,Troy,New York,United States,1,VEX V5 Robotics Competition,High School
57812,5111B,AP 5111B,AP 5111B,AVERILL PARK HIGH SCHOOL,Troy,New York,United States,1,VEX V5 Robotics Competition,High School
57813,5111C,AP 5111C,AP 5111C,AVERILL PARK HIGH SCHOOL,Troy,New York,United States,1,VEX V5 Robotics Competition,High School
57814,5111D,AP 5111D,AP 5111D,AVERILL PARK HIGH SCHOOL,Troy,New York,United States,1,VEX V5 Robotics Competition,High School
85868,5501B,Team B,,GUILDERLAND HIGH SCHOOL,Guilderland Center,New York,United States,1,VEX V5 Robotics Competition,High School
136513,5501C,Team C,,GUILDERLAND HIGH SCHOOL,Guilderland Center,New York,United States,1,VEX V5 Robotics Competition,High School
136514,5501D,Team D,,GUILDERLAND HIGH SCHOOL,Guilderland Center,New York,United States,1,VEX V5 Robotics Competition,High School
178360,5501X,Tech Support,,GUILDERLAND HIGH SCHOOL,Guilderland Center,New York,United States,1,VEX V5 Robotics Competition,High School
62642,6527A,Windham Warriors,Stand-Off,Windham Ashland Central School,Windham,New York,United States,1,VEX V5 Robotics Competition,High School
62643,6527B,Windham Warriors,Cupcake,Windham Ashland Central School,Windham,New York,United States,1,VEX V5 Robotics Competition,High School
51759,7157A,Pandamonium,Panda Express,CHITTENANGO HIGH SCHOOL,Chittenango,New York,United States,1,VEX V5 Robotics Competition,High School
57598,7157B,Mystery Machine,,CHITTENANGO HIGH SCHOOL,Chittenango,New York,United States,1,VEX V5 Robotics Competition,High School
73777,7157D,Steel Dragon,,CHITTENANGO HIGH SCHOOL,Chittenango,New York,United States,1,VEX V5 Robotics Competition,High School
92155,7157M,Mr. Roboto,,CHITTENANGO HIGH SCHOOL,Chittenango,New York,United States,1,VEX V5 Robotics Competition,High School
176172,7157S,Party Monkeys,,CHITTENANGO HIGH SCHOOL,Chittenango,New York,United States,1,VEX V5 Robotics Competition,High School
176173,7157V,Spatial Warp,,CHITTENANGO HIGH SCHOOL,Chittenango,New York,United States,1,VEX V5 Robotics Competition,High School
124297,7157X,Bot de la Muerte 6.0,,CHITTENANGO HIGH SCHOOL,Chittenango,New York,United States,1,VEX V5 Robotics Competition,High School
176175,7157Z,Foo Frogs Revamped,,CHITTENANGO HIGH SCHOOL,Chittenango,New York,United States,1,VEX V5 Robotics Competition,High School
58046,8746A,Black Knights,,ROME FREE ACADEMY,Rome,New York,United States,1,VEX V5 Robotics Competition,High School
65026,8746B,Vaultlock,,ROME FREE ACADEMY,Rome,New York,United States,1,VEX V5 Robotics Competition,High School
55625,8828A,Blue Streak Robotics,,Saratoga Springs High School,Saratoga Springs,New York,United States,1,VEX V5 Robotics Competition,High School
64367,8876C,STEAM-C,,QUEENSBURY SENIOR HIGH SCHOOL,Queensbury,New York,United States,1,VEX V5 Robotics Competition,High School
75936,8876E,Entropy,,QUEENSBURY SENIOR HIGH SCHOOL,Queensbury,New York,United States,1,VEX V5 Robotics Competition,High School
164411,12801B,Black Bears,Jerry,GLENS FALLS SENIOR HIGH SCHOOL,Glens Falls,New York,United States,1,VEX V5 Robotics Competition,High School
70528,12946Z,Northwood School Robotics,RoboDogZ,NORTHWOOD SCHOOL,Lake Placid,New York,United States,1,VEX V5 Robotics Competition,High School
128675,13460B,Womp Womp,,Sherburne-Earlville Senior High School,Sherburne,New York,United States,1,VEX V5 Robotics Competition,High School
164662,13460D,T-Wolves,,Sherburne-Earlville Senior High School,Sherburne,New York,United States,1,VEX V5 Robotics Competition,High School
101374,14711A,HanktheTank,HanktheTank,Belfast School,Belfast,New York,United States,1,VEX V5 Robotics Competition,High School
101375,14711B,Screwdriver,Screwdriver,Belfast School,Belfast,New York,United States,1,VEX V5 Robotics Competition,High School
101377,14711C,Timothy III,Timothy III,Belfast School,Belfast,New York,United States,1,VEX V5 Robotics Competition,High School
101368,14770A,Portville,14770A,Portville Junior-senior High School,Portville,New York,United States,1,VEX V5 Robotics Competition,High School
79852,14807A,BRAGGS 1N C0DE,,CANASERAGA SCHOOL,Canaseraga,New York,United States,1,VEX V5 Robotics Competition,High School
101367,14895A,Bet on Black Robotics,SkryzBot,Wellsville Secondary School,Wellsville,New York,United States,1,VEX V5 Robotics Competition,High School
107984,14895B,Barely There,Barely Together,WELLSVILLE SECONDARY SCHOOL,Wellsville,New York,United States,1,VEX V5 Robotics Competition,High School
145471,14895C,Roll Out Robotics,Optimus Not So Prime,WELLSVILLE SECONDARY SCHOOL,Wellsville,New York,United States,1,VEX V5 Robotics Competition,High School
178137,14895D,Gear Gurus,,WELLSVILLE SECONDARY SCHOOL,Wellsville,New York,United States,1,VEX V5 Robotics Competition,High School
77083,15796B,Team Awesome,Josh Allen,WEST GENESEE SENIOR HIGH SCHOOL,Camillus,New York,United States,1,VEX V5 Robotics Competition,High School
89026,15796C,Painkakes,,WEST GENESEE SENIOR HIGH SCHOOL,Camillus,New York,United States,1,VEX V5 Robotics Competition,High School
164320,23241A,RPI STEP VEX,TOMM,Rensselaer Polytechnic Institute - STEP,Troy,New York,United States,1,VEX V5 Robotics Competition,High School
172484,23241B,RPI STEP VEX,STEVE,Rensselaer Polytechnic Institute - STEP,Troy,New York,United States,1,VEX V5 Robotics Competition,High School
172485,23241C,RPI STEP VEX,EVE,Rensselaer Polytechnic Institute - STEP,Troy,New York,United States,1,VEX V5 Robotics Competition,High School
180400,26455A,Radical Robots,,Adirondack Robotics Club,Queensbury,New York,United States,1,VEX V5 Robotics Competition,High School
177331,34000S,[Co.R.E.] sVector,sVECTOR,SANDY CREEK HIGH SCHOOL,Sandy Creek,New York,United States,1,VEX V5 Robotics Competition,High School
177338,34000T,[Co.R.E.] Timmy,Timmy Jr.,SANDY CREEK HIGH SCHOOL,Sandy Creek,New York,United States,1,VEX V5 Robotics Competition,High School
70445,34000Z,[Co.R.E.],,Sandy Creek Central School,Sandy Creek,New York,United States,1,VEX V5 Robotics Competition,High School
77034,34087A,Scuba Steve,,LA FAYETTE JUNIOR-SENIOR HIGH SCHOOL,Lafayette,New York,United States,1,VEX V5 Robotics Competition,High School
154560,53417P,Firebirds,,JOHN C BIRDLEBOUGH HIGH SCHOOL,Phoenix,New York,United States,1,VEX V5 Robotics Competition,High School
177995,53417X,Firebirds 2,,JOHN C BIRDLEBOUGH HIGH SCHOOL,Phoenix,New York,United States,1,VEX V5 Robotics Competition,High School
147521,53999G,Robo Hornets,,HARPURSVILLE JUNIOR-SENIOR HIGH SCHOOL,Harpursville,New York,United States,1,VEX V5 Robotics Competition,High School
162676,53999H,Robo Hornets,,HARPURSVILLE JUNIOR-SENIOR HIGH SCHOOL,Harpursville,New York,United States,1,VEX V5 Robotics Competition,High School
134599,53999P,Robo Hornets,Jimmy 2,HARPURSVILLE JUNIOR-SENIOR HIGH SCHOOL,Harpursville,New York,United States,1,VEX V5 Robotics Competition,High School
176161,61775B,Dunkirk Marauders,,DUNKIRK SENIOR HIGH SCHOOL,Dunkirk,New York,United States,1,VEX V5 Robotics Competition,High School
76851,64040A,Lake George Robitcs,Alpha,LAKE GEORGE High School,Lake George,New York,United States,1,VEX V5 Robotics Competition,High School
76852,64040B,Lake George Robotics,Bravo,LAKE GEORGE High School,Lake George,New York,United States,1,VEX V5 Robotics Competition,High School
158264,64783A,The Nerd Herd,,CHAUTAUQUA LAKE SECONDARY SCHOOL,Mayville,New York,United States,1,VEX V5 Robotics Competition,High School
163456,64783B,Mayville Meanies,,CHAUTAUQUA LAKE SECONDARY SCHOOL,Mayville,New York,United States,1,VEX V5 Robotics Competition,High School
175546,64783C,Skibidi Slicers,Mr Roboto,CHAUTAUQUA LAKE SECONDARY SCHOOL,Mayville,New York,United States,1,VEX V5 Robotics Competition,High School
90463,64820A,CRCS Flying Solo,Flying Solo,Cuba-rushford High School,Cuba,New York,United States,1,VEX V5 Robotics Competition,High School
101379,64820B,CRCS Levine-inator,Levineiinator,CUBA-RUSHFORD HIGH SCHOOL,Cuba,New York,United States,1,VEX V5 Robotics Competition,High School
107986,84207A,LaSalle Institute,LSI Cadet 1,LA SALLE INSTITUTE,Troy,New York,United States,1,VEX V5 Robotics Competition,High School
123004,1170B,Humboldt Makerspace,,Alexander-von-Humboldt-Gymnasium Berlin,Berlin,Berlin,Germany,1,VEX V5 Robotics Competition,Middle School
114529,15444A,Silver Arrow,Mechatron 2025,BBS Lingen Technik und Gestaltung,Lingen,Niedersachsen,Germany,1,VEX V5 Robotics Competition,High School
122874,15444B,Team BBS-Lingen AG,GuTec2024,BBS Lingen Technik und Gestaltung,Lingen,Niedersachsen,Germany,1,VEX V5 Robotics Competition,High School
119546,19706A,BBS-FOT2A,FOT2A,Berufsschule Fachoberschule Technik,Leer (Ostfriesland),Niedersachsen,Germany,1,VEX V5 Robotics Competition,High School
168474,19706B,BBS-FOT2B,FOT2B,Berufsschule Fachoberschule Technik,Leer (Ostfriesland),Niedersachsen,Germany,1,VEX V5 Robotics Competition,High School
103867,33356A,OPS-NEWROBOT 1,OPS ROBOT 1,Oscar-Paret-Schule Freiberg am Neckar,Freiberg Am Neckar,Baden-Württemberg,Germany,1,VEX V5 Robotics Competition,High School
103161,35993A,The Rockys 1,,IGS Rockenhausen,Rockenhausen,Rheinland-Pfalz,Germany,1,VEX V5 Robotics Competition,High School
119524,35993B,The Rockys 2,,IGS Rockenhausen,Rockenhausen,Rheinland-Pfalz,Germany,1,VEX V5 Robotics Competition,Middle School
108176,48952E,BEST-Ghosts,BEST-Ghost,BEST-Sabel Bildungseinrichtungen gGmbH,Berlin,Berlin,Germany,1,VEX V5 Robotics Competition,High School
178644,48952G,BEST-Bears,BEST-Bear,BSB gGmbH Gemeinnützige Bildungsgesellschaft,Berlin,Berlin,Germany,1,VEX V5 Robotics Competition,High School
180336,61440A,WARRIOR,WARRIOR,Frankfurt International School,Oberursel (Taunus),Hessen,Germany,1,VEX V5 Robotics Competition,High School
118809,66497A,Cosmo,CosmoBot,Berlin Cosmopolitan School,Berlin,Berlin,Germany,1,VEX V5 Robotics Competition,High School
181236,73037W,Robosapiens,,Werner-Heisenberg-Gymnasium Göppingen,Göppingen,Baden-Württemberg,Germany,1,VEX V5 Robotics Competition,High School
149217,73447A,EAGoat,,Ernst-Abbe-Gymnasium,Oberkochen,Baden-Württemberg,Germany,1,VEX V5 Robotics Competition,High School
90883,76565A,Team Heinitz,Heinz,Heinitz-Gymnasium Rüdersdorf,Rüdersdorf,Brandenburg,Germany,1,VEX V5 Robotics Competition,High School
132593,34012C,Vador,Callows,THOMAS JEFFERSON CHARTER,Caldwell,Idaho,United States,1,VEX V5 Robotics Competition,Middle School
35890,1588A,JD,,WOOD RIVER HIGH SCHOOL,Hailey,Idaho,United States,1,VEX V5 Robotics Competition,High School
32554,1588B,Hydra Cushion Suspension,,WOOD RIVER HIGH SCHOOL,Hailey,Idaho,United States,1,VEX V5 Robotics Competition,High School
60614,1588H,Canned Air,Phrank,WOOD RIVER HIGH SCHOOL,Hailey,Idaho,United States,1,VEX V5 Robotics Competition,High School
60615,1588J,Driving Me Nuts,,Wood River High School,Hailey,Idaho,United States,1,VEX V5 Robotics Competition,High School
133085,1588N,Crash Test Dummies,,Wood River High School,Hailey,Idaho,United States,1,VEX V5 Robotics Competition,High School
111208,1588X,"Alabama, Arkansas I do love my ma and pa",Let me come home Home is wherever I'm with you,Wood River High School,Hailey,Idaho,United States,1,VEX V5 Robotics Competition,High School
30490,4647A,*Spontaneous Combustion*,Fire Hazzard,MADISON SENIOR HIGH SCHOOL,Rexburg,Idaho,United States,1,VEX V5 Robotics Competition,High School
34015,5689B,Social Hour,Minerva,CALDWELL SENIOR HIGH SCHOOL,Caldwell,Idaho,United States,1,VEX V5 Robotics Competition,High School
39991,5689C,AC Construction Site,The Crane,CALDWELL SENIOR HIGH SCHOOL,Caldwell,Idaho,United States,1,VEX V5 Robotics Competition,High School
50839,5689E,Team Alchemy,AURUM,CALDWELL SENIOR HIGH SCHOOL,Caldwell,Idaho,United States,1,VEX V5 Robotics Competition,High School
51776,9551A,H.I.V.E.,H.I.V.E.,WEISER HIGH SCHOOL,Weiser,Idaho,United States,1,VEX V5 Robotics Competition,High School
51777,9551B,X4-FORCE,X4-FORCE,WEISER HIGH SCHOOL,Weiser,Idaho,United States,1,VEX V5 Robotics Competition,High School
51778,9551C,J-5 ALIVE,J-5 ALIVE,WEISER HIGH SCHOOL,Weiser,Idaho,United States,1,VEX V5 Robotics Competition,High School
57926,9551D,Moxxi,Moxxi,WEISER HIGH SCHOOL,Weiser,Idaho,United States,1,VEX V5 Robotics Competition,High School
88208,9551F,Circuit Breakers,Circuit Breakers,WEISER HIGH SCHOOL,Weiser,Idaho,United States,1,VEX V5 Robotics Competition,High School
147159,9551G,W.E.A.B.,W.E.A.B.,WEISER HIGH SCHOOL,Weiser,Idaho,United States,1,VEX V5 Robotics Competition,High School
52305,9776A,Fix it with zip ties,zippy,RIGBY HIGH SCHOOL,Rigby,Idaho,United States,1,VEX V5 Robotics Competition,High School
72475,9776B,#Bestiesforlife,Mother of Clementine,RIGBY HIGH SCHOOL,Rigby,Idaho,United States,1,VEX V5 Robotics Competition,High School
88793,9776C,Donut eat our steaks,maple bar,RIGBY HIGH SCHOOL,Rigby,Idaho,United States,1,VEX V5 Robotics Competition,High School
105694,9776D,Odds & Ends,Missing pieces,RIGBY HIGH SCHOOL,Rigby,Idaho,United States,1,VEX V5 Robotics Competition,High School
141962,9776G,Donut Lords,Mr. Krabs,RIGBY HIGH SCHOOL,Rigby,Idaho,United States,1,VEX V5 Robotics Competition,High School
108674,11777A,Not Fast Just Furious,Octavius,NAMPA CHRISTIAN SCHOOLS,Nampa,Idaho,United States,1,VEX V5 Robotics Competition,High School
108691,11777B,TBD,,NAMPA CHRISTIAN SCHOOLS,Nampa,Idaho,United States,1,VEX V5 Robotics Competition,High School
108932,11777C,MONTE,MONTE,NAMPA CHRISTIAN SCHOOLS,Nampa,Idaho,United States,1,VEX V5 Robotics Competition,High School
123299,11777X,BRIAN,,NAMPA CHRISTIAN SCHOOLS,Nampa,Idaho,United States,1,VEX V5 Robotics Competition,High School
124036,11777Y,Scary Henry,,NAMPA CHRISTIAN SCHOOLS,Nampa,Idaho,United States,1,VEX V5 Robotics Competition,High School
132590,34012A,Double Black,Elise,THOMAS JEFFERSON CHARTER,Caldwell,Idaho,United States,1,VEX V5 Robotics Competition,High School
93559,63031A,Rust-eze,,Vallivue High School,Caldwell,Idaho,United States,1,VEX V5 Robotics Competition,High School
93561,63031B,Dinoco,,Vallivue High School,Caldwell,Idaho,United States,1,VEX V5 Robotics Competition,High School
129598,63031D,Storm,,Vallivue High School,Caldwell,Idaho,United States,1,VEX V5 Robotics Competition,High School
171071,63031Z,Oozma Kappa,,Vallivue High School,Caldwell,Idaho,United States,1,VEX V5 Robotics Competition,High School
40300,415A,The Mucks,,Anderson I & II Career & Technology Center,Williamston,South Carolina,United States,1,VEX V5 Robotics Competition,High School
51413,415C,Mech Marvels,Juicebox,Anderson I & II Career & Technology Center,Williamston,South Carolina,United States,1,VEX V5 Robotics Competition,High School
51414,415D,Rust In Peace,Atom,Anderson I & II Career & Technology Center,Williamston,South Carolina,United States,1,VEX V5 Robotics Competition,High School
134162,415J,Wit's End,Jorge,Anderson I & II Career & Technology Center,Williamston,South Carolina,United States,1,VEX V5 Robotics Competition,High School
63747,3796A,Mann Made,,J. L. MANN HIGH ACADEMY,Greenville,South Carolina,United States,1,VEX V5 Robotics Competition,High School
63748,3796B,Birds Aren't Real,,J. L. MANN HIGH ACADEMY,Greenville,South Carolina,United States,1,VEX V5 Robotics Competition,High School
99392,3796D,Defiant Attempts,,J. L. MANN HIGH ACADEMY,Greenville,South Carolina,United States,1,VEX V5 Robotics Competition,High School
103604,3796E,Caution! Student Drivers!,,J. L. MANN HIGH ACADEMY,Greenville,South Carolina,United States,1,VEX V5 Robotics Competition,High School
110304,3796F,Pay Respects,,J. L. MANN HIGH ACADEMY,Greenville,South Carolina,United States,1,VEX V5 Robotics Competition,High School
131220,3796G,Goated!,Lebron Tron,J. L. MANN HIGH ACADEMY,Greenville,South Carolina,United States,1,VEX V5 Robotics Competition,High School
131221,3796H,Hooligans,,J. L. MANN HIGH ACADEMY,Greenville,South Carolina,United States,1,VEX V5 Robotics Competition,High School
139828,3796J,Jank,,J. L. MANN HIGH ACADEMY,Greenville,South Carolina,United States,1,VEX V5 Robotics Competition,High School
139829,3796K,Roomba,,J. L. MANN HIGH ACADEMY,Greenville,South Carolina,United States,1,VEX V5 Robotics Competition,High School
101902,7432E,EquinoX,,Dutch Fork High School,Irmo,South Carolina,United States,1,VEX V5 Robotics Competition,High School
169710,7447G,The Dysfunctional,Greg,Pickens County Career and Technology Center,Liberty,South Carolina,United States,1,VEX V5 Robotics Competition,High School
129438,8926W,Wigglebots,Wiggles,YNOT Robotics,Spartanburg,South Carolina,United States,1,VEX V5 Robotics Competition,High School
52942,9447A,Gear Grinders,,Palmetto Scholars Academy,North Charleston,South Carolina,United States,1,VEX V5 Robotics Competition,High School
95094,9447G,Exploding Kittens,,PALMETTO SCHOLARS ACADEMY,North Charleston,South Carolina,United States,1,VEX V5 Robotics Competition,High School
142576,9447W,Stark Industries,,Palmetto Scholars Academy,North Charleston,South Carolina,United States,1,VEX V5 Robotics Competition,High School
85260,9623H,Horizyns,,WEST ASHLEY HIGH,Charleston,South Carolina,United States,1,VEX V5 Robotics Competition,High School
112629,9623W,Lucky Charms,,West Ashley High School,Charleston,South Carolina,United States,1,VEX V5 Robotics Competition,High School
52902,9880A,Chefbots,Chef Johnny,JAMES F. BYRNES HIGH,Duncan,South Carolina,United States,1,VEX V5 Robotics Competition,High School
63999,9880B,SHMAC_J-Tac,Patricia,JAMES F. BYRNES HIGH,Duncan,South Carolina,United States,1,VEX V5 Robotics Competition,High School
173500,21510W,Wistickle Wizeds,,BLUE RIDGE HIGH,Greer,South Carolina,United States,1,VEX V5 Robotics Competition,High School
173501,21510Y,Yetiz,Big Cheese,BLUE RIDGE HIGH,Greer,South Carolina,United States,1,VEX V5 Robotics Competition,High School
119359,26468A,Bengal Bots,,BLYTHEWOOD HIGH,Blythewood,South Carolina,United States,1,VEX V5 Robotics Competition,High School
141968,26468B,Bengal Super Tanks,,BLYTHEWOOD HIGH,Blythewood,South Carolina,United States,1,VEX V5 Robotics Competition,High School
141969,26468C,Bengal Tigertrons,,BLYTHEWOOD HIGH,Blythewood,South Carolina,United States,1,VEX V5 Robotics Competition,High School
144129,31617A,Dark Matter,,CSRA HEA,North Augusta,South Carolina,United States,1,VEX V5 Robotics Competition,High School
157005,31617Z,Zero Gravity,Giga Jimmy,CSRA HEA,North Augusta,South Carolina,United States,1,VEX V5 Robotics Competition,High School
118513,44252A,Arsenic,,LEXINGTON TECHNOLOGY CENTER,Lexington,South Carolina,United States,1,VEX V5 Robotics Competition,High School
142292,44252C,Cobalt,Cobras,LEXINGTON TECHNOLOGY CENTER,Lexington,South Carolina,United States,1,VEX V5 Robotics Competition,High School
154603,44252R,Radium,STEM Reaper,LEXINGTON TECHNOLOGY CENTER,Lexington,South Carolina,United States,1,VEX V5 Robotics Competition,High School
134585,65162A,Tera-Byte,,BOB JONES ACADEMY,Greenville,South Carolina,United States,1,VEX V5 Robotics Competition,High School
142507,65162C,Antares,,BOB JONES ACADEMY,Greenville,South Carolina,United States,1,VEX V5 Robotics Competition,High School
158018,79267S,Strength in Numbers,H.S. Agent Scooter,River Bluff High School,Lexington,South Carolina,United States,1,VEX V5 Robotics Competition,High School
133394,79267V,Robo Reptiles,H.M. Bionic Reptile,River Bluff High School,Lexington,South Carolina,United States,1,VEX V5 Robotics Competition,High School
157943,79267W,Darth Gator,Luke,River Bluff High School,Lexington,South Carolina,United States,1,VEX V5 Robotics Competition,High School
130274,86400G,Grey Area,,WADE HAMPTON HIGH,Greenville,South Carolina,United States,1,VEX V5 Robotics Competition,High School
174231,95059D,Wabba Duckies,,Wabba Duckies,Landrum,South Carolina,United States,1,VEX V5 Robotics Competition,High School
153418,1154A,Bumpkins,The Pumpkin,Private team,Erda,Utah,United States,1,VEX V5 Robotics Competition,High School
169741,1154D,Double Trouble,Tower of Power,Private team,Erda,Utah,United States,1,VEX V5 Robotics Competition,High School
145669,1908B,Bullseye,Banjo,Wasatch High School,Heber City,Utah,United States,1,VEX V5 Robotics Competition,High School
161009,1908V,Shotgun,Kazooie,Wasatch High School,Heber City,Utah,United States,1,VEX V5 Robotics Competition,High School
171032,2054V,Pika Pika,PikaBot,Pika Pika Robotics,Kaysville,Utah,United States,1,VEX V5 Robotics Competition,High School
59897,2131F,Error 404 “Team_Name” Not Found,Robot,DAVIS HIGH,Kaysville,Utah,United States,1,VEX V5 Robotics Competition,High School
64855,2131G,SlothBots,,DAVIS HIGH,Kaysville,Utah,United States,1,VEX V5 Robotics Competition,High School
84112,2131H,HiveMind,,DAVIS HIGH,Kaysville,Utah,United States,1,VEX V5 Robotics Competition,High School
93661,2131J,Rita,,DAVIS HIGH,Kaysville,Utah,United States,1,VEX V5 Robotics Competition,High School
93662,2131N,FlyTrap,,DAVIS HIGH,Kaysville,Utah,United States,1,VEX V5 Robotics Competition,High School
90363,2131V,Spit Valve,,DAVIS HIGH,Kaysville,Utah,United States,1,VEX V5 Robotics Competition,High School
93665,2131Y,Susan,,DAVIS HIGH,Kaysville,Utah,United States,1,VEX V5 Robotics Competition,High School
117676,2323D,Deleterious,,WEBER INNOVATION HIGH SCHOOL,Ogden,Utah,United States,1,VEX V5 Robotics Competition,High School
159871,2323H,Havok Infusion,,WEBER INNOVATION HIGH SCHOOL,Ogden,Utah,United States,1,VEX V5 Robotics Competition,High School
178043,2323V,X=Bad,,WEBER INNOVATION HIGH SCHOOL,Ogden,Utah,United States,1,VEX V5 Robotics Competition,High School
42355,2323X,Ring Masters,,Weber Innovation High School,Ogden,Utah,United States,1,VEX V5 Robotics Competition,High School
58193,8385A,Spontaneous Combustion,Bomb,UNION HIGH,Roosevelt,Utah,United States,1,VEX V5 Robotics Competition,High School
175311,8385M,The GOAT gang,Matitude,UNION HIGH,Roosevelt,Utah,United States,1,VEX V5 Robotics Competition,High School
141266,15486N,Tyrannical Turtles,,VISTA SCHOOL,Ivins,Utah,United States,1,VEX V5 Robotics Competition,High School
162868,55117J,Mechanical Mayhem,Brad,Brad & Co,Plain City,Utah,United States,1,VEX V5 Robotics Competition,High School
176439,84075X,Vampire Slayers,Alucard,SYRACUSE HIGH,Syracuse,Utah,United States,1,VEX V5 Robotics Competition,High School
174868,84075Y,A Pringles Chip and Some Sawdust,Fenton,SYRACUSE HIGH,Syracuse,Utah,United States,1,VEX V5 Robotics Competition,High School
174235,84075Z,Team With No Name,Roberto,SYRACUSE HIGH,Syracuse,Utah,United States,1,VEX V5 Robotics Competition,High School
66000,98548C,DiNoSaUr,dInOsAuR,Bear River High School,Garland,Utah,United States,1,VEX V5 Robotics Competition,High School
107414,98548D,Defiance,Defiant,Bear River High School,Garland,Utah,United States,1,VEX V5 Robotics Competition,High School
136735,98548H,Revamped,Revamped,Bear River High School,Garland,Utah,United States,1,VEX V5 Robotics Competition,High School
142581,98548K,½mv²,Binary Bot,Bear River High School,Garland,Utah,United States,1,VEX V5 Robotics Competition,High School
160102,98548M,Overkill,Flash,Bear River High School,Garland,Utah,United States,1,VEX V5 Robotics Competition,High School
123380,51191A,Donut Police,The Dog,Level Up Robots,Lawrence,Kansas,United States,1,VEX V5 Robotics Competition,Middle School
139720,106A,Blue Tangerines,,Excel-Robotic Lab LLC,University Park,Texas,United States,1,VEX V5 Robotics Competition,High School
161845,106X,Team X,,Excel-Robotic Lab LLC,University Park,Texas,United States,1,VEX V5 Robotics Competition,High School
142637,597B,Robobusters Green,,SCHOOL OF SCIENCE AND ENGINEERING,Dallas,Texas,United States,1,VEX V5 Robotics Competition,High School
142638,597C,Robobusters Blue,,SCHOOL OF SCIENCE AND ENGINEERING,Dallas,Texas,United States,1,VEX V5 Robotics Competition,High School
157501,597D,Robobusters Black,,SCHOOL OF SCIENCE AND ENGINEERING,Dallas,Texas,United States,1,VEX V5 Robotics Competition,High School
175195,1585B,Dawn,,SULPHUR SPRINGS HIGH SCHOOL,Sulphur Springs,Texas,United States,1,VEX V5 Robotics Competition,High School
170644,1585Z,Blitz,Mazaspin Bot,SULPHUR SPRINGS HIGH SCHOOL,Sulphur Springs,Texas,United States,1,VEX V5 Robotics Competition,High School
87917,3350A,Rainbow Unicorn Connection,,TEXAS HIGH SCHOOL,Texarkana,Texas,United States,1,VEX V5 Robotics Competition,High School
87918,3350B,Men In Black,,TEXAS HIGH SCHOOL,Texarkana,Texas,United States,1,VEX V5 Robotics Competition,High School
87919,3350C,Ctrl Alt Defeat,,TEXAS HIGH SCHOOL,Texarkana,Texas,United States,1,VEX V5 Robotics Competition,High School
182977,3691C,CyberWolves C,,H GRADY SPRUCE HIGH SCHOOL,Dallas,Texas,United States,1,VEX V5 Robotics Competition,High School
130125,4148S,salty.,iron cowboy.,GREENVILLE HIGH SCHOOL,Greenville,Texas,United States,1,VEX V5 Robotics Competition,High School
107283,4148Z,Average...,Clark Rucker,GREENVILLE HIGH SCHOOL,Greenville,Texas,United States,1,VEX V5 Robotics Competition,High School
142975,8514B,Cougar Battalion,,BRYAN ADAMS HIGH SCHOOL,Dallas,Texas,United States,1,VEX V5 Robotics Competition,High School
170028,9189X,Makabaka,ST-1,Private Team,Highland Park,Texas,United States,1,VEX V5 Robotics Competition,High School
123451,9950X,Redneck Ingenuity,Atticus,NEW DIANA HIGH SCHOOL,Diana,Texas,United States,1,VEX V5 Robotics Competition,High School
140996,12169A,Torque,Fangbot,TRENTON HIGH SCHOOL,Trenton,Texas,United States,1,VEX V5 Robotics Competition,High School
165773,13974A,Talos,,Robotic Study Group,Dallas,Texas,United States,1,VEX V5 Robotics Competition,High School
144341,16645D,Kool Kidz Club,Pine Tree 4,PINE TREE HIGH SCHOOL,Longview,Texas,United States,1,VEX V5 Robotics Competition,High School
139637,16756A,B.R.I.C.C.C.,,WINNSBORO HIGH SCHOOL,Winnsboro,Texas,United States,1,VEX V5 Robotics Competition,High School
153216,16756B,Raider GhostBusters,,WINNSBORO HIGH SCHOOL,Winnsboro,Texas,United States,1,VEX V5 Robotics Competition,High School
143555,20480J,Robotron Raiders,,SKYLINE HIGH SCHOOL,Dallas,Texas,United States,1,VEX V5 Robotics Competition,High School
64777,20480S,Ducklings,Panfilo,SKYLINE HIGH SCHOOL,Dallas,Texas,United States,1,VEX V5 Robotics Competition,High School
112532,20480Y,Dingus,Chorizo,SKYLINE HIGH SCHOOL,Dallas,Texas,United States,1,VEX V5 Robotics Competition,High School
95708,32410C,Skibidi Slicers,Toilet Rizz,Redwater High School,Redwater,Texas,United States,1,VEX V5 Robotics Competition,High School
97544,32410E,Pan-Duckmonium,Po the PanDuck Champion,Redwater High School,Redwater,Texas,United States,1,VEX V5 Robotics Competition,High School
172496,36963A,Robo Rangers,Byte-Sized,SOUTH GRAND PRAIRIE HIGH SCHOOL,Grand Prairie,Texas,United States,1,VEX V5 Robotics Competition,High School
94602,43272A,Fox Robotics-H.A.M,Horribly Assembled Machine,Caddo Mills High School,Caddo Mills,Texas,United States,1,VEX V5 Robotics Competition,High School
148099,43272Z,Fox Robotics - Banana Blitz,Banana Blitz,CADDO MILLS HIGH SCHOOL,Caddo Mills,Texas,United States,1,VEX V5 Robotics Competition,High School
87367,70291A,RUSTEZE,,Commerce High School,Commerce,Texas,United States,1,VEX V5 Robotics Competition,High School
117157,70291B,SILENT WOODLANDS,WOODY,Commerce High School,Commerce,Texas,United States,1,VEX V5 Robotics Competition,High School
122663,75150B,North Mesquite JROTC Team 2,75150B,NORTH MESQUITE HIGH SCHOOL,Mesquite,Texas,United States,1,VEX V5 Robotics Competition,High School
83751,75160X,Xplode,,TERRELL HIGH SCHOOL,Terrell,Texas,United States,1,VEX V5 Robotics Competition,High School
110060,75503A,Bluetooth Motors,,PLEASANT GROVE HIGH SCHOOL,Texarkana,Texas,United States,1,VEX V5 Robotics Competition,High School
110059,75503H,Egregious Entanglement,ADD,PLEASANT GROVE HIGH SCHOOL,Texarkana,Texas,United States,1,VEX V5 Robotics Competition,High School
159670,75503R,Speedwagon Foundation,,PLEASANT GROVE HIGH SCHOOL,Texarkana,Texas,United States,1,VEX V5 Robotics Competition,High School
159717,75503Y,Cashews,,PLEASANT GROVE HIGH SCHOOL,Texarkana,Texas,United States,1,VEX V5 Robotics Competition,High School
174914,77711P,Homer Uchiha,Homer Uchiha,NIMITZ HIGH SCHOOL,Irving,Texas,United States,1,VEX V5 Robotics Competition,High School
174913,77711X,Hiro,,NIMITZ HIGH SCHOOL,Irving,Texas,United States,1,VEX V5 Robotics Competition,High School
141812,87490A,Quantum,,FARMERSVILLE HIGH SCHOOL,Farmersville,Texas,United States,1,VEX V5 Robotics Competition,High School
141823,87490F,SuperSneakySuspiciousSnekSociety,,FARMERSVILLE HIGH SCHOOL,Farmersville,Texas,United States,1,VEX V5 Robotics Competition,High School
141818,87490X,Purple Ninja's,,FARMERSVILLE HIGH SCHOOL,Farmersville,Texas,United States,1,VEX V5 Robotics Competition,High School
141817,87490Z,Men in Purple,Dually,FARMERSVILLE HIGH SCHOOL,Farmersville,Texas,United States,1,VEX V5 Robotics Competition,High School
142857,91022B,Vanguard Viper Bots - Team B,,Vanguard High School JROTC,Mesquite,Texas,United States,1,VEX V5 Robotics Competition,High School
131832,91022J,Vanguard Viper Bots - Team J,,Vanguard High School,Mesquite,Texas,United States,1,VEX V5 Robotics Competition,High School
143064,93530A,Sunset Bisons,,SUNSET HIGH SCHOOL,"Dallas, Tx",Texas,United States,1,VEX V5 Robotics Competition,High School
104794,15486D,The Phat Ducks,,VISTA SCHOOL,Ivins,Utah,United States,1,VEX V5 Robotics Competition,Middle School
110473,15486E,Vexalicious,,VISTA SCHOOL,Ivins,Utah,United States,1,VEX V5 Robotics Competition,Middle School
130609,98548G,Golden Eagles,GE,Bear River High School,Garland,Utah,United States,1,VEX V5 Robotics Competition,Middle School
129885,201A,BroncobotsA,,Brophy College Prep,Phoenix,Arizona,United States,1,VEX V5 Robotics Competition,High School
141686,201E,BroncobotsE,,Brophy College Prep,Phoenix,Arizona,United States,1,VEX V5 Robotics Competition,High School
170694,538S,Singularity,JQ’s Kitten,538 Robotics,Chandler,Arizona,United States,1,VEX V5 Robotics Competition,High School
139305,781X,Dark Matter,,Dark Matter,Tempe,Arizona,United States,1,VEX V5 Robotics Competition,High School
138757,937X,Aurora,,Independent,Chandler,Arizona,United States,1,VEX V5 Robotics Competition,High School
154472,1511X,Nexus,Grabnob,EASTMARK HIGH SCHOOL,Mesa,Arizona,United States,1,VEX V5 Robotics Competition,High School
171839,1696X,Blaster,The Blaster,Overdrive Robotics,Gilbert,Arizona,United States,1,VEX V5 Robotics Competition,High School
129705,1696Z,Overdrive,Tears for Fears,Overdrive Robotics,Gilbert,Arizona,United States,1,VEX V5 Robotics Competition,High School
153329,2035X,Danny Guarantee,Speedy,Danny Guarantee,Buckeye,Arizona,United States,1,VEX V5 Robotics Competition,High School
140064,2420A,RizzWheels,OnePunchBot,BASIS SCOTTSDALE,Scottsdale,Arizona,United States,1,VEX V5 Robotics Competition,High School
142104,2627E,Demotorized,,BASIS SCOTTSDALE,Scottsdale,Arizona,United States,1,VEX V5 Robotics Competition,High School
174558,2627X,Xcelerate,,BASIS SCOTTSDALE,Scottsdale,Arizona,United States,1,VEX V5 Robotics Competition,High School
176491,2830X,Overload,,Private Team,Chandler,Arizona,United States,1,VEX V5 Robotics Competition,High School
160067,3344H,Leopards,,Stem for All Foundation LLC,Phoenix,Arizona,United States,1,VEX V5 Robotics Competition,High School
124754,3455V,Tonopah Valley,,TONOPAH VALLEY HIGH SCHOOL,Tonopah,Arizona,United States,1,VEX V5 Robotics Competition,High School
63858,5405M,Pridetronics 1,Hatsune Miku,MOUNTAIN POINTE HIGH SCHOOL,Phoenix,Arizona,United States,1,VEX V5 Robotics Competition,High School
50870,6030B,Blacksmiths,,Arizona College Prep High School,Chandler,Arizona,United States,1,VEX V5 Robotics Competition,High School
55983,6030J,Jesters,,Arizona College Prep High School,Chandler,Arizona,United States,1,VEX V5 Robotics Competition,High School
39442,6030K,Knights,,Arizona College Prep High School,Chandler,Arizona,United States,1,VEX V5 Robotics Competition,High School
93932,6030M,Mages,,Arizona College Prep High School,Chandler,Arizona,United States,1,VEX V5 Robotics Competition,High School
50820,6323C,ThunderVolts,,Desert Vista High School,Phoenix,Arizona,United States,1,VEX V5 Robotics Competition,High School
72348,6323X,VEXISTENTIAL CRISIS,,Desert Vista High School,Phoenix,Arizona,United States,1,VEX V5 Robotics Competition,High School
40006,6323Z,Thunder Robotics,,DESERT VISTA HIGH SCHOOL,Phoenix,Arizona,United States,1,VEX V5 Robotics Competition,High School
112537,7996D,Distortion,,HIGLEY HIGH SCHOOL,Gilbert,Arizona,United States,1,VEX V5 Robotics Competition,High School
142303,7996F,Sentinels,,HIGLEY HIGH SCHOOL,Gilbert,Arizona,United States,1,VEX V5 Robotics Competition,High School
57769,8598A,Robot Overlords,,Maricopa Homeschool Robotics,Maricopa,Arizona,United States,1,VEX V5 Robotics Competition,High School
110560,8800T,Desert Titan,,Trinity Robotics Club,Chandler,Arizona,United States,1,VEX V5 Robotics Competition,High School
165530,9636B,Quick Thinking,Spartan,Thinking Robotics,Gilbert,Arizona,United States,1,VEX V5 Robotics Competition,High School
176720,25155D,Pathfinders Delta,,American Leadership Academy Applied Technologies,Mesa,Arizona,United States,1,VEX V5 Robotics Competition,High School
176715,25155R,Robo Pathfinders,,American Leadership Academy Applied Technologies,Mesa,Arizona,United States,1,VEX V5 Robotics Competition,High School
176716,25155Z,Pathfinders Zeta,Zulu,American Leadership Academy Applied Technologies,Mesa,Arizona,United States,1,VEX V5 Robotics Competition,High School
146254,33472G,Power Tribe,Power Tribe,Alchesay High School,Whiteriver,Arizona,United States,1,VEX V5 Robotics Competition,High School
156096,34716C,ArrowMatic Titans,,A+ CHARTER SCHOOLS,Maricopa,Arizona,United States,1,VEX V5 Robotics Competition,High School
163744,37792C,The Langlets,The Lang-a-tron,MICA MOUNTAIN HIGH,Tucson,Arizona,United States,1,VEX V5 Robotics Competition,High School
109488,43141C,Terrinator,Terrinator,HIGHLAND HIGH SCHOOL,Gilbert,Arizona,United States,1,VEX V5 Robotics Competition,High School
129470,43141Z,VEXCALIBUR,VEXCALIBUR,HIGHLAND HIGH SCHOOL,Gilbert,Arizona,United States,1,VEX V5 Robotics Competition,High School
140736,47510W,Phoenix Horizon,,Robotics Edge,Chandler,Arizona,United States,1,VEX V5 Robotics Competition,High School
91302,52311H,Robotanists,Fritz,HIGHLAND PREP,Surprise,Arizona,United States,1,VEX V5 Robotics Competition,High School
141004,52430B,Robosapiens,,BASIS AHWATUKEE,Phoenix,Arizona,United States,1,VEX V5 Robotics Competition,High School
143116,52430C,Dumpster Fire,,BASIS AHWATUKEE,Phoenix,Arizona,United States,1,VEX V5 Robotics Competition,High School
156714,52430D,Superposition,,BASIS AHWATUKEE,Phoenix,Arizona,United States,1,VEX V5 Robotics Competition,High School
169698,66556Z,Nameless,robor,Nameless Robotics,Mesa,Arizona,United States,1,VEX V5 Robotics Competition,High School
156132,80080X,Nailed,,PrivateTeam,Chandler,Arizona,United States,1,VEX V5 Robotics Competition,High School
127960,85142Z,Geared UP,DomeBound,QCRF,Queen Creek,Arizona,United States,1,VEX V5 Robotics Competition,High School
109334,85711A,VEX Chefs,,UNIVERSITY HIGH SCHOOL,Tucson,Arizona,United States,1,VEX V5 Robotics Competition,High School
116057,85711C,Donut Dynamics,,UNIVERSITY HIGH SCHOOL,Tucson,Arizona,United States,1,VEX V5 Robotics Competition,High School
181053,94800X,Husky Robotics,Husky,HAMILTON HIGH SCHOOL,Chandler,Arizona,United States,1,VEX V5 Robotics Competition,High School
169553,94949J,Oink Oink Javelina,,Independent,Chandler,Arizona,United States,1,VEX V5 Robotics Competition,High School
67018,99067A,Mechanical Jagwires,DA BOT,DESERT RIDGE HIGH,Mesa,Arizona,United States,1,VEX V5 Robotics Competition,High School
67019,99067B,Nano Jagwires,SKILL ISSUE,DESERT RIDGE HIGH,Mesa,Arizona,United States,1,VEX V5 Robotics Competition,High School
38362,24Z,Super Sonic Sparks Z,Super Sonic Sparks Z,Sparks 4-H Robotics,Reisterstown,Maryland,United States,1,VEX V5 Robotics Competition,High School
37816,53A,Area 53 Alien Raiders,,Greenbelt Robotics Team,Greenbelt,Maryland,United States,1,VEX V5 Robotics Competition,High School
50002,53B,Area 53 Alien Raiders,,Greenbelt Robotics Team,Greenbelt,Maryland,United States,1,VEX V5 Robotics Competition,High School
50003,53C,Area 53 Chronos,,Greenbelt Robotics Team,Greenbelt,Maryland,United States,1,VEX V5 Robotics Competition,High School
50004,53D,Area 53 Alien Raiders,,Greenbelt Robotics Team,Greenbelt,Maryland,United States,1,VEX V5 Robotics Competition,High School
50005,53E,Area 53 Alien Raiders,,Greenbelt Robotics Team,Greenbelt,Maryland,United States,1,VEX V5 Robotics Competition,High School
50006,53F,Area 53 Alien Raiders,53F,Eleanor Roosevelt High School,Greenbelt,Maryland,United States,1,VEX V5 Robotics Competition,High School
74161,593C,Oakdale C Team,,OAKDALE HIGH,Ijamsville,Maryland,United States,1,VEX V5 Robotics Competition,High School
139442,676D,SMRC Lucky Duckies,Sterald,Southern Maryland Robotics Club,La Plata,Maryland,United States,1,VEX V5 Robotics Competition,High School
157254,676V,SMRC Marauders,Spork,Southern Maryland Robotics Club,La Plata,Maryland,United States,1,VEX V5 Robotics Competition,High School
5181,898A,Kaizen,,Thomas Stone High School,Waldorf,Maryland,United States,1,VEX V5 Robotics Competition,High School
51802,929N,RagingBulls,Look-At-Me-Now,Hereford High School,Parkton,Maryland,United States,1,VEX V5 Robotics Competition,High School
40231,929S,929Sniper,ScrapBot,HEREFORD HIGH,Parkton,Maryland,United States,1,VEX V5 Robotics Competition,High School
40234,929T,929Tortugas,Dinky,HEREFORD HIGH,Parkton,Maryland,United States,1,VEX V5 Robotics Competition,High School
26011,929V,Hereford Zone Robotics Vengeance,Vengeance,Hereford High School,Parkton,Maryland,United States,1,VEX V5 Robotics Competition,High School
26005,929X,929eXcaliper,Half-Pint,HEREFORD HIGH,Parkton,Maryland,United States,1,VEX V5 Robotics Competition,High School
35836,934A,Team 934A,Spacey,TOWSON HIGH LAW & PUBLIC POLICY,Towson,Maryland,United States,1,VEX V5 Robotics Competition,High School
47080,934Z,Towson Terminators,Zeb,TOWSON HIGH LAW & PUBLIC POLICY,Towson,Maryland,United States,1,VEX V5 Robotics Competition,High School
179453,960Y,Perry Hall High School,Gators,Perry Hall High School,Baltimore,Maryland,United States,1,VEX V5 Robotics Competition,High School
163080,960Z,Perry Hall High School,Z,Perry Hall High School,Baltimore,Maryland,United States,1,VEX V5 Robotics Competition,High School
169980,1658T,Tailwind,,AOE Robotics Club,Rockville,Maryland,United States,1,VEX V5 Robotics Competition,High School
4546,1727A,REX,REX,Dulaney High School,Timonium,Maryland,United States,1,VEX V5 Robotics Competition,High School
157736,1727K,REX,,Dulaney High School,Timonium,Maryland,United States,1,VEX V5 Robotics Competition,High School
157735,1727R,REX,,Dulaney High School,Timonium,Maryland,United States,1,VEX V5 Robotics Competition,High School
176068,1727V,REX,,Dulaney High School,Timonium,Maryland,United States,1,VEX V5 Robotics Competition,High School
42892,1727X,REX,REX,DULANEY HIGH,Timonium,Maryland,United States,1,VEX V5 Robotics Competition,High School
133690,1727Y,REX,,Dulaney High School,Timonium,Maryland,United States,1,VEX V5 Robotics Competition,High School
131923,1893A,Baltimore Polytechnic Institute,High Tech Parrot,BALTIMORE POLYTECHNIC INSTITUTE,Baltimore,Maryland,United States,1,VEX V5 Robotics Competition,High School
34204,5525A,Panthers,PAXNATION,Patuxent High School,Lusby,Maryland,United States,1,VEX V5 Robotics Competition,High School
147742,5588B,Calvert Hall Cardinals,Vex,CALVERT HALL COLLEGE HIGH SCHOOL,Towson,Maryland,United States,1,VEX V5 Robotics Competition,High School
54441,5588E,Calvert Hall Cardinals,Calvert,CALVERT HALL COLLEGE HIGH SCHOOL,Towson,Maryland,United States,1,VEX V5 Robotics Competition,High School
35872,5588H,Calvert Hall Cardinals,St. John Baptiste,CALVERT HALL COLLEGE HIGH SCHOOL,Towson,Maryland,United States,1,VEX V5 Robotics Competition,High School
36238,5839B,Eastern Tech Team B,Tech B,EASTERN TECHNICAL HIGH SCHOOL,Baltimore,Maryland,United States,1,VEX V5 Robotics Competition,High School
36055,5977A,Warriors,Samuel,LA PLATA HIGH SCHOOL,La Plata,Maryland,United States,1,VEX V5 Robotics Competition,High School
59274,7135E,Loyola Robotics-E,,Loyola Blakefield,Towson,Maryland,United States,1,VEX V5 Robotics Competition,High School
75767,7135F,Loyola Robotics-F,,LOYOLA BLAKEFIELD,Towson,Maryland,United States,1,VEX V5 Robotics Competition,High School
148967,7135R,Loyola Robotics-R,,Loyola Blakefield,Towson,Maryland,United States,1,VEX V5 Robotics Competition,High School
128429,7135Z,Loyola Robotics - Z,Loyola Robotics,Loyola Blakefield,Towson,Maryland,United States,1,VEX V5 Robotics Competition,High School
75820,9080C,Sleeping Dragon,Rebel Robotics 9080C,SOUTH HAGERSTOWN HIGH,Hagerstown,Maryland,United States,1,VEX V5 Robotics Competition,High School
69062,9080R,Rebel Crusaders,Rebel Robotics 9080R,SOUTH HAGERSTOWN HIGH,Hagerstown,Maryland,United States,1,VEX V5 Robotics Competition,High School
53633,9080S,Rebellious Misfits,Rebel Robotics 9080S,SOUTH HAGERSTOWN HIGH,Hagerstown,Maryland,United States,1,VEX V5 Robotics Competition,High School
149186,12699A,Agility Network Robotics - Mantis,Mantis,The Agility Network,Owings Mills,Maryland,United States,1,VEX V5 Robotics Competition,High School
154569,20096G,Guardians,GUARD,Guardians Robotics,Poolesville,Maryland,United States,1,VEX V5 Robotics Competition,High School
140974,21078A,Gears & Spears,,HAVRE DE GRACE HIGH,Havre De Grace,Maryland,United States,1,VEX V5 Robotics Competition,High School
161857,21078B,Gears & Spears,,HAVRE DE GRACE HIGH,Havre De Grace,Maryland,United States,1,VEX V5 Robotics Competition,High School
131742,21217A,H.U.H.,It's coming,"STEM Center of Excellence, Inc.",Baltimore,Maryland,United States,1,VEX V5 Robotics Competition,High School
169933,23382H,Fifth Dimension,,Weestar,North Potomac,Maryland,United States,1,VEX V5 Robotics Competition,High School
106645,26648B,Alt-F Score,STEVE,BROADNECK HIGH,Annapolis,Maryland,United States,1,VEX V5 Robotics Competition,High School
179267,26648X,X-Caliber,X-Caliber,BROADNECK HIGH,Annapolis,Maryland,United States,1,VEX V5 Robotics Competition,High School
119074,66852A,Dreamers,Skyline,Maryland School f/t Deaf,Frederick,Maryland,United States,1,VEX V5 Robotics Competition,High School
174464,68186A,Airheads,,AOE Robotics Club,Rockville,Maryland,United States,1,VEX V5 Robotics Competition,High School
166813,76763A,Cyber Knights,,NORTH COUNTY HIGH,Glen Burnie,Maryland,United States,1,VEX V5 Robotics Competition,High School
168097,76763B,Cyber Knights,,NORTH COUNTY HIGH,Glen Burnie,Maryland,United States,1,VEX V5 Robotics Competition,High School
86164,79666A,Robo Knights,,BALTIMORE CITY COLLEGE,Baltimore,Maryland,United States,1,VEX V5 Robotics Competition,High School
178147,93330A,Air Force Parrots,,BALTIMORE POLYTECHNIC INSTITUTE,Baltimore,Maryland,United States,1,VEX V5 Robotics Competition,High School
79129,96807A,BHS1,Behemoth,BOONSBORO HIGH,Boonsboro,Maryland,United States,1,VEX V5 Robotics Competition,High School
142898,28466Z,Vortex,,SPRINGS STUDIO FOR ACADEMIC EXCELLENCE,Colorado Springs,Colorado,United States,1,VEX V5 Robotics Competition,Middle School
133884,52800U,Unicorns,,SOARING HEIGHTS PK-8,Erie,Colorado,United States,1,VEX V5 Robotics Competition,Middle School
79414,373A,R4Robotics,,R4Creating,Rio Rancho,New Mexico,United States,1,VEX V5 Robotics Competition,High School
173042,6383C,Goofy Goobers,Tood,MESCALERO APACHE SCHOOL,Mescalero,New Mexico,United States,1,VEX V5 Robotics Competition,High School
173043,6383D,Crash Out Bandits',,MESCALERO APACHE SCHOOL,Mescalero,New Mexico,United States,1,VEX V5 Robotics Competition,High School
51129,6467A,N.W.A (Natives With Attitudes),Uncle Wuuye,Mescalero Apache School,Mescalero,New Mexico,United States,1,VEX V5 Robotics Competition,High School
50508,6645A,Anti-Bevel Gear Coalition,Dan Lowes IV,THE ASK ACADEMY,Rio Rancho,New Mexico,United States,1,VEX V5 Robotics Competition,High School
59204,8776A,Arrowhead Robotics,,ARROWHEAD PARK MEDICAL ACADEMY,Las Cruces,New Mexico,United States,1,VEX V5 Robotics Competition,High School
179459,20017A,Atlas,Atlas,MORIARTY HIGH,Moriarty,New Mexico,United States,1,VEX V5 Robotics Competition,High School
182835,20017B,Phil,Phil,MORIARTY HIGH,Moriarty,New Mexico,United States,1,VEX V5 Robotics Competition,High School
162459,37004B,CHS Team 2,JK :),CLEVELAND HIGH SCHOOL,Rio Rancho,New Mexico,United States,1,VEX V5 Robotics Competition,High School
151840,39169A,Carlsbad Cavemen,Cave Bot 1,CARLSBAD HIGH,Carlsbad,New Mexico,United States,1,VEX V5 Robotics Competition,High School
159534,39169B,Carlsbad Cavemen,Cave Bot 2,CARLSBAD HIGH,Carlsbad,New Mexico,United States,1,VEX V5 Robotics Competition,High School
114582,48778C,Eagle 3,CTRV,NAVAJO PREPARATORY SCHOOL,Farmington,New Mexico,United States,1,VEX V5 Robotics Competition,High School
132767,48778D,Eagle 4,,NAVAJO PREPARATORY SCHOOL,Farmington,New Mexico,United States,1,VEX V5 Robotics Competition,High School
113621,55885S,Sketch,,LA CUEVA HIGH,Albuqerque,New Mexico,United States,1,VEX V5 Robotics Competition,High School
117487,55885X,Inquisitor,Uh Oopa,LA CUEVA HIGH,Albuqerque,New Mexico,United States,1,VEX V5 Robotics Competition,High School
118312,55885Y,Artemis,Artemis,LA CUEVA HIGH,Albuqerque,New Mexico,United States,1,VEX V5 Robotics Competition,High School
180570,56349A,Alamo Navajo High A,,Alamo Navajo Community School,Alamo Navajo Reservation,New Mexico,United States,1,VEX V5 Robotics Competition,High School
99934,56847C,Bosque School Upper School Team 1,,Bosque School,Albuquerque,New Mexico,United States,1,VEX V5 Robotics Competition,High School
82541,64846A,Cibola Robotics,Dunk-accino,CIBOLA HIGH,Albuquerque,New Mexico,United States,1,VEX V5 Robotics Competition,High School
96909,64846B,Cibola Robotics,Brutus XXIII,CIBOLA HIGH,Albuquerque,New Mexico,United States,1,VEX V5 Robotics Competition,High School
136248,65059A,nex+Gen Griffins,Grif,NEX GEN ACADEMY,Albuquerque,New Mexico,United States,1,VEX V5 Robotics Competition,High School
157269,69580A,Odonata,,New Mexico Military Institute,Roswell,New Mexico,United States,1,VEX V5 Robotics Competition,High School
175416,69580X,The X axis,,New Mexico Military Institute,Roswell,New Mexico,United States,1,VEX V5 Robotics Competition,High School
175417,69580Z,Blindsided,,New Mexico Military Institute,Roswell,New Mexico,United States,1,VEX V5 Robotics Competition,High School
158460,70540A,OCTONAUTS,Scuttle,EAST MOUNTAIN HIGH SCHOOL,Sandia Park,New Mexico,United States,1,VEX V5 Robotics Competition,High School
137047,82228A,Scorp Handlers,Scorp Bot,FARMINGTON SENIOR HIGH SCHOOL,Farmington,New Mexico,United States,1,VEX V5 Robotics Competition,High School
143709,82228B,The Grym Reapers,Grym,FARMINGTON SENIOR HIGH SCHOOL,Farmington,New Mexico,United States,1,VEX V5 Robotics Competition,High School
150117,82228C,TeamBlade,,FARMINGTON SENIOR HIGH SCHOOL,Farmington,New Mexico,United States,1,VEX V5 Robotics Competition,High School
28684,81A,VEXMEN: Armageddon,Armageddon,Brandywine Robotics Inc.,Chester Springs,Pennsylvania,United States,1,VEX V5 Robotics Competition,High School
154711,81U,VEXMEN: Juggernaut,Juggernaut,Brandywine Robotics Inc.,Chester Springs,Pennsylvania,United States,1,VEX V5 Robotics Competition,High School
35851,81X,VEXMEN: Dark Phoenix,Dark Phoenix,Brandywine Robotics Inc.,Chester Springs,Pennsylvania,United States,1,VEX V5 Robotics Competition,High School
65131,81Y,VEXMEN: Paradox,Paradox,Brandywine Robotics Inc.,Chester Springs,Pennsylvania,United States,1,VEX V5 Robotics Competition,High School
156826,91U,VEXMEN: Luminous,Luminous,Brandywine Robotics Inc.,Chester Springs,Pennsylvania,United States,1,VEX V5 Robotics Competition,High School
5436,101A,Radnor Robotics,,RADNOR SHS,Radnor,Pennsylvania,United States,1,VEX V5 Robotics Competition,High School
5441,101B,Radnor Robotics,RadierBot,RADNOR SHS,Radnor,Pennsylvania,United States,1,VEX V5 Robotics Competition,High School
8548,169A,The Cavalry,Alpha,THE HAVERFORD SCHOOL,Haverford,Pennsylvania,United States,1,VEX V5 Robotics Competition,High School
8551,169B,The Cavalry,Bravo,THE HAVERFORD SCHOOL,Haverford,Pennsylvania,United States,1,VEX V5 Robotics Competition,High School
9232,169E,The Cavalry,Echo,THE HAVERFORD SCHOOL,Haverford,Pennsylvania,United States,1,VEX V5 Robotics Competition,High School
29692,169Y,The Cavalry,Yankee,THE HAVERFORD SCHOOL,Haverford,Pennsylvania,United States,1,VEX V5 Robotics Competition,High School
29695,169Z,The Cavalry,Zulu,THE HAVERFORD SCHOOL,Haverford,Pennsylvania,United States,1,VEX V5 Robotics Competition,High School
291,197A,Aegis,,HARRITON SHS,Rosemont,Pennsylvania,United States,1,VEX V5 Robotics Competition,High School
81058,197B,βim βop βoom βoom βoom βop βaæææægël,the type of bagel you wouldnt understand.,Harriton Senior High School,Rosemont,Pennsylvania,United States,1,VEX V5 Robotics Competition,High School
93049,197C,Chronos,TEAM C,Harriton Senior High School,Rosemont,Pennsylvania,United States,1,VEX V5 Robotics Competition,High School
154167,197E,Ethereus,,Harriton Senior High School,Rosemont,Pennsylvania,United States,1,VEX V5 Robotics Competition,High School
131732,242R,The Firebirds,,HOLY GHOST PREP,Bensalem,Pennsylvania,United States,1,VEX V5 Robotics Competition,High School
114770,242S,The Silly Guys,Silly Bot,HOLY GHOST PREP,Bensalem,Pennsylvania,United States,1,VEX V5 Robotics Competition,High School
160094,242V,Vsauce,,HOLY GHOST PREP,Bensalem,Pennsylvania,United States,1,VEX V5 Robotics Competition,High School
94551,242W,Wombo Combo,,Holy Ghost Preparatory,Bensalem,Pennsylvania,United States,1,VEX V5 Robotics Competition,High School
94552,242X,Murphy,,Holy Ghost Preparatory,Bensalem,Pennsylvania,United States,1,VEX V5 Robotics Competition,High School
40285,255D,Norristown Robotics - Dinos,,NORRISTOWN AREA HIGH SCHOOL,Norristown,Pennsylvania,United States,1,VEX V5 Robotics Competition,High School
94612,255K,Norristown Robotics - K,,Norristown Area High School,Norristown,Pennsylvania,United States,1,VEX V5 Robotics Competition,High School
22825,255M,Norristown Robotics - Midnight Moon,,NORRISTOWN AREA HIGH SCHOOL,Norristown,Pennsylvania,United States,1,VEX V5 Robotics Competition,High School
155709,293Y,Eclypse,,Echo Robotics,Malvern,Pennsylvania,United States,1,VEX V5 Robotics Competition,High School
108557,293Z,Equinox,,Echo Robotics,Malvern,Pennsylvania,United States,1,VEX V5 Robotics Competition,High School
139128,717A,Magnus Robotics,,Magnus Robotics,Harrisburg,Pennsylvania,United States,1,VEX V5 Robotics Competition,High School
112056,729S,Scitus,,Downingtown Robotics,Chester Springs,Pennsylvania,United States,1,VEX V5 Robotics Competition,High School
128470,842T,Nova,Nova,Nova,Chester Springs,Pennsylvania,United States,1,VEX V5 Robotics Competition,High School
10030,1267B,Knights Robotics,,DELAWARE COUNTY CHRISTIAN SCHOOL,Newtown Square,Pennsylvania,United States,1,VEX V5 Robotics Competition,High School
30391,1267E,Knights: Extracurricular Activity,ethan,DELAWARE COUNTY CHRISTIAN SCHOOL,Newtown Square,Pennsylvania,United States,1,VEX V5 Robotics Competition,High School
19852,1267V,Knights: Vulcan,Infinitely Adjustable Knight,Delaware County Christian School,Newtown Square,Pennsylvania,United States,1,VEX V5 Robotics Competition,High School
159744,1723A,Burza,,MERCERSBURG ACADEMY,Mercersburg,Pennsylvania,United States,1,VEX V5 Robotics Competition,High School
166349,1723B,Borrasca,,MERCERSBURG ACADEMY,Mercersburg,Pennsylvania,United States,1,VEX V5 Robotics Competition,High School
166351,1723D,Dyaus,,MERCERSBURG ACADEMY,Mercersburg,Pennsylvania,United States,1,VEX V5 Robotics Competition,High School
60321,3327A,Artemis,Luna,SPRING-FORD SHS 9-12 CTR,Royersford,Pennsylvania,United States,1,VEX V5 Robotics Competition,High School
66427,3327B,Team Bruce,,SPRING-FORD SHS 9-12 CTR,Royersford,Pennsylvania,United States,1,VEX V5 Robotics Competition,High School
66428,3327C,Chronos,Chronos,SPRING-FORD SHS 9-12 CTR,Royersford,Pennsylvania,United States,1,VEX V5 Robotics Competition,High School
95457,3327E,Eyesight,,SPRING-FORD SHS 9-12 CTR,Royersford,Pennsylvania,United States,1,VEX V5 Robotics Competition,High School
139164,3327H,Hydra,,SPRING-FORD SHS 9-12 CTR,Royersford,Pennsylvania,United States,1,VEX V5 Robotics Competition,High School
31624,3701A,Arthur,Guinevere,LOYALSOCK TWP SHS,Williamsport,Pennsylvania,United States,1,VEX V5 Robotics Competition,High School
60031,6121A,The Pioneers,Stoga-A,CONESTOGA SHS,Berwyn,Pennsylvania,United States,1,VEX V5 Robotics Competition,High School
60032,6121B,The Pioneers,Stoga-B,CONESTOGA SHS,Berwyn,Pennsylvania,United States,1,VEX V5 Robotics Competition,High School
78265,6121C,The Pioneers,Stoga-C,CONESTOGA SHS,Berwyn,Pennsylvania,United States,1,VEX V5 Robotics Competition,High School
108654,6121D,The Pioneers,Stoga-D,CONESTOGA SHS,Paoli,Pennsylvania,United States,1,VEX V5 Robotics Competition,High School
117453,6121E,The Pioneers,Stoga-E,CONESTOGA SHS,Berwyn,Pennsylvania,United States,1,VEX V5 Robotics Competition,High School
117454,6121F,The Pioneers,Stoga-F,CONESTOGA SHS,Berwyn,Pennsylvania,United States,1,VEX V5 Robotics Competition,High School
99820,7518C,Overcooked,,GREAT VALLEY HIGH SCHOOL,Malvern,Pennsylvania,United States,1,VEX V5 Robotics Competition,High School
99821,7518D,Nebula,Nebula,GREAT VALLEY HIGH SCHOOL,Malvern,Pennsylvania,United States,1,VEX V5 Robotics Competition,High School
58172,8114A,Cherry and Steel 1,Sinnuhmin,BERMUDIAN SPRINGS HIGH SCHOOL,York Springs,Pennsylvania,United States,1,VEX V5 Robotics Competition,High School
57793,8637A,Antiderivative,GA001,GERMANTOWN ACADEMY,Fort Washington,Pennsylvania,United States,1,VEX V5 Robotics Competition,High School
151379,8637D,Germantown Academy 4,,GERMANTOWN ACADEMY,Fort Washington,Pennsylvania,United States,1,VEX V5 Robotics Competition,High School
122651,23184A,CEC Robo Eagles - Aloha,Francois,CONWELL EGAN CATHOLIC HIGH SCHOOL,Fairless Hills,Pennsylvania,United States,1,VEX V5 Robotics Competition,High School
149345,23184C,CEC Robo Eagles - Cursed,,CONWELL EGAN CATHOLIC HIGH SCHOOL,Fairless Hills,Pennsylvania,United States,1,VEX V5 Robotics Competition,High School
177333,23184D,CEC Robo Eagles - Discontinued Disaster,,CONWELL EGAN CATHOLIC HIGH SCHOOL,Fairless Hills,Pennsylvania,United States,1,VEX V5 Robotics Competition,High School
174099,41819B,DTown Robotics B,Low Stakes,DALLASTOWN AREA SHS,Dallastown,Pennsylvania,United States,1,VEX V5 Robotics Competition,High School
73722,45525A,New Hope-Solebury HS,Alpha,NEW HOPE-SOLEBURY HIGH SCHOOL,New Hope,Pennsylvania,United States,1,VEX V5 Robotics Competition,High School
132825,45525C,Seismic,Cosmos,NEW HOPE-SOLEBURY HIGH SCHOOL,New Hope,Pennsylvania,United States,1,VEX V5 Robotics Competition,High School
132778,46779A,Grayson Gotlin,,THE GRAYSON SCHOOL,Radnor,Pennsylvania,United States,1,VEX V5 Robotics Competition,High School
145790,46779B,Grayson G Sharp,,The Grayson School,Radnor,Pennsylvania,United States,1,VEX V5 Robotics Competition,High School
165447,30029B,Code X,,SJPF,Thompson,North Dakota,United States,1,VEX V5 Robotics Competition,High School
118593,58072B,Ring Ranchers,,VALLEY CITY HIGH SCHOOL,Valley City,North Dakota,United States,1,VEX V5 Robotics Competition,High School
177949,58072D,Boyd's Boys,,VALLEY CITY HIGH SCHOOL,Valley City,North Dakota,United States,1,VEX V5 Robotics Competition,High School
172140,58072J,The Calling of the Mocking Jays,Ginger,VALLEY CITY HIGH SCHOOL,Valley City,North Dakota,United States,1,VEX V5 Robotics Competition,High School
136139,76151A,Guardians of the Galaxy (S24),Samsung,GRAFTON HIGH SCHOOL,Grafton,North Dakota,United States,1,VEX V5 Robotics Competition,High School
126484,76151H,Becoming Potatoes,Tater Tot,Grafton High School,Grafton,North Dakota,United States,1,VEX V5 Robotics Competition,High School
75550,96671A,Big Cheese,Bob Bump,RED RIVER HIGH SCHOOL,Grand Forks,North Dakota,United States,1,VEX V5 Robotics Competition,High School
176749,96671E,Dapper Droids,R2,RED RIVER HIGH SCHOOL,Grand Forks,North Dakota,United States,1,VEX V5 Robotics Competition,High School
85133,96671G,Somewhat Functional,,RED RIVER HIGH SCHOOL,Grand Forks,North Dakota,United States,1,VEX V5 Robotics Competition,High School
132874,96671S,Red River Robotics,,RED RIVER HIGH SCHOOL,Grand Forks,North Dakota,United States,1,VEX V5 Robotics Competition,High School
163494,96671V,Quad Aces,,RED RIVER HIGH SCHOOL,Grand Forks,North Dakota,United States,1,VEX V5 Robotics Competition,High School
796,40A,The Sonic Burrito,Babalouie,TRINITY HIGH SCHOOL,Manchester,New Hampshire,United States,1,VEX V5 Robotics Competition,High School
37159,134F,Team Discovery - Foxtrot,,PEMBROKE ACADEMY,Pembroke,New Hampshire,United States,1,VEX V5 Robotics Competition,High School
49972,134K,Kilo,,PEMBROKE ACADEMY,Pembroke,New Hampshire,United States,1,VEX V5 Robotics Competition,High School
21814,241B,Blitz,Blitz,PINKERTON ACADEMY,Derry,New Hampshire,United States,1,VEX V5 Robotics Competition,High School
21817,241C,Chaos,Chaos,PINKERTON ACADEMY,Derry,New Hampshire,United States,1,VEX V5 Robotics Competition,High School
28897,241E,Eclipse,Eclipse,PINKERTON ACADEMY,Derry,New Hampshire,United States,1,VEX V5 Robotics Competition,High School
119408,241H,Helix,Helix,Pinkerton Academy,Derry,New Hampshire,United States,1,VEX V5 Robotics Competition,High School
119409,241J,Juggernaut,Juggernaut,Pinkerton Academy,Derry,New Hampshire,United States,1,VEX V5 Robotics Competition,High School
69066,603B,I DON'T KNOW,I DON'T KNOW,BELMONT HIGH SCHOOL,Belmont,New Hampshire,United States,1,VEX V5 Robotics Competition,High School
71079,603C,BIOHAZARD,BIOHAZARD,BELMONT MIDDLE SCHOOL,Belmont,New Hampshire,United States,1,VEX V5 Robotics Competition,Middle School
170009,603K,KNOCKOUT,KNOCKOUT,BELMONT HIGH SCHOOL,Belmont,New Hampshire,United States,1,VEX V5 Robotics Competition,High School
154614,603S,SHOCKWAVE,SHOCKWAVE,BELMONT HIGH SCHOOL,Belmont,New Hampshire,United States,1,VEX V5 Robotics Competition,High School
163828,3042H,The Big Pelicans,Roe Jogan,RANDOLPH UNION HIGH SCHOOL,Randolph,Vermont,United States,1,VEX V5 Robotics Competition,High School
115955,3042R,The Ionizers,ionBot,RANDOLPH UNION HIGH SCHOOL,Randolph,Vermont,United States,1,VEX V5 Robotics Competition,High School
139238,3042U,RU Ghosts,Mr. Ghost,RANDOLPH UNION HIGH SCHOOL,Randolph,Vermont,United States,1,VEX V5 Robotics Competition,High School
162918,3773C,BowBots - Carbon (C),Carbon,Bow High School,Bow,New Hampshire,United States,1,VEX V5 Robotics Competition,High School
144474,3773P,BowBots - Phosphorus (P),Phosphorus,Bow High School,Bow,New Hampshire,United States,1,VEX V5 Robotics Competition,High School
94609,3773Y,Bowbots - Yttrium (Y),Yttrium,Bow High School,Bow,New Hampshire,United States,1,VEX V5 Robotics Competition,High School
19801,4886A,Arachnid,The Ant,THETFORD ACADEMY,Thetford Center,Vermont,United States,1,VEX V5 Robotics Competition,Middle School
114003,4886S,String Theory,Aden,Thetford Academy,Thetford Center,Vermont,United States,1,VEX V5 Robotics Competition,High School
114004,4886W,Wiseguys,,Thetford Academy,Thetford Center,Vermont,United States,1,VEX V5 Robotics Competition,High School
46588,4886X,X-factor,,Thetford Academy,Thetford,Vermont,United States,1,VEX V5 Robotics Competition,High School
114010,4886Y,Yogurt,Yogurt Squeeze,THETFORD ACADEMY,Thetford Center,Vermont,United States,1,VEX V5 Robotics Competition,High School
33424,5106B,Kennett Coders Bombshell,Bombshell,Kennett High School,North Conway,New Hampshire,United States,1,VEX V5 Robotics Competition,High School
61242,6447A,Falcon Robotics,,NORTH COUNTRY SENIOR UHSD #22,Newport,Vermont,United States,1,VEX V5 Robotics Competition,High School
107072,20858A,ROBO-HAWKS,,EXETER HIGH SCHOOL,Exeter,New Hampshire,United States,1,VEX V5 Robotics Competition,High School
131114,20858B,Sauron,Sauron,EXETER HIGH SCHOOL,Exeter,New Hampshire,United States,1,VEX V5 Robotics Competition,High School
146222,20858C,ROBO-HAWKS C,,EXETER HIGH SCHOOL,Exeter,New Hampshire,United States,1,VEX V5 Robotics Competition,High School
146223,20858D,JV Robotics,,EXETER HIGH SCHOOL,Exeter,New Hampshire,United States,1,VEX V5 Robotics Competition,High School
113516,77275A,The Awesome Affagatos,,Spark Academy,Manchester,New Hampshire,United States,1,VEX V5 Robotics Competition,High School
127298,77275B,Hello Kitty,,Spark Academy,Manchester,New Hampshire,United States,1,VEX V5 Robotics Competition,High School
127299,77275C,The Crispy Cheesecakes,,Spark Academy,Manchester,New Hampshire,United States,1,VEX V5 Robotics Competition,High School
127300,77275D,Sprinkles,,Spark Academy,Manchester,New Hampshire,United States,1,VEX V5 Robotics Competition,High School
177692,77275H,The Heavenly Honeycombs,,Spark Academy,Manchester,New Hampshire,United States,1,VEX V5 Robotics Competition,High School
64365,99119B,PRHS Barely Functioning Bot,Barely Functioning Bot,Plymouth Regional High School,Plymouth,New Hampshire,United States,1,VEX V5 Robotics Competition,High School
88794,99212C,Ursa Major C,,COE-BROWN NORTHWOOD ACADEMY,Northwood,New Hampshire,United States,1,VEX V5 Robotics Competition,High School
91450,99212D,Ursa Major D,Dubhe,Coe-Brown Northwood Academy,Northwood,New Hampshire,United States,1,VEX V5 Robotics Competition,High School
138847,99212G,Ursa Major G,,Coe-Brown Northwood Academy,Northwood,New Hampshire,United States,1,VEX V5 Robotics Competition,High School
87453,94M,m&m's,m&m's,COMMUNITY SCHOOL OF NAPLES,Naples,Florida,United States,1,VEX V5 Robotics Competition,High School
87350,94R,Risky Business,,Community School of Naples,Naples,Florida,United States,1,VEX V5 Robotics Competition,High School
87283,94S,Sigma's,,COMMUNITY SCHOOL OF NAPLES,Naples,Florida,United States,1,VEX V5 Robotics Competition,High School
87282,94T,Tiny Titans,,COMMUNITY SCHOOL OF NAPLES,Naples,Florida,United States,1,VEX V5 Robotics Competition,High School
124953,94V,Mogwarts,Mogwarts,COMMUNITY SCHOOL OF NAPLES,Naples,Florida,United States,1,VEX V5 Robotics Competition,High School
83879,94Z,The LegaZ’s,,COMMUNITY SCHOOL OF NAPLES,Naples,Florida,United States,1,VEX V5 Robotics Competition,High School
81039,360X,Full Circle,深圳的骄傲,Vexcellent Minds,Coral Gables,Florida,United States,1,VEX V5 Robotics Competition,High School
82284,503A,Warrior Robotics,,"WESTMINSTER CHRISTIAN PRIVATE SCHOOL, INC.",Palmetto Bay,Florida,United States,1,VEX V5 Robotics Competition,High School
163715,4154E,U.S.S.R.,кобальт,NSU UNIVERSITY SCHOOL,Fort Lauderdale,Florida,United States,1,VEX V5 Robotics Competition,High School
169652,4154R,U.S.S.R.,中国制造,NSU UNIVERSITY SCHOOL,Fort Lauderdale,Florida,United States,1,VEX V5 Robotics Competition,High School
169650,4154S,U.S.S.R.,Krankenwagen,NSU UNIVERSITY SCHOOL,Fort Lauderdale,Florida,United States,1,VEX V5 Robotics Competition,High School
122300,4154V,U.S.S.R.,Whiskey,NSU UNIVERSITY SCHOOL,Fort Lauderdale,Florida,United States,1,VEX V5 Robotics Competition,High School
17047,4330N,Eureeka NOT,Work in Progress,RANSOM EVERGLADES SCHOOL,Miami,Florida,United States,1,VEX V5 Robotics Competition,High School
172113,6293X,X-ECUTE,,PINECREST ACADEMY CHARTER MIDDLE SCHOOL,Miami,Florida,United States,1,VEX V5 Robotics Competition,High School
172114,6293Z,ZODIAC,,PINECREST ACADEMY CHARTER MIDDLE SCHOOL,Miami,Florida,United States,1,VEX V5 Robotics Competition,High School
49714,7121A,Maverick Robotics,Team 7121A,ARCHBISHOP EDWARD MCCARTHY HIGH SCHOOL,Southwest Ranches,Florida,United States,1,VEX V5 Robotics Competition,High School
49852,7121B,Maverick Robotics,BLITZ,ARCHBISHOP EDWARD MCCARTHY HIGH SCHOOL,Southwest Ranches,Florida,United States,1,VEX V5 Robotics Competition,High School
49871,7121E,Maverick Robotics,,ARCHBISHOP EDWARD MCCARTHY HIGH SCHOOL,Southwest Ranches,Florida,United States,1,VEX V5 Robotics Competition,High School
49853,7121F,Maverick Robotics,ST3VE,ARCHBISHOP EDWARD MCCARTHY HIGH SCHOOL,Southwest Ranches,Florida,United States,1,VEX V5 Robotics Competition,High School
61390,8336Z,IRS,The Collector,HIALEAH GARDENS SENIOR HIGH SCHOOL,Hialeah Gardens,Florida,United States,1,VEX V5 Robotics Competition,High School
70968,10101F,Megazord,Megazord,IMMOKALEE HIGH SCHOOL,Immokalee,Florida,United States,1,VEX V5 Robotics Competition,High School
146560,10101P,Pterazord,Pterazord,IMMOKALEE HIGH SCHOOL,Immokalee,Florida,United States,1,VEX V5 Robotics Competition,High School
71984,11342A,Sir Lanceabot,CCHS,Christopher Columbus High School,Miami,Florida,United States,1,VEX V5 Robotics Competition,High School
71985,11342B,Vulcan,CCHS,Christopher Columbus High School,Miami,Florida,United States,1,VEX V5 Robotics Competition,High School
71986,11342C,Don't Eat My High Strength Shaft,,CHRISTOPHER COLUMBUS HIGH SCHOOL,Miami,Florida,United States,1,VEX V5 Robotics Competition,High School
71987,11342D,Jonathan Gilbert III,CCHS,Christopher Columbus High School,Miami,Florida,United States,1,VEX V5 Robotics Competition,High School
128453,18019B,SabreTech,,ST BRENDAN CATHOLIC HIGH SCHOOL,Miami,Florida,United States,1,VEX V5 Robotics Competition,High School
156112,18019C,SabreTech,,ST BRENDAN CATHOLIC HIGH SCHOOL,Miami,Florida,United States,1,VEX V5 Robotics Competition,High School
156116,18019D,SabreTech,,ST BRENDAN CATHOLIC HIGH SCHOOL,Miami,Florida,United States,1,VEX V5 Robotics Competition,High School
110454,33418A,The Benjineers,,THE BENJAMIN SCHOOL,Palm Beach Gardens,Florida,United States,1,VEX V5 Robotics Competition,High School
139407,33418X,The Benjineers,,THE BENJAMIN SCHOOL,Palm Beach Gardens,Florida,United States,1,VEX V5 Robotics Competition,High School
172946,33418Y,The Benjineers,,THE BENJAMIN SCHOOL,Palm Beach Gardens,Florida,United States,1,VEX V5 Robotics Competition,High School
128305,34532A,Dragon Robotics,Loophole,PINECREST GLADES PREPARATORY ACADEMY MIDDLE HIGH SCHOOL,Miami,Florida,United States,1,VEX V5 Robotics Competition,High School
174591,34532J,Dragon Robotics,,PINECREST GLADES PREPARATORY ACADEMY MIDDLE HIGH SCHOOL,Miami,Florida,United States,1,VEX V5 Robotics Competition,High School
132605,39792B,Beta Aviators,,ACADEMY FOR INNOVATIVE EDUCATION CHARTER SCHOOL,Miami Springs,Florida,United States,1,VEX V5 Robotics Competition,High School
154282,39792C,Charlie Aviators,,ACADEMY FOR INNOVATIVE EDUCATION CHARTER SCHOOL,Miami Springs,Florida,United States,1,VEX V5 Robotics Competition,High School
154283,39792D,Delta Aviators,,ACADEMY FOR INNOVATIVE EDUCATION CHARTER SCHOOL,Miami Springs,Florida,United States,1,VEX V5 Robotics Competition,High School
154284,39792E,ECHO Aviators,,ACADEMY FOR INNOVATIVE EDUCATION CHARTER SCHOOL,Miami Springs,Florida,United States,1,VEX V5 Robotics Competition,High School
87921,50810A,Incisor,,CITY/PEMBROKE PINES CHARTER HIGH SCHOOL,Pembroke Pines,Florida,United States,1,VEX V5 Robotics Competition,High School
153189,50810R,Crusaders,,CITY/PEMBROKE PINES CHARTER HIGH SCHOOL,Pembroke Pines,Florida,United States,1,VEX V5 Robotics Competition,High School
140773,50810X,Interstellar,Creamy,CITY/PEMBROKE PINES CHARTER HIGH SCHOOL,Pembroke Pines,Florida,United States,1,VEX V5 Robotics Competition,High School
175574,64411B,B>U,,HOWARD D. MCMILLAN MIDDLE SCHOOL,Miami,Florida,United States,1,VEX V5 Robotics Competition,High School
142747,70260A,The Mechalorians,Wall-E,DON SOFFER AVENTURA HIGH SCHOOL,Aventura,Florida,United States,1,VEX V5 Robotics Competition,High School
133872,77788P,Cyber Eagles P,,Calvary Christian Academy,Ft Lauderdale,Florida,United States,1,VEX V5 Robotics Competition,High School
172379,89250X,X-Ray,Pikachu,PINECREST NORTH PREPARATORY (FONTAINEBLEAU CAMPUS),Miami,Florida,United States,1,VEX V5 Robotics Competition,High School
159233,89250Z,Zenith,Gyarados,PINECREST NORTH PREPARATORY (FONTAINEBLEAU CAMPUS),Miami,Florida,United States,1,VEX V5 Robotics Competition,High School
81698,85A,I don't know how to pronounce it,Not Dashiell,Mount Vernon CSD,Mount Vernon,Iowa,United States,1,VEX V5 Robotics Competition,High School
82532,85B,Enganir,Dashiell,MOUNT VERNON HIGH SCHOOL,Mount Vernon,Iowa,United States,1,VEX V5 Robotics Competition,High School
56146,2501B,One way or another,,THOMAS JEFFERSON HIGH SCHOOL,Council Bluffs,Iowa,United States,1,VEX V5 Robotics Competition,High School
153023,2501H,Hooligans,,THOMAS JEFFERSON HIGH SCHOOL,Council Bluffs,Iowa,United States,1,VEX V5 Robotics Competition,High School
54832,2501J,Full Metal Jackets,,THOMAS JEFFERSON HIGH SCHOOL,Council Bluffs,Iowa,United States,1,VEX V5 Robotics Competition,High School
153024,2501S,Shenanigan's,,THOMAS JEFFERSON HIGH SCHOOL,Council Bluffs,Iowa,United States,1,VEX V5 Robotics Competition,High School
56144,2501T,Robo Turtles,,THOMAS JEFFERSON HIGH SCHOOL,Council Bluffs,Iowa,United States,1,VEX V5 Robotics Competition,High School
5976,3018A,Vexcalibur,,,Council Bluffs,Iowa,United States,1,VEX V5 Robotics Competition,High School
48499,5813C,The Emancipators,Abe,ABRAHAM LINCOLN HIGH SCHOOL,Council Bluffs,Iowa,United States,1,VEX V5 Robotics Competition,High School
52441,5813D,Ope it's a Deer,,ABRAHAM LINCOLN HIGH SCHOOL,Council Bluffs,Iowa,United States,1,VEX V5 Robotics Competition,High School
52442,5813E,The Chefs,,ABRAHAM LINCOLN HIGH SCHOOL,Council Bluffs,Iowa,United States,1,VEX V5 Robotics Competition,High School
118668,5813R,The Allen Key,,Abraham Lincoln High School,Council Bluffs,Iowa,United States,1,VEX V5 Robotics Competition,High School
166105,5813Z,Black Angel,,Abraham Lincoln High School,Council Bluffs,Iowa,United States,1,VEX V5 Robotics Competition,High School
126870,12999A,VEX/TSA Panther Coders,,CRESTON HIGH SCHOOL,Creston,Iowa,United States,1,VEX V5 Robotics Competition,High School
109300,12999C,Panther Sparks,,CRESTON HIGH SCHOOL,Creston,Iowa,United States,1,VEX V5 Robotics Competition,High School
133557,12999S,Robonauts,,CRESTON HIGH SCHOOL,Creston,Iowa,United States,1,VEX V5 Robotics Competition,High School
154554,17038A,Trojan Kappa,,WEST MARSHALL HIGH SCHOOL,State Center,Iowa,United States,1,VEX V5 Robotics Competition,High School
79089,25146D,Nice N' Crispy,Crispy,Clear Lake High School,Clear Lake,Iowa,United States,1,VEX V5 Robotics Competition,High School
150832,65892J,Mechanical Monkeys,King Kong,GLENWOOD SENIOR HIGH SCHOOL,Glenwood,Iowa,United States,1,VEX V5 Robotics Competition,High School
150836,65892P,Carnage,Timmy,GLENWOOD SENIOR HIGH SCHOOL,Glenwood,Iowa,United States,1,VEX V5 Robotics Competition,High School
142884,66406A,Supernova Cat,Bobcat,Iowa School for the Deaf,Council Bluffs,Iowa,United States,1,VEX V5 Robotics Competition,High School
178176,14521B,Cyber Gears,,VANGUARD BEETHOVEN,Edinburg,Texas,United States,1,VEX V5 Robotics Competition,High School
157190,18908A,Hawk Wheels,Atom,HARMONY SCHOOL OF EXCELLENCE - LAREDO,Laredo,Texas,United States,1,VEX V5 Robotics Competition,High School
140783,18908H,Mighty Hawks,Rory,HARMONY SCHOOL OF EXCELLENCE - LAREDO,Laredo,Texas,United States,1,VEX V5 Robotics Competition,High School
173679,18908W,ShadowHawks,,HARMONY SCHOOL OF EXCELLENCE - LAREDO,Laredo,Texas,United States,1,VEX V5 Robotics Competition,High School
157194,18908X,Looney Hawks,Silvester,HARMONY SCHOOL OF EXCELLENCE - LAREDO,Laredo,Texas,United States,1,VEX V5 Robotics Competition,High School
178669,23956P,Silver Queen Cyborgs,Silver Mini,PORT ISABEL HIGH SCHOOL,Port Isabel,Texas,United States,1,VEX V5 Robotics Competition,High School
179658,25104D,Fal High Robotics,,FALFURRIAS HIGH SCHOOL,Falfurrias,Texas,United States,1,VEX V5 Robotics Competition,High School
179657,25104F,Fal High Robotics,,FALFURRIAS HIGH SCHOOL,Falfurrias,Texas,United States,1,VEX V5 Robotics Competition,High School
182651,27025B,Novus,Orion,SOUTH TEXAS ISD SCIENCE ACADEMY,Mercedes,Texas,United States,1,VEX V5 Robotics Competition,High School
173430,39541A,Mecha Titans Athena,The Titan,PSJA THOMAS JEFFERSON T-STEM EARLY COLLEGE HIGH SCHOOL,Pharr,Texas,United States,1,VEX V5 Robotics Competition,High School
175138,39541B,Mecha Titans Apollo,El Mecha Titan,PSJA THOMAS JEFFERSON T-STEM EARLY COLLEGE HIGH SCHOOL,Pharr,Texas,United States,1,VEX V5 Robotics Competition,High School
181558,39541C,Mecha Titans Artemis,El Mecha Titan,PSJA THOMAS JEFFERSON T-STEM EARLY COLLEGE HIGH SCHOOL,Pharr,Texas,United States,1,VEX V5 Robotics Competition,High School
180215,42038B,Thunder Cats,,UNITED SOUTH HIGH SCHOOL,Laredo,Texas,United States,1,VEX V5 Robotics Competition,High School
177999,85556A,Lionotics,,PSJA Collegiate High School,San Juan,Texas,United States,1,VEX V5 Robotics Competition,High School
178000,85556B,RoboLions,,PSJA Collegiate High School,San Juan,Texas,United States,1,VEX V5 Robotics Competition,High School
178010,85556C,Lionotics,,PSJA Collegiate High School,San Juan,Texas,United States,1,VEX V5 Robotics Competition,High School
178011,85556D,Lionotics,,PSJA Collegiate High School,San Juan,Texas,United States,1,VEX V5 Robotics Competition,High School
179538,91187A,JB Titans HS,,Jubilee,Pharr,Texas,United States,1,VEX V5 Robotics Competition,High School
180770,92047A,Badger Bots,Bella The Bot,IDEA ELSA COLLEGE PREPARATORY,Elsa,Texas,United States,1,VEX V5 Robotics Competition,High School
180769,92047B,Badger Bots,"Stella, Big Bertha",IDEA ELSA COLLEGE PREPARATORY,Elsa,Texas,United States,1,VEX V5 Robotics Competition,High School
175018,95601X,Dragon Prime,Optimus Prime,IDEA COLLEGE PREPARATORY SAN BENITO,San Benito,Texas,United States,1,VEX V5 Robotics Competition,High School
176899,95601Y,Iron Dragon,Gypsy,IDEA COLLEGE PREPARATORY SAN BENITO,San Benito,Texas,United States,1,VEX V5 Robotics Competition,High School
12208,13A,The Fellas,,THE POTOMAC SCHOOL,Mclean,Virginia,United States,1,VEX V5 Robotics Competition,Middle School
27946,14D,Duck DonutZ,Ducky,Marsteller Middle School,Bristow,Virginia,United States,1,VEX V5 Robotics Competition,Middle School
107243,46R,Rolex,Rolex,Seton School,Manassas,Virginia,United States,1,VEX V5 Robotics Competition,Middle School
30244,1113C,バナナ,バナナ,RIPPON MIDDLE,Woodbridge,Virginia,United States,1,VEX V5 Robotics Competition,Middle School
121876,12914X,OmegaBotz,Omega.3,A-Technology Robotics Corp,Gainesville,Virginia,United States,1,VEX V5 Robotics Competition,Middle School
83090,80508X,¡Korvex!,,Korvex,Ashburn,Virginia,United States,1,VEX V5 Robotics Competition,Middle School
89554,9039A,How The Cookie Crumbles,,BrandywineBOTS Robotics,Wilmington,Delaware,United States,1,VEX V5 Robotics Competition,Middle School
125698,9039B,D.E.A.L.,,BrandywineBOTS Robotics,Wilmington,Delaware,United States,1,VEX V5 Robotics Competition,Middle School
125703,9039C,Willow,,BrandywineBOTS Robotics,Wilmington,Delaware,United States,1,VEX V5 Robotics Competition,Middle School
125699,9039G,Papperclip,,BrandywineBOTS Robotics Club,Wilmington,Delaware,United States,1,VEX V5 Robotics Competition,Middle School
125701,9039K,Tiny Gladiator,Tiny Gladiator,BrandywineBOTS Robotics,Wilmington,Delaware,United States,1,VEX V5 Robotics Competition,Middle School
125702,9039N,Ace,,BrandywineBOTS Robotics,Wilmington,Delaware,United States,1,VEX V5 Robotics Competition,Middle School
131447,9039S,The Last Hope,,BrandywineBOTS Robotics,Wilmington,Delaware,United States,1,VEX V5 Robotics Competition,Middle School
59952,3348A,Indians,,Indian River High School,Dagsboro,Delaware,United States,1,VEX V5 Robotics Competition,High School
59953,3348B,Indians,,Indian River High School,Dagsboro,Delaware,United States,1,VEX V5 Robotics Competition,High School
62794,3389B,TecTigers,,Wicomico County Robotics Club,Salisbury,Maryland,United States,1,VEX V5 Robotics Competition,High School
132903,3389X,TecTigers,,PARKSIDE HIGH,Salisbury,Maryland,United States,1,VEX V5 Robotics Competition,High School
55933,8890A,IronRAMS A,Ramberger,DICKINSON (JOHN) HIGH SCHOOL,Wilmington,Delaware,United States,1,VEX V5 Robotics Competition,High School
77614,8890B,IronRAMS B,RAMCAR,DICKINSON (JOHN) HIGH SCHOOL,Wilmington,Delaware,United States,1,VEX V5 Robotics Competition,High School
161590,8890F,IronRAMS F,The GOAT,DICKINSON (JOHN) HIGH SCHOOL,Wilmington,Delaware,United States,1,VEX V5 Robotics Competition,High School
145660,8903G,JROTC Green Knights,,Mount Pleasant High School,Wilmington,Delaware,United States,1,VEX V5 Robotics Competition,High School
53275,9020A,Cape Henlopen,,Cape Henlopen High School,Lewes,Delaware,United States,1,VEX V5 Robotics Competition,High School
125704,9039D,Dave's Doughnuts,,BrandywineBOTS Robotics,Wilmington,Delaware,United States,1,VEX V5 Robotics Competition,High School
125705,9039F,Ferocity,,BrandywineBOTS Robotics,Wilmington,Delaware,United States,1,VEX V5 Robotics Competition,High School
125706,9039H,Harold,,BrandywineBOTS Robotics,Wilmington,Delaware,United States,1,VEX V5 Robotics Competition,High School
125707,9039J,Jinx,Jinx,BrandywineBOTS Robotics,Wilmington,Delaware,United States,1,VEX V5 Robotics Competition,High School
131445,9039R,Axle-otl,,BrandywineBOTS Robotics,Wilmington,Delaware,United States,1,VEX V5 Robotics Competition,High School
131446,9039T,abDUCKted,abDUCKted,BrandywineBOTS Robotics,Wilmington,Delaware,United States,1,VEX V5 Robotics Competition,High School
138914,9039V,Donut Dynamics,,BrandywineBOTS Robotics,Wilmington,Delaware,United States,1,VEX V5 Robotics Competition,High School
139938,9039Y,The Happybaras,The Happybaras,BrandywineBOTS Robotics,Wilmington,Delaware,United States,1,VEX V5 Robotics Competition,High School
139939,9039Z,Zen,,BrandywineBOTS Robotics,Wilmington,Delaware,United States,1,VEX V5 Robotics Competition,High School
170020,19709A,Mechanical Mustangs,,MOT CHARTER SCHOOL,Middletown,Delaware,United States,1,VEX V5 Robotics Competition,High School
178347,34652Z,1:2,,SOMERSET COUNTY TECHNICAL HIGH SCHOOL,Westover,Maryland,United States,1,VEX V5 Robotics Competition,High School
158982,67572A,Cape Vikings,Fred,CAPE HENLOPEN HIGH SCHOOL,Lewes,Delaware,United States,1,VEX V5 Robotics Competition,High School
170077,2624C,CapyVaders,,N/A,St Louis,Missouri,United States,1,VEX V5 Robotics Competition,High School
172319,3707X,The Dynamic Duo,,The Dynamic Duo,Kansas City,Missouri,United States,1,VEX V5 Robotics Competition,High School
37336,3885A,Shockers,Curly,UNITEC CAREER CTR.,Bonne Terre,Missouri,United States,1,VEX V5 Robotics Competition,High School
56650,3885D,Loony Toons Crew D,Marvin the Martian,UNITEC CAREER CTR.,Bonne Terre,Missouri,United States,1,VEX V5 Robotics Competition,High School
50755,5430A,Blue Brains,Simon,Parkway West High School,Chesterfield,Missouri,United States,1,VEX V5 Robotics Competition,High School
32230,5430B,BreakPoint,,Parkway West High School,Chesterfield,Missouri,United States,1,VEX V5 Robotics Competition,High School
61698,9065C,Phantom Robotics,,PLATTE COUNTY HIGH,Platte City,Missouri,United States,1,VEX V5 Robotics Competition,High School
66967,9065H,Phantom Robotics,,PLATTE COUNTY HIGH,Platte City,Missouri,United States,1,VEX V5 Robotics Competition,High School
61406,9065P,Phantom Robotics,Phoenix,PLATTE COUNTY HIGH,Platte City,Missouri,United States,1,VEX V5 Robotics Competition,High School
66968,9065S,Phantom Robotics,Supreme,PLATTE COUNTY HIGH,Platte City,Missouri,United States,1,VEX V5 Robotics Competition,High School
51917,9784A,Wingin-It,Wingin It,TROY BUCHANAN HIGH,Troy,Missouri,United States,1,VEX V5 Robotics Competition,High School
69047,9784C,Midas' Mayhem,,TROY BUCHANAN HIGH,Troy,Missouri,United States,1,VEX V5 Robotics Competition,High School
170152,11811A,Junkers,,Junkers,Kansas City,Missouri,United States,1,VEX V5 Robotics Competition,High School
158443,23851A,We Like Robots,Colorful V3,KIRKWOOD SR. HIGH,Kirkwood,Missouri,United States,1,VEX V5 Robotics Competition,High School
158444,23851B,Kirkwood Robotics Team,,KIRKWOOD SR. HIGH,Kikrwood,Missouri,United States,1,VEX V5 Robotics Competition,High School
121933,36905X,Cyber Nuts Robotics,Cyber Nut,Cyber Nuts Robotics,Kansas City,Missouri,United States,1,VEX V5 Robotics Competition,High School
174068,50130A,Trobots,,PARK HILL HIGH,Kansas City,Missouri,United States,1,VEX V5 Robotics Competition,High School
90752,55732A,( ಠ ͜ʖಠ),https://www.youtube.com/watch?v=Vo3kCBAALxk,Maryville High,Maryville,Missouri,United States,1,VEX V5 Robotics Competition,High School
100750,55732B,[Team Name Here],,Maryville High School,Maryville,Missouri,United States,1,VEX V5 Robotics Competition,High School
114306,59708A,The Loose Screws,,CENTRAL HIGH,Chesterfield,Missouri,United States,1,VEX V5 Robotics Competition,High School
114307,59708B,Sinister Cephalopods,,CENTRAL HIGH,Chesterfield,Missouri,United States,1,VEX V5 Robotics Competition,High School
133270,59708C,Seven Seas,,CENTRAL HIGH,Chesterfield,Missouri,United States,1,VEX V5 Robotics Competition,High School
146401,69955V,HS Roboram,High School Team 3,LADUE HORTON WATKINS HIGH,St. Louis,Missouri,United States,1,VEX V5 Robotics Competition,High School
155591,69955W,Waddlebots,Mr. SteelYoMan,LADUE HORTON WATKINS HIGH,St. Louis,Missouri,United States,1,VEX V5 Robotics Competition,High School
146400,69955X,Gheese,Melvin,LADUE HORTON WATKINS HIGH,St. Louis,Missouri,United States,1,VEX V5 Robotics Competition,High School
177017,95872B,Dragon Brothers,Trogdor,NORTHWEST HIGH,Cedar Hill,Missouri,United States,1,VEX V5 Robotics Competition,High School
133405,338A,Iterated,Aluminum Kaiju,High Caliber Robotics,Louisville,Kentucky,United States,1,VEX V5 Robotics Competition,High School
154771,1229W,The Wet Sprockets,Dante,Twelve Twenty Nine Robotics,Alexandria,Kentucky,United States,1,VEX V5 Robotics Competition,High School
153206,1255A,Alphahawks,,GREAT CROSSING HIGH SCHOOL,Georgetown,Kentucky,United States,1,VEX V5 Robotics Competition,High School
163000,1255D,Warhawk Delta,Over and Out,GREAT CROSSING HIGH SCHOOL,Georgetown,Kentucky,United States,1,VEX V5 Robotics Competition,High School
173771,3217K,Krono,,MARTHA LAYNE COLLINS HIGH SCHOOL,Shelbyville,Kentucky,United States,1,VEX V5 Robotics Competition,High School
62420,3217T,Talos,,Martha Layne Collins High School,Shelbyville,Kentucky,United States,1,VEX V5 Robotics Competition,High School
160453,3217X,Ares,,MARTHA LAYNE COLLINS HIGH SCHOOL,Shelbyville,Kentucky,United States,1,VEX V5 Robotics Competition,High School
63921,3702G,Robo-ADS,3702G,Danville High School,Danville,Kentucky,United States,1,VEX V5 Robotics Competition,High School
51604,4104A,Purple RAIN,Formally known as REWIND,North Hardin High School,Radcliff,Kentucky,United States,1,VEX V5 Robotics Competition,High School
183884,4438V,Vulcan,,Vulcan Robotics,Prospect,Kentucky,United States,1,VEX V5 Robotics Competition,High School
62564,5631A,CruBotics A,,ST HENRY DISTRICT HIGH SCHOOL,Erlanger,Kentucky,United States,1,VEX V5 Robotics Competition,High School
171891,5631D,Dumpster Fire,Raccoon,ST HENRY DISTRICT HIGH SCHOOL,Erlanger,Kentucky,United States,1,VEX V5 Robotics Competition,High School
49734,6135A,Radon,Cobalt,Central Hardin High School PLTW,Cecilia,Kentucky,United States,1,VEX V5 Robotics Competition,High School
50432,7460B,4/5 Small,4/5 Small,APOLLO HIGH SCHOOL,Owensboro,Kentucky,United States,1,VEX V5 Robotics Competition,High School
66199,7460D,Gypsy Danger,Gypsy Danger,APOLLO HIGH SCHOOL,Owensboro,Kentucky,United States,1,VEX V5 Robotics Competition,High School
129425,8349G,Original Geek,,GATEWAY ACADEMY TO INNOVATION & TECH.,Hopkinsville,Kentucky,United States,1,VEX V5 Robotics Competition,High School
135354,8349T,Trainwreck,,GATEWAY ACADEMY TO INNOVATION & TECH.,Hopkinsville,Kentucky,United States,1,VEX V5 Robotics Competition,High School
141315,8349U,Ursus,,GATEWAY ACADEMY TO INNOVATION & TECH.,Hopkinsville,Kentucky,United States,1,VEX V5 Robotics Competition,High School
57745,9257B,Colonelbotics,MB-Squared,COVINGTON CATHOLIC HIGH SCHOOL,Park Hills,Kentucky,United States,1,VEX V5 Robotics Competition,High School
58297,9257C,House Cats,Alex,COVINGTON CATHOLIC HIGH SCHOOL,Park Hills,Kentucky,United States,1,VEX V5 Robotics Competition,High School
93724,9257E,Eviction Notice,,COVINGTON CATHOLIC HIGH SCHOOL,Park Hills,Kentucky,United States,1,VEX V5 Robotics Competition,High School
93725,9257F,Flintstones,Dino,COVINGTON CATHOLIC HIGH SCHOOL,Park Hills,Kentucky,United States,1,VEX V5 Robotics Competition,High School
90313,9257R,Real Steele,Steely Dan,COVINGTON CATHOLIC HIGH SCHOOL,Park Hills,Kentucky,United States,1,VEX V5 Robotics Competition,High School
124444,9257X,X-Factor,,Covington Catholic High School,Park Hills,Kentucky,United States,1,VEX V5 Robotics Competition,High School
110219,20313A,VEX Dogs,,Homeschool Robotics,Louisville,Kentucky,United States,1,VEX V5 Robotics Competition,High School
110220,20313B,VEX Dogs,,Homeschool Robotics,Louisville,Kentucky,United States,1,VEX V5 Robotics Competition,High School
105378,31344B,Iron Horsemen (UC),,Bishop Brossart High School,Alexandria,Kentucky,United States,1,VEX V5 Robotics Competition,High School
179008,36421A,Eggman Industries,,HOLY CROSS HIGH SCHOOL,Covington,Kentucky,United States,1,VEX V5 Robotics Competition,High School
160450,38141D,PiBotics Demons,,IGNITE INSTITUTE,Erlanger,Kentucky,United States,1,VEX V5 Robotics Competition,High School
159896,53863H,Heroic Robotics,,RANDALL K. COOPER HIGH SCHOOL,Union,Kentucky,United States,1,VEX V5 Robotics Competition,High School
178025,54225A,The Wag,Homer,WAGGENER HIGH,Louisville,Kentucky,United States,1,VEX V5 Robotics Competition,High School
182820,65554A,ASTERISK,RAVEN,ATHERTON HIGH,Louisville,Kentucky,United States,1,VEX V5 Robotics Competition,High School
101396,74602A,Crimsonish,Crimsonish,Daviess County High School,Owensboro,Kentucky,United States,1,VEX V5 Robotics Competition,High School
66961,74656A,Crimson Elk,,DUPONT MANUAL HIGH,Louisville,Kentucky,United States,1,VEX V5 Robotics Competition,High School
116355,95993A,KCDGearcats3,KCDGearcats3,KENTUCKY COUNTRY DAY SCHOOL,Louisvlle,Kentucky,United States,1,VEX V5 Robotics Competition,High School
66036,97834A,OIA - Astral Sage,Astral Sage,OWENSBORO INNOVATION ACADEMY,Owensboro,Kentucky,United States,1,VEX V5 Robotics Competition,High School
73782,97834C,OIA- Event Horizon,Event Horizon,Owensboro Innovation Academy,Owensboro,Kentucky,United States,1,VEX V5 Robotics Competition,High School
77146,97834F,OIA - Special Forces,Special Forces,OWENSBORO INNOVATION ACADEMY,Owensboro,Kentucky,United States,1,VEX V5 Robotics Competition,High School
143890,97834X,OIA - Singularity,Singularity,OWENSBORO INNOVATION ACADEMY,Owensboro,Kentucky,United States,1,VEX V5 Robotics Competition,High School
169901,2708A,Vexcaliber,,,Derby,Kansas,United States,1,VEX V5 Robotics Competition,High School
122840,7862A,VEX Express,,Hesston High,Hesston,Kansas,United States,1,VEX V5 Robotics Competition,High School
49482,7862C,Celerity Circut,,Hesston High School,Hesston,Kansas,United States,1,VEX V5 Robotics Competition,High School
53412,7862G,Junkyard,,Hesston High School,Hesston,Kansas,United States,1,VEX V5 Robotics Competition,High School
53413,7862H,Highlanders,,Hesston High School,Hesston,Kansas,United States,1,VEX V5 Robotics Competition,High School
53414,7862J,Slim Jim,,Hesston High School,Hesston,Kansas,United States,1,VEX V5 Robotics Competition,High School
53415,7862K,VEXpertise,,HESSTON HIGH,Hesston,Kansas,United States,1,VEX V5 Robotics Competition,High School
53416,7862M,DNR,,HESSTON HIGH,Hesston,Kansas,United States,1,VEX V5 Robotics Competition,High School
53417,7862N,Who is that?,,Hesston High School,Hesston,Kansas,United States,1,VEX V5 Robotics Competition,High School
58950,7862T,Low VEXpectations,,HESSTON HIGH,Hesston,Kansas,United States,1,VEX V5 Robotics Competition,High School
58955,7862V,VEXplorer,Wild berry skittles,Hesston High School,Hesston,Kansas,United States,1,VEX V5 Robotics Competition,High School
77629,15352A,P.S.V,,SEAMAN HIGH,Topeka,Kansas,United States,1,VEX V5 Robotics Competition,High School
77630,15352B,V.E.X._E.D.,Disapointment,SEAMAN HIGH,Topeka,Kansas,United States,1,VEX V5 Robotics Competition,High School
161486,17771C,C.R.O.W.N,,East High School,Wichita,Kansas,United States,1,VEX V5 Robotics Competition,High School
163497,17771D,Defenestration,Skill Issue,East High School,Wichita,Kansas,United States,1,VEX V5 Robotics Competition,High School
80653,50027A,Flying Duo,,DERBY HIGH SCHOOL,Derby,Kansas,United States,1,VEX V5 Robotics Competition,High School
161359,66086G,100 VEX,Robor,Basehor-linwood High School,Basehor,Kansas,United States,1,VEX V5 Robotics Competition,High School
161185,66086J,Friends of John Brown,We <3 JHAWK & Chappell Roan,Basehor-linwood High School,Basehor,Kansas,United States,1,VEX V5 Robotics Competition,High School
124179,67101G,Genesis,,Maize Career Academy,Maize,Kansas,United States,1,VEX V5 Robotics Competition,High School
131821,67101R,Revelation,,Maize Career Academy,Maize,Kansas,United States,1,VEX V5 Robotics Competition,High School
142433,67101X,Unhinged,,Maize Career Academy,Maize,Kansas,United States,1,VEX V5 Robotics Competition,High School
156168,67147A,Dog,ZipTie,Robot Club,Valley Center,Kansas,United States,1,VEX V5 Robotics Competition,High School
172236,67147X,Gnome Thank You,,Robot Club,Valley Center,Kansas,United States,1,VEX V5 Robotics Competition,High School
90336,98471B,Bandits,98471B,CHENEY HIGH,Cheney,Kansas,United States,1,VEX V5 Robotics Competition,High School
22666,295A,PART A,,Placer Robotics (PART),Granite Bay,California,United States,1,VEX V5 Robotics Competition,High School
130564,295R,PART R,,Placer Robotics (PART),Granite Bay,California,United States,1,VEX V5 Robotics Competition,High School
102409,295S,PART S,,Placer Robotics,Granite Bay,California,United States,1,VEX V5 Robotics Competition,High School
108811,295V,PART V,,Placer Robotics (PART),Granite Bay,California,United States,1,VEX V5 Robotics Competition,High School
94881,295Y,[PART]Y,PARTY Bot,Placer Robotics (PART),Granite Bay,California,United States,1,VEX V5 Robotics Competition,High School
70620,315A,Paradigm,315A,Paradigm,Foster City,California,United States,1,VEX V5 Robotics Competition,High School
139618,315E,Paradigm,315E,Paradigm,Cupertino,California,United States,1,VEX V5 Robotics Competition,High School
122050,315N,Paradigm,,Paradigm,Palo Alto,California,United States,1,VEX V5 Robotics Competition,High School
139290,392X,SpeedZappers,SpeedZapper,SpeedZappers,San Jose,California,United States,1,VEX V5 Robotics Competition,High School
141567,733A,NP3 Pirates A,,NATOMAS PACIFIC PATHWAYS PREP,Sacramento,California,United States,1,VEX V5 Robotics Competition,High School
571,1000A,Foothill Robotics,1000A,Foothill Robotics,Pleasanton,California,United States,1,VEX V5 Robotics Competition,High School
152965,1095R,Run it Back,SR-71,Run it Back Robotics,San Jose,California,United States,1,VEX V5 Robotics Competition,High School
156642,1135E,Exception,Euler Golden,Friends of Saratoga,Saratoga,California,United States,1,VEX V5 Robotics Competition,High School
153154,1228S,Maestro,,Maestro Robotics LLC,San Jose,California,United States,1,VEX V5 Robotics Competition,High School
173258,1516X,Fighting Grizzles,The Snarling Grizzly,California High School,San Ramon,California,United States,1,VEX V5 Robotics Competition,High School
107458,1669Y,Milpitas Xtreme Robotics,,Milpitas High School,Milpitas,California,United States,1,VEX V5 Robotics Competition,High School
169767,1698V,Power Beans,Don't need one,1698,San Jose,California,United States,1,VEX V5 Robotics Competition,High School
161194,1806X,Parallelogram,,InoBotics,Mountain View,California,United States,1,VEX V5 Robotics Competition,High School
37975,1868A,Space Cookies VEX Team,1868A,Space Cookies VEX Robotics Team,Moffett Field,California,United States,1,VEX V5 Robotics Competition,High School
170426,2041V,Locked In,,Locked In Robotics,Saratoga,California,United States,1,VEX V5 Robotics Competition,High School
176579,2130X,X-celerate,,Roboters,Mountain View,California,United States,1,VEX V5 Robotics Competition,High School
170421,2154A,i eated it all,bobor,Robobotics,Union City,California,United States,1,VEX V5 Robotics Competition,High School
164130,2550C,Grizzly Robotics C,,GRANITE BAY HIGH,Granite Bay,California,United States,1,VEX V5 Robotics Competition,High School
156434,2550R,Rowdy Grizzlies,,GRANITE BAY HIGH,Granite Bay,California,United States,1,VEX V5 Robotics Competition,High School
170709,3025B,All-In,Cut off,DNA,Saratoga,California,United States,1,VEX V5 Robotics Competition,High School
153957,3134G,Dublin Robotics Genesis,Genesis,RLS,Dublin,California,United States,1,VEX V5 Robotics Competition,High School
154081,3134R,Dublin Robotics Ranger,,RLS,Dublin,California,United States,1,VEX V5 Robotics Competition,High School
176518,3303K,Dublin Robotics Kepler,,Dublin Robotics Club,Dublin,California,United States,1,VEX V5 Robotics Competition,High School
142698,3303M,Dublin Robotics Mariner,Mariner,Dublin Robotics Club,Dublin,California,United States,1,VEX V5 Robotics Competition,High School
176541,3340W,Robolabs Wire,Wire,Robolabs Foundation,Dublin,California,United States,1,VEX V5 Robotics Competition,High School
156541,3457A,Apollo,,DR A,Dublin,California,United States,1,VEX V5 Robotics Competition,High School
169914,3457F,Fuse,Robolabs Fuse,Robolabs,Dublin,California,United States,1,VEX V5 Robotics Competition,High School
153401,3457S,Spitzer,,DR A,Dublin,California,United States,1,VEX V5 Robotics Competition,High School
174383,3848U,Unity,,Home Team,Elk Grove,California,United States,1,VEX V5 Robotics Competition,High School
18349,5327A,Gael Force Awesome Sauce,our lil destroyer,DUBLIN HIGH,Dublin,California,United States,1,VEX V5 Robotics Competition,High School
23563,5327C,Gael Force Corn,Corn,DUBLIN HIGH SCHOOL,Dublin,California,United States,1,VEX V5 Robotics Competition,High School
129041,5327K,Gael Force Kittens,Grimlock,DUBLIN HIGH SCHOOL,Dublin,California,United States,1,VEX V5 Robotics Competition,High School
93449,5327R,GAEL FORCE RAHHHHHHHH,TBD,DUBLIN HIGH,Dublin,California,United States,1,VEX V5 Robotics Competition,High School
108678,5327V,Gael Force Velocity,VROOM,DUBLIN HIGH SCHOOL,Dublin,California,United States,1,VEX V5 Robotics Competition,High School
169928,5327Y,Gael Force Yetis,TBD,DUBLIN HIGH SCHOOL,Dublin,California,United States,1,VEX V5 Robotics Competition,High School
14770,5776A,DVHS Robotics,,DOUGHERTY VALLEY HIGH,San Ramon,California,United States,1,VEX V5 Robotics Competition,High School
17818,5776E,DV Inferno,,DOUGHERTY VALLEY HIGH,San Ramon,California,United States,1,VEX V5 Robotics Competition,High School
140719,5776K,DV Kiwi Krew,KiwiBot,DOUGHERTY VALLEY HIGH,San Ramon,California,United States,1,VEX V5 Robotics Competition,High School
63118,5776T,DVHS Robotics,rohiT,DOUGHERTY VALLEY HIGH,San Ramon,California,United States,1,VEX V5 Robotics Competition,High School
62533,6374B,Bionic Bruins,,BRANHAM HIGH,San Jose,California,United States,1,VEX V5 Robotics Competition,High School
23035,8000C,HRS Robohawks,HRS Robohawks C,HEAD ROYCE SCHOOL,Oakland,California,United States,1,VEX V5 Robotics Competition,High School
70128,8000X,HRS Robohawks,HRS Robohawks X,Head-Royce School,Oakland,California,United States,1,VEX V5 Robotics Competition,High School
171748,9141A,Hideaway,,None,Fremont,California,United States,1,VEX V5 Robotics Competition,High School
39487,9378Z,Wolfpack Robotics,Zeta,Merrill F West High School,Tracy,California,United States,1,VEX V5 Robotics Competition,High School
143659,10009A,Arc Robotics,,Arc Robotics,San Ramon,California,United States,1,VEX V5 Robotics Competition,High School
86313,11101B,Barcbots Getting There,,Barcbots,Cupertino,California,United States,1,VEX V5 Robotics Competition,High School
154947,11101X,Coming Soon,InProgres,Barcbots,Cupertino,California,United States,1,VEX V5 Robotics Competition,High School
66706,11551A,88909A,,BASIS Independent Silicon Valley,San Jose,California,United States,1,VEX V5 Robotics Competition,High School
141622,12478X,Bobaionics,Bella,group of friends,Cupertino,California,United States,1,VEX V5 Robotics Competition,High School
128641,18888A,Heavy Metal Mush,Mush,Power Robot Foundation,Pleasanton,California,United States,1,VEX V5 Robotics Competition,High School
115399,19359A,Apex,BotGPT,MOUNTAIN HOUSE HIGH,Mountain House,California,United States,1,VEX V5 Robotics Competition,High School
148583,19359D,Stark Industries,Jarvis,MOUNTAIN HOUSE HIGH,Mountain House,California,United States,1,VEX V5 Robotics Competition,High School
171410,29712C,COGNITAUR,,Cognitaur,Folsom,California,United States,1,VEX V5 Robotics Competition,High School
117554,39599C,FarmBots,,WINTERS HIGH,Winters,California,United States,1,VEX V5 Robotics Competition,High School
172856,57827A,Stars,,Folsom ,Folsom,California,United States,1,VEX V5 Robotics Competition,High School
131683,58418A,Interstellar,,Interstellar,San Jose,California,United States,1,VEX V5 Robotics Competition,High School
121948,58593A,Rising Fractals,,Robocubs Robotics Club,Cupertino,California,United States,1,VEX V5 Robotics Competition,High School
139880,66957B,404 Not Found,Terminator,Folsom-Rocklin HS Students,El Dorado Hills,California,United States,1,VEX V5 Robotics Competition,High School
174367,68699C,Deadweight Loss,,Ustar Robotics,San Jose,California,United States,1,VEX V5 Robotics Competition,High School
130508,77787B,World Controller,,SVRA,Dublin,California,United States,1,VEX V5 Robotics Competition,High School
154244,77787W,Botstickers,,SVRA,Dublin,California,United States,1,VEX V5 Robotics Competition,High School
104912,80001B,Double Play,ali baba,Double Play,Piedmont,California,United States,1,VEX V5 Robotics Competition,High School
128468,80001C,Double Play,,Double Play,Oakland,California,United States,1,VEX V5 Robotics Competition,High School
82504,88909B,HyperBeasts,,88909,Palo Alto,California,United States,1,VEX V5 Robotics Competition,High School
77592,94027A,Curious G-Force,Bananabot,Menlo School,Atherton,California,United States,1,VEX V5 Robotics Competition,High School
180404,94517A,A Team,,CLAYTON VALLEY CHARTER HIGH,Concord,California,United States,1,VEX V5 Robotics Competition,High School
155861,94517X,Mecha Maelstrom,Erika,Clayton Valley Charter High School,Concord,California,United States,1,VEX V5 Robotics Competition,High School
172871,95071E,Saratoga High Entropic,,Saratoga High School,Saratoga,California,United States,1,VEX V5 Robotics Competition,High School
172870,95071R,Saratoga High Resonance,,Saratoga High School,Saratoga,California,United States,1,VEX V5 Robotics Competition,High School
172998,95071U,Saratoga High,,Saratoga High School,Saratoga,California,United States,1,VEX V5 Robotics Competition,High School
141210,95071V,Saratoga High Velocity,Compilation Error,Saratoga High School,Saratoga,California,United States,1,VEX V5 Robotics Competition,High School
140823,95071X,Saratoga High Extremity,Scrap Metal,Saratoga High School,Saratoga,California,United States,1,VEX V5 Robotics Competition,High School
139935,95111V,Garage Productions,,Hackathon4Kids,San Jose,California,United States,1,VEX V5 Robotics Competition,High School
174331,95111X,Garage Inspiration,,Hackathon4Kids,Fremont,California,United States,1,VEX V5 Robotics Competition,High School
110184,95212A,OCEAN,B.U.B.B.A,Cesar Chavez High School,Stockton,California,United States,1,VEX V5 Robotics Competition,High School
90214,1022A,Against the Odds,,Claremont Secondary School,Victoria,British Columbia,Canada,1,VEX V5 Robotics Competition,High School
99216,1022B,Black Out,,Claremont Secondary School,Victoria,British Columbia,Canada,1,VEX V5 Robotics Competition,High School
143302,1022E,Entrothalpy,,Claremont Secondary School,Victoria,British Columbia,Canada,1,VEX V5 Robotics Competition,High School
180107,1022H,Helios,,Claremont Secondary School,Victoria,British Columbia,Canada,1,VEX V5 Robotics Competition,High School
160456,1022K,Camva,,Claremont Secondary School,Victoria,British Columbia,Canada,1,VEX V5 Robotics Competition,High School
143303,1022R,Badassatron,,Claremont Secondary School,Victoria,British Columbia,Canada,1,VEX V5 Robotics Competition,High School
143304,1022Z,Inspector Quackett,,Claremont Secondary School,Victoria,British Columbia,Canada,1,VEX V5 Robotics Competition,High School
61281,1290A,Arnold,,Brentwood College School,Mill Bay,British Columbia,Canada,1,VEX V5 Robotics Competition,High School
64806,1290C,Cranking 90s,,Brentwood College School,Mill Bay,British Columbia,Canada,1,VEX V5 Robotics Competition,High School
136055,1290F,Max Verstappen,,Brentwood College School,Mill Bay,British Columbia,Canada,1,VEX V5 Robotics Competition,High School
179229,1290H,Huh?,,Brentwood College School,Mill Bay,British Columbia,Canada,1,VEX V5 Robotics Competition,High School
179227,1290M,"Marvin, P.A.",,Brentwood College School,Mill Bay,British Columbia,Canada,1,VEX V5 Robotics Competition,High School
146469,1290W,Winning Whales,,Brentwood College School,Mill Bay,British Columbia,Canada,1,VEX V5 Robotics Competition,High School
146427,1290X,Brick,,Brentwood College School,Mill Bay,British Columbia,Canada,1,VEX V5 Robotics Competition,High School
47653,6264A,Shawnigan Robotics,Alpha,Shawnigan Lake School,Shawnigan Lake,British Columbia,Canada,1,VEX V5 Robotics Competition,High School
97083,6264W,Shawnigan Robotics,W,Shawnigan Lake School,Shawnigan Lake,British Columbia,Canada,1,VEX V5 Robotics Competition,High School
45682,7842A,The Eh Team,,Robotics71 - School District #71,Comox,British Columbia,Canada,1,VEX V5 Robotics Competition,High School
48728,7842B,The Braindeads,The Braindeads,Robotics71 - School District #71,Comox,British Columbia,Canada,1,VEX V5 Robotics Competition,High School
49681,7842C,Colossal,,Robotics71 - School District #71,Comox,British Columbia,Canada,1,VEX V5 Robotics Competition,High School
58014,7842F,Fractal,,Robotics71 - School District #71,Comox,British Columbia,Canada,1,VEX V5 Robotics Competition,High School
136009,7842P,Probably Perfectly Engineered,Joël,Robotics71 - School District #71,Comox,British Columbia,Canada,1,VEX V5 Robotics Competition,High School
163504,7842S,Student Driver,Waffle,Robotics71 - School District #71,Comox,British Columbia,Canada,1,VEX V5 Robotics Competition,High School
146494,7842W,Wildcards,,Robotics71 - School District #71,Comox,British Columbia,Canada,1,VEX V5 Robotics Competition,High School
138130,7842Z,Zephyr,Zephyr,Robotics71 - School District #71,Comox,British Columbia,Canada,1,VEX V5 Robotics Competition,High School
136259,64064A,64064A rt Students,,Gulf Islands Secondary School,Saltspring Island,British Columbia,Canada,1,VEX V5 Robotics Competition,High School
164012,64064E,"Red Meat, Blue Rare",Sir Loin,Gulf Islands Secondary School,Saltspring Island,British Columbia,Canada,1,VEX V5 Robotics Competition,High School
61310,6116A,Star Valley High School Robotics,,STAR VALLEY HIGH SCHOOL,Afton,Wyoming,United States,1,VEX V5 Robotics Competition,High School
150855,22635A,Camel Robotics,,CAMPBELL COUNTY HIGH SCHOOL,Gillette,Wyoming,United States,1,VEX V5 Robotics Competition,High School
165369,22635B,Camel Robotics,,CAMPBELL COUNTY HIGH SCHOOL,Gillette,Wyoming,United States,1,VEX V5 Robotics Competition,High School
177084,22635C,Camel Robotics,,CAMPBELL COUNTY HIGH SCHOOL,Gillette,Wyoming,United States,1,VEX V5 Robotics Competition,High School
177086,22635D,Camel Robotics,,CAMPBELL COUNTY HIGH SCHOOL,Gillette,Wyoming,United States,1,VEX V5 Robotics Competition,High School
177087,22635E,Camel Robotics,,CAMPBELL COUNTY HIGH SCHOOL,Gillette,Wyoming,United States,1,VEX V5 Robotics Competition,High School
99760,82718B,Sorry in Advance (;,Whoops,THUNDER BASIN HIGH SCHOOL,Gillette,Wyoming,United States,1,VEX V5 Robotics Competition,High School
124246,82718E,Nuclear,Warhead,THUNDER BASIN HIGH SCHOOL,Gillette,Wyoming,United States,1,VEX V5 Robotics Competition,High School
133560,82718F,"""Gentle"" Persuasion",Agnolini Fixmi,THUNDER BASIN HIGH SCHOOL,Gillette,Wyoming,United States,1,VEX V5 Robotics Competition,High School
133561,82718G,Greater Than,Bumper Car,THUNDER BASIN HIGH SCHOOL,Gillette,Wyoming,United States,1,VEX V5 Robotics Competition,High School
133562,82718H,Sour Cheetos,Marvin,THUNDER BASIN HIGH SCHOOL,Gillette,Wyoming,United States,1,VEX V5 Robotics Competition,High School
181253,82730A,Upton,Bobcat,UPTON HIGH SCHOOL,Upton,Wyoming,United States,1,VEX V5 Robotics Competition,High School
153181,283P,Professional Procrastinators,,WHITE PINE HIGH SCHOOL,Ely,Nevada,United States,1,VEX V5 Robotics Competition,High School
153183,283S,Snakes With Hats,,WHITE PINE HIGH SCHOOL,Ely,Nevada,United States,1,VEX V5 Robotics Competition,High School
77155,945G,Crash Test Dummies,,GREEN VALLEY HIGH SCHOOL,Henderson,Nevada,United States,1,VEX V5 Robotics Competition,High School
153762,1381P,Perditor,Bill Cipher,CJKT Robotics Coalition,Henderson,Nevada,United States,1,VEX V5 Robotics Competition,High School
139727,1745A,Legacy Robotics,Mace Windu,LEGACY HIGH SCHOOL,Las Vegas,Nevada,United States,1,VEX V5 Robotics Competition,High School
150036,1745E,Legacy Robotics,Revan,LEGACY HIGH SCHOOL,Las Vegas,Nevada,United States,1,VEX V5 Robotics Competition,High School
173259,2530A,Unhinged,,STEMpire Robotics,Henderson,Nevada,United States,1,VEX V5 Robotics Competition,High School
173260,2530B,Eclipse,,STEMpire Robotics,Henderson,Nevada,United States,1,VEX V5 Robotics Competition,High School
131757,6891T,Terminator,,FAITH LUTHERAN MIDDLE SCHOOL & HIGH SCHOOL,Las Vegas,Nevada,United States,1,VEX V5 Robotics Competition,High School
51443,7870A,stAte farm,Jake,CORONADO HIGH SCHOOL,Henderson,Nevada,United States,1,VEX V5 Robotics Competition,High School
101710,7870X,Xistential Crisis,,CORONADO HIGH SCHOOL,Henderson,Nevada,United States,1,VEX V5 Robotics Competition,High School
101711,7870Y,yogurt.,,CORONADO HIGH SCHOOL,Henderson,Nevada,United States,1,VEX V5 Robotics Competition,High School
114922,7870Z,Ctrl + Z,,CORONADO HIGH SCHOOL,Henderson,Nevada,United States,1,VEX V5 Robotics Competition,High School
176359,8871R,Rogue,Jenny,Walter Johnson Junior High School,Las Vegas,Nevada,United States,1,VEX V5 Robotics Competition,High School
107232,10058A,KingSnakes,Rocky,CORAL ACADEMY OF SCIENCE LAS VEGAS Cadence,Henderson,Nevada,United States,1,VEX V5 Robotics Competition,High School
127355,19191S,Reno Military Science Team 2,Spare parts,RENO HIGH SCHOOL,Reno,Nevada,United States,1,VEX V5 Robotics Competition,High School
107584,45577A,Pioneer Robotics A,,CANYON SPRINGS HIGH SCHOOL AND THE LEADERSHIP AND LAW PREPAR,North Las Vegas,Nevada,United States,1,VEX V5 Robotics Competition,High School
145189,61353C,Gear Gladiator,Prime 73,ADVANCED TECHNOLOGIES ACADEMY,Las Vegas,Nevada,United States,1,VEX V5 Robotics Competition,High School
115803,67002E,Electro Boogie,Plankton,Northwest Career And Technical Academy,Las Vegas,Nevada,United States,1,VEX V5 Robotics Competition,High School
115804,67002F,ITZGUD,Sammy,Northwest Career And Technical Academy,Las Vegas,Nevada,United States,1,VEX V5 Robotics Competition,High School
174232,67002V,VEXCALIBUR,Merlin,Northwest Career And Technical Academy,Las Vegas,Nevada,United States,1,VEX V5 Robotics Competition,High School
130716,74177B,Bolts & Blunders,,Pinecrest Academy Sloan Canyon,Henderson,Nevada,United States,1,VEX V5 Robotics Competition,High School
153994,74177G,Golden Arches,,PINECREST ACADEMY OF NEVADA SLOAN CANYON,Henderson,Nevada,United States,1,VEX V5 Robotics Competition,High School
107633,74177H,JACKPOT,,PINECREST ACADEMY OF NEVADA SLOAN CANYON,Henderson,Nevada,United States,1,VEX V5 Robotics Competition,High School
153995,74177J,Blank Slate,,PINECREST ACADEMY OF NEVADA SLOAN CANYON,Henderson,Nevada,United States,1,VEX V5 Robotics Competition,High School
129763,74177M,mid,,PINECREST ACADEMY OF NEVADA SLOAN CANYON,Henderson,Nevada,United States,1,VEX V5 Robotics Competition,High School
84561,75551B,Varsity Robotics,,BISHOP GORMAN HIGH SCHOOL,Las Vegas,Nevada,United States,1,VEX V5 Robotics Competition,High School
107614,89040B,Dread Pirates,Roberts,MOAPA VALLEY HIGH SCHOOL,Overton,Nevada,United States,1,VEX V5 Robotics Competition,High School
107576,89052A,Synergy,Pink Oreo,LIBERTY HIGH SCHOOL,Henderson,Nevada,United States,1,VEX V5 Robotics Competition,High School
158469,89131A,Mechanical Bulls,TheBajaBlaster,ARBOR VIEW HIGH SCHOOL,Las Vegas,Nevada,United States,1,VEX V5 Robotics Competition,High School
136174,89445A,Lowry High Competition Robotics Team,89445A,ALBERT M LOWRY HIGH SCHOOL,Winnemucca,Nevada,United States,1,VEX V5 Robotics Competition,High School
139925,89445B,Lowry High Competition Robotics Team,89445B,ALBERT M LOWRY HIGH SCHOOL,Winnemucca,Nevada,United States,1,VEX V5 Robotics Competition,High School
139926,89445C,Lowry High Competition Robotics Team,89445C,ALBERT M LOWRY HIGH SCHOOL,Winnemucca,Nevada,United States,1,VEX V5 Robotics Competition,High School
167302,89445D,Lowry High Competition Robotics Team,89445D,ALBERT M LOWRY HIGH SCHOOL,Winnemucca,Nevada,United States,1,VEX V5 Robotics Competition,High School
139559,91630N,Pigeon Party,Turkey Dinner,CORAL ACADEMY OF SCIENCE LAS VEGAS SANDY RIDGE,Las Vegas,Nevada,United States,1,VEX V5 Robotics Competition,High School
103070,97970A,Minerbots,,Sunrise Mountain High School,Las Vegas,Nevada,United States,1,VEX V5 Robotics Competition,High School
154044,1168A,Victory,Caravel,Victor Robotics,Beaverton,Oregon,United States,1,VEX V5 Robotics Competition,High School
30178,1460A,3 1/2 Axolotls in a Trenchcoat,,Sandy Robotics,Sandy,Oregon,United States,1,VEX V5 Robotics Competition,High School
46846,1460F,Dr. Mr. Sir Frank Dog Sir,,SANDY HIGH SCHOOL,Sandy,Oregon,United States,1,VEX V5 Robotics Competition,High School
52679,1460G,Galaxy Brains,,SANDY HIGH SCHOOL,Sandy,Oregon,United States,1,VEX V5 Robotics Competition,High School
115225,1460M,Maverick,,Sandy High School,Sandy,Oregon,United States,1,VEX V5 Robotics Competition,High School
131315,1460T,Top Gun,,Sandy High School,Sandy,Oregon,United States,1,VEX V5 Robotics Competition,High School
115226,1460W,MacGyver,,Sandy High School,Sandy,Oregon,United States,1,VEX V5 Robotics Competition,High School
103817,1812X,NMVoltmasters-Ibreakit,Ibreakit,North Marion High School,Aurora,Oregon,United States,1,VEX V5 Robotics Competition,High School
175465,2990F,Fork Lift Certified,,West Salem High School,Salem,Oregon,United States,1,VEX V5 Robotics Competition,High School
131679,2990S,Prometheus,Fish,West Salem High School,Salem,Oregon,United States,1,VEX V5 Robotics Competition,High School
131680,2990U,Hivemind,O-bee-Wan,West Salem High School,Salem,Oregon,United States,1,VEX V5 Robotics Competition,High School
139598,2990V,Titan Team Voltage,sparky,West Salem High School,Salem,Oregon,United States,1,VEX V5 Robotics Competition,High School
112873,2990X,Xenon,Xenonite,West Salem High School,Salem,Oregon,United States,1,VEX V5 Robotics Competition,High School
123613,3017D,Diffusion,,HENLEY HIGH SCHOOL,Klamath Falls,Oregon,United States,1,VEX V5 Robotics Competition,High School
176741,3017G,Guac Stars,,HENLEY HIGH SCHOOL,Klamath Falls,Oregon,United States,1,VEX V5 Robotics Competition,High School
176704,3017W,Whirlwind,,HENLEY HIGH SCHOOL,Klamath Falls,Oregon,United States,1,VEX V5 Robotics Competition,High School
160828,3017X,Xccelerate,,HENLEY HIGH SCHOOL,Klamath Falls,Oregon,United States,1,VEX V5 Robotics Competition,High School
143897,3017Y,Y3LL0,,HENLEY HIGH SCHOOL,Klamath Falls,Oregon,United States,1,VEX V5 Robotics Competition,High School
68028,3249F,Formerly X [Formerly Twitter],,VANCOUVER ITECH PREPARATORY,Vancouver,Washington,United States,1,VEX V5 Robotics Competition,High School
94143,3249R,Ratatouille: The Squeakquel,,VANCOUVER ITECH PREPARATORY,Vancouver,Washington,United States,1,VEX V5 Robotics Competition,High School
94146,3249V,Vortex,,VANCOUVER ITECH PREPARATORY,Vancouver,Washington,United States,1,VEX V5 Robotics Competition,High School
130132,5686J,Jack N Box,,Mazama High School,Klamath Falls,Oregon,United States,1,VEX V5 Robotics Competition,High School
175220,5686R,Royal Flush,,Mazama High School,Klamath Falls,Oregon,United States,1,VEX V5 Robotics Competition,High School
175224,5686W,Pandemonium,,Mazama High School,Klamath Falls,Oregon,United States,1,VEX V5 Robotics Competition,High School
158094,5686X,Existential Crisis,,Mazama High School,Klamath Falls,Oregon,United States,1,VEX V5 Robotics Competition,High School
124585,16689A,//Dracobots// The Circuit Breakers,,Dracobots,Portland,Oregon,United States,1,VEX V5 Robotics Competition,High School
154964,16689E,//Dracobots// EXtreme,,Dracobots,Portland,Oregon,United States,1,VEX V5 Robotics Competition,High School
70787,20281A,*plexiglass noises*,...,SOUTH SALEM HIGH SCHOOL,Salem,Oregon,United States,1,VEX V5 Robotics Competition,High School
70788,20281B,Hypothesis,Lue,SOUTH SALEM HIGH SCHOOL,Salem,Oregon,United States,1,VEX V5 Robotics Competition,High School
88641,27508A,ROBOVIKS TEAM VALKYRIE,,North Salem High School,Salem,Oregon,United States,1,VEX V5 Robotics Competition,High School
102946,27508B,ROBOVIKS TEAM ODIN,,North Salem High School,Salem,Oregon,United States,1,VEX V5 Robotics Competition,High School
132869,27508E,ROBOVIKS TEAM LOKI,27508E,North Salem High School,Salem,Oregon,United States,1,VEX V5 Robotics Competition,High School
143912,27508F,ROBOVIKS TEAM TYR,27508F,North Salem High School,Salem,Oregon,United States,1,VEX V5 Robotics Competition,High School
142646,41998H,Torque it out,T-1,Vale High School,Vale,Oregon,United States,1,VEX V5 Robotics Competition,High School
142647,41998J,The Jimbos,{ },Vale High School,Vale,Oregon,United States,1,VEX V5 Robotics Competition,High School
87620,51581B,Disconauts,,The Dalles High School,The Dalles,Oregon,United States,1,VEX V5 Robotics Competition,High School
119304,51581D,Garlic Bread,,THE DALLES HIGH SCHOOL,The Dalles,Oregon,United States,1,VEX V5 Robotics Competition,High School
126698,51581E,Syntax Error,,The Dalles High School,The Dalles,Oregon,United States,1,VEX V5 Robotics Competition,High School
162852,54907A,CalmDown,Jörmungandr,BONANZA JUNIOR/SENIOR HIGH SCHOOL,Bonanza,Oregon,United States,1,VEX V5 Robotics Competition,High School
145757,97027E,Exabyte,,GLADSTONE HIGH SCHOOL,Gladstone,Oregon,United States,1,VEX V5 Robotics Competition,High School
127203,85D,The Hungry Dogs,Small but Mighty,MOUNT VERNON HIGH SCHOOL,Mount Vernon,Iowa,United States,1,VEX V5 Robotics Competition,Middle School
47002,6972A,Centerville Team A,,Centerville Community Schools,Centerville,Iowa,United States,1,VEX V5 Robotics Competition,Middle School
50982,6972B,Dangerously Mad Minions,,CENTERVILLE COMMUNITY Schools,Centerville,Iowa,United States,1,VEX V5 Robotics Competition,Middle School
59273,6972C,C Cobras,,CENTERVILLE COMMUNITY SCHOOLS,Centerville,Iowa,United States,1,VEX V5 Robotics Competition,Middle School
126869,12999M,VEX/TSA Panther Science,,CRESTON HIGH SCHOOL,Creston,Iowa,United States,1,VEX V5 Robotics Competition,Middle School
150779,65892A,Celestial Titans,Galaxy,GLENWOOD SENIOR HIGH SCHOOL,Glenwood,Iowa,United States,1,VEX V5 Robotics Competition,Middle School
150781,65892C,Lord of the Rings,Gollum,GLENWOOD SENIOR HIGH SCHOOL,Glenwood,Iowa,United States,1,VEX V5 Robotics Competition,Middle School
150827,65892D,Monklings,,GLENWOOD SENIOR HIGH SCHOOL,Glenwood,Iowa,United States,1,VEX V5 Robotics Competition,Middle School
9988,870A,Apparition,Bushinator,AUSTIN ACAD FOR EXCELL,Garland,Texas,United States,1,VEX V5 Robotics Competition,Middle School
139870,12161B,Messi Mechanics,,Wheelhouse Foundation,Irving,Texas,United States,1,VEX V5 Robotics Competition,Middle School
88696,1089E,Forge Evolution,Evo,Forge Robotics,Chesterbrook,Pennsylvania,United States,1,VEX V5 Robotics Competition,Middle School
107721,83561A,Clover Rovers,,Penn State Extension/Chester County 4-H Program,West Chester,Pennsylvania,United States,1,VEX V5 Robotics Competition,Middle School
150154,63544B,TKA Robotics,Sigmatron,The King's Academy,West Palm Beach,Florida,United States,1,VEX V5 Robotics Competition,Middle School
122766,62880B,Ba Na Nas,,Coast 2 Coast Robotics,Bayside,New York,United States,1,VEX V5 Robotics Competition,Middle School
154591,1239E,Flashbang,EREBUS,Flashbang Robotics,Oklahoma City,Oklahoma,United States,1,VEX V5 Robotics Competition,High School
169569,1474M,Misfits,Pookie,Unhinged Robotics,Muskogee,Oklahoma,United States,1,VEX V5 Robotics Competition,High School
167731,1739C,Nonapplicable,Radium,Nonapplicable Robotics,Oklahoma City,Oklahoma,United States,1,VEX V5 Robotics Competition,High School
27829,2396B,Red Dirt Robotics,,Canadian Valley Technology Center,El Reno,Oklahoma,United States,1,VEX V5 Robotics Competition,High School
27832,2396C,Red Dirt Robotics,,Canadian Valley Technology Center,El Reno,Oklahoma,United States,1,VEX V5 Robotics Competition,High School
48092,6062A,The Duke,The Duke,OOLOGAH-TALALA MIDDLE SCHOOL,Oologah,Oklahoma,United States,1,VEX V5 Robotics Competition,High School
53554,9142B,Pulse,Cardiac,CLAREMORE HIGH SCHOOL,Claremore,Oklahoma,United States,1,VEX V5 Robotics Competition,High School
97462,9142D,Detonate,Gerald,CLAREMORE HIGH SCHOOL,Claremore,Oklahoma,United States,1,VEX V5 Robotics Competition,High School
146713,9142P,Phantom,Specter,CLAREMORE HIGH SCHOOL,Claremore,Oklahoma,United States,1,VEX V5 Robotics Competition,High School
146205,9545Y,Shake & Bake,,ROLAND HIGH SCHOOL,Roland,Oklahoma,United States,1,VEX V5 Robotics Competition,High School
71790,16021G,Skilled Disappointment,Skilled Disappointment,Canadian Valley Technology Center,Chickasha,Oklahoma,United States,1,VEX V5 Robotics Competition,High School
119381,16021N,Tanka Jahari,Tanka Jahari,Canadian Valley Technology Center,Chickasha,Oklahoma,United States,1,VEX V5 Robotics Competition,High School
100807,16021S,S.S.Shadoan,S.S.Shadoan,Canadian Valley Technology Center - Chickasha,Chickasha,Oklahoma,United States,1,VEX V5 Robotics Competition,High School
156330,20131A,Chubby Unicorns  To Vexy,Bobo Chacho,PUTNAM CITY HIGH SCHOOL,Oklahoma City,Oklahoma,United States,1,VEX V5 Robotics Competition,High School
157336,20541B,Cu?iosity?,Spike,TAHLEQUAH HIGH SCHOOL,Tahlequah,Oklahoma,United States,1,VEX V5 Robotics Competition,High School
176275,20541D,Waffle Turtles Seniors,Sparky,TAHLEQUAH HIGH SCHOOL,Tahlequah,Oklahoma,United States,1,VEX V5 Robotics Competition,High School
164579,24658A,Milky Way,Vaporeon,Jay High School,Jay,Oklahoma,United States,1,VEX V5 Robotics Competition,High School
112577,74019B,Inferno,That One Bot,VERDIGRIS JHS,Claremore,Oklahoma,United States,1,VEX V5 Robotics Competition,High School
150381,74074D,Oasis,,STILLWATER HIGH SCHOOL,Stillwater,Oklahoma,United States,1,VEX V5 Robotics Competition,High School
177648,74074R,Revenant,,STILLWATER JHS,Stillwater,Oklahoma,United States,1,VEX V5 Robotics Competition,High School
157449,74074X,Nexus,,STILLWATER HIGH SCHOOL,Stillwater,Oklahoma,United States,1,VEX V5 Robotics Competition,High School
157451,74074Y,Bamboozled,Bambi V3,STILLWATER HIGH SCHOOL,Stillwater,Oklahoma,United States,1,VEX V5 Robotics Competition,High School
177649,74074Z,Zenith,,STILLWATER JHS,Stillwater,Oklahoma,United States,1,VEX V5 Robotics Competition,High School
159521,74403W,74403 W,Chicken Nugget Destroyer,HILLDALE HIGH SCHOOL,Muskogee,Oklahoma,United States,1,VEX V5 Robotics Competition,High School
158404,74403X,74403 X,Bill,HILLDALE HIGH SCHOOL,Muskogee,Oklahoma,United States,1,VEX V5 Robotics Competition,High School
143970,74403Z,74403 Z,,HILLDALE HIGH SCHOOL,Muskogee,Oklahoma,United States,1,VEX V5 Robotics Competition,High School
119246,76892E,SUPERNOVA,VIOLET,Sayre High School,Sayre,Oklahoma,United States,1,VEX V5 Robotics Competition,High School
146631,91825B,Daddy's Money,,BARTLESVILLE HIGH SCHOOL,Bartlesville,Oklahoma,United States,1,VEX V5 Robotics Competition,High School
161197,91825C,Celsius,,BARTLESVILLE HIGH SCHOOL,Bartlesville,Oklahoma,United States,1,VEX V5 Robotics Competition,High School
57810,6403C,Cookie Monsters,,BROOKSIDE MIDDLE SCHOOL,Sheffield Village,Ohio,United States,1,VEX V5 Robotics Competition,Middle School
125720,6403X,X-Force,,BROOKSIDE MIDDLE SCHOOL,Sheffield Village,Ohio,United States,1,VEX V5 Robotics Competition,Middle School
143692,42501F,"Akron East ""F""",42501F,EAST COMMUNITY LEARNING CENTER,Akron,Ohio,United States,1,VEX V5 Robotics Competition,Middle School
143007,43779P,$3 Meal Deal,,SHENANDOAH MIDDLE SCHOOL,Sarahsville,Ohio,United States,1,VEX V5 Robotics Competition,Middle School
73919,45133D,Delta,,HILLSBORO MIDDLE SCHOOL,Hillsboro,Ohio,United States,1,VEX V5 Robotics Competition,Middle School
169529,50298B,Concrete Blocks,,Mapleton Middle School,Ashland,Ohio,United States,1,VEX V5 Robotics Competition,Middle School
38275,4951A,Little Boy,4951A,CIMARRON MIDDLE SCHOOL,Edmond,Oklahoma,United States,1,VEX V5 Robotics Competition,Middle School
73890,9545M,Monke' Mafia,,ROLAND MIDDLE SCHOOL,Roland,Oklahoma,United States,1,VEX V5 Robotics Competition,Middle School
73892,9545W,Walking Tacos,,ROLAND MIDDLE SCHOOL,Roland,Oklahoma,United States,1,VEX V5 Robotics Competition,Middle School
73893,9545X,Wreckin' Crew,Death Star,Roland Middle School,Roland,Oklahoma,United States,1,VEX V5 Robotics Competition,Middle School
116039,84260C,Quantum Flame,,Cabot High School,Cabot,Arkansas,United States,1,VEX V5 Robotics Competition,Middle School
143012,84260M,Metal Strike,,Cabot High School,Cabot,Arkansas,United States,1,VEX V5 Robotics Competition,Middle School
153506,84260N,Nimbus,,Cabot High School,Cabot,Arkansas,United States,1,VEX V5 Robotics Competition,Middle School
123033,5E,Average Joes,Tony,RAVENNA SENIOR HIGH,Ravenna,Nebraska,United States,1,VEX V5 Robotics Competition,High School
142306,5G,Unnecessary Roughness,Spot,RAVENNA SENIOR HIGH,Ravenna,Nebraska,United States,1,VEX V5 Robotics Competition,High School
174929,5V,Bumble Vees,Vector,RAVENNA SENIOR HIGH,Ravenna,Nebraska,United States,1,VEX V5 Robotics Competition,High School
50540,5Y,do we keep doing this?,Benji,RAVENNA SENIOR HIGH,Ravenna,Nebraska,United States,1,VEX V5 Robotics Competition,High School
40093,1028A,WASHED,none,Brownell Talbot College Preparatory School,Omaha,Nebraska,United States,1,VEX V5 Robotics Competition,High School
16636,1028B,BROKE,Megatron,Brownell Talbot Preparatory School,Omaha,Nebraska,United States,1,VEX V5 Robotics Competition,High School
50411,1028T,Toxic,none,Brownell Talbot College Preparatory School,Omaha,Nebraska,United States,1,VEX V5 Robotics Competition,High School
40096,1028X,10 Billion Lions,,Brownell Talbot College Preparatory School,Omaha,Nebraska,United States,1,VEX V5 Robotics Competition,High School
63104,1028Z,The Company,Eric,Brownell Talbot College Preparatory School,Omaha,Nebraska,United States,1,VEX V5 Robotics Competition,High School
35992,1043A,OPS - Grizzodyssey,Bear Claw,BRYAN HIGH SCHOOL,Omaha,Nebraska,United States,1,VEX V5 Robotics Competition,High School
36013,1064A,OPS - Nebraska Nerd Herd,Nebraska Nerd Herd,OMAHA NORTH MAGNET HIGH SCHOOL,Omaha,Nebraska,United States,1,VEX V5 Robotics Competition,High School
36016,1064B,OPS - Perfectly Flawed,Perfectly Flawed,OMAHA NORTH MAGNET HIGH SCHOOL,Omaha,Nebraska,United States,1,VEX V5 Robotics Competition,High School
36031,1064G,OPS - G Force,G Force,OMAHA NORTH MAGNET HIGH SCHOOL,Omaha,Nebraska,United States,1,VEX V5 Robotics Competition,High School
58105,1064X,OPS - Unknown Variable,Unknow Variable,OMAHA NORTH MAGNET HIGH SCHOOL,Omaha,Nebraska,United States,1,VEX V5 Robotics Competition,High School
111687,1970X,Knightmare,,MOUNT MICHAEL BENEDICTINE HIGH SCHOOL,Elkhorn,Nebraska,United States,1,VEX V5 Robotics Competition,High School
28045,3141V,Yoinky Sploinkey,,Gross Catholic Robotics,Bellevue,Nebraska,United States,1,VEX V5 Robotics Competition,High School
130234,3141Z,3141Zamboni?,,Gross Catholic Robotics,Bellevue,Nebraska,United States,1,VEX V5 Robotics Competition,High School
27202,4326A,Unsupervised Robots,,ELKHORN SOUTH HIGH SCHOOL,Omaha,Nebraska,United States,1,VEX V5 Robotics Competition,High School
38473,4326B,Mr. Glasses,,ELKHORN SOUTH HIGH SCHOOL,Omaha,Nebraska,United States,1,VEX V5 Robotics Competition,High School
70877,4405W,The Ringmasters,,VJ & ANGELA SKUTT CATHOLIC HIGH SCHOOL,Omaha,Nebraska,United States,1,VEX V5 Robotics Competition,High School
51315,4405X,Parmesian Cheese,,VJ & ANGELA SKUTT CATHOLIC HIGH SCHOOL,Omaha,Nebraska,United States,1,VEX V5 Robotics Competition,High School
50351,5069G,Lord of the Rings,,Millard North High School,Omaha,Nebraska,United States,1,VEX V5 Robotics Competition,High School
158104,5069V,Villain Arc,,Millard North High School,Omaha,Nebraska,United States,1,VEX V5 Robotics Competition,High School
174722,5069W,Wake Up,Jebodiah Peterson,Millard North High School,Omaha,Nebraska,United States,1,VEX V5 Robotics Competition,High School
56889,5069X,Keep Gambling,,Millard North High School,Omaha,Nebraska,United States,1,VEX V5 Robotics Competition,High School
56888,5069Y,Havøc,,Millard North High School,Omaha,Nebraska,United States,1,VEX V5 Robotics Competition,High School
98883,5069Z,Ctrl + Z,,Millard North High School,Omaha,Nebraska,United States,1,VEX V5 Robotics Competition,High School
28990,5155E,Cereal Killers,,CROSS COUNTY HIGH SCHOOL,Stromsburg,Nebraska,United States,1,VEX V5 Robotics Competition,High School
82435,5155K,Kirk and Spock,,CROSS COUNTY HIGH SCHOOL,Stromsburg,Nebraska,United States,1,VEX V5 Robotics Competition,High School
140165,5155T,Twin Turtles,Florida,CROSS COUNTY HIGH SCHOOL,Stromsburg,Nebraska,United States,1,VEX V5 Robotics Competition,High School
133580,8151G,Abolish G3,,Grand Island Senior High School,Grand Island,Nebraska,United States,1,VEX V5 Robotics Competition,High School
178266,8151W,Parts on Order,,Grand Island Senior High School,Grand Island,Nebraska,United States,1,VEX V5 Robotics Competition,High School
142565,8675F,Fuzzy,,NRAI,Omaha,Nebraska,United States,1,VEX V5 Robotics Competition,High School
159756,8675V,Volt,,NRAI,Omaha,Nebraska,United States,1,VEX V5 Robotics Competition,High School
140753,15800A,"""Atticus"" - Omaha Westview HS JROTC",Atticus,Omaha Westview High School,Bennington,Nebraska,United States,1,VEX V5 Robotics Competition,High School
172555,17788F,Frostbyte,,Tundra Robotics,Valley,Nebraska,United States,1,VEX V5 Robotics Competition,High School
124457,43280A,GooN GanG,,Elkhorn North High School,Omaha,Nebraska,United States,1,VEX V5 Robotics Competition,High School
135462,43280C,El Zeusadores,,Elkhorn North High School,Omaha,Nebraska,United States,1,VEX V5 Robotics Competition,High School
113148,68763D,Crooked Bots,Blaze,O'NEILL HIGH SCHOOL,Oneill,Nebraska,United States,1,VEX V5 Robotics Competition,High School
141943,68763E,Ziptie Engineers,,O'NEILL HIGH SCHOOL,O'neill,Nebraska,United States,1,VEX V5 Robotics Competition,High School
124355,71414A,Noggin Boppers,Robert,PIERCE JR/SR HIGH SCHOOL,Pierce,Nebraska,United States,1,VEX V5 Robotics Competition,High School
140686,74100D,dGoats,,CONCORDIA JR/SR HIGH SCHOOL,Omaha,Nebraska,United States,1,VEX V5 Robotics Competition,High School
107355,74100Z,Z-Axis,Russ,CONCORDIA JR/SR HIGH SCHOOL,Omaha,Nebraska,United States,1,VEX V5 Robotics Competition,High School
79341,91416A,Shroud,,Wahoo Robotics (Saunders Catholic Schools & Wahoo Public Schools),Wahoo,Nebraska,United States,1,VEX V5 Robotics Competition,High School
130136,91416M,Unknown Error,,Wahoo Robotics,Wahoo,Nebraska,United States,1,VEX V5 Robotics Competition,High School
130137,91416N,S.W.A.T.,,Wahoo Robotics (Saunders Catholic Schools & Wahoo Public Schools),Wahoo,Nebraska,United States,1,VEX V5 Robotics Competition,High School
169732,91416T,Crusaders,,Wahoo Robotics (Bishop Neumann and Wahoo Public Schools),Wahoo,Nebraska,United States,1,VEX V5 Robotics Competition,High School
141825,91416X,Lechuga,,Wahoo Robotics (Saunders Catholic Schools & Wahoo Public Schools),Wahoo,Nebraska,United States,1,VEX V5 Robotics Competition,High School
63835,9364X,Iron Eagles - X-caliber,X-caliber,BRENTWOOD ACADEMY,Brentwood,Tennessee,United States,1,VEX V5 Robotics Competition,Middle School
110226,37334F,Lincoln County Robotics,Crimson,LINCOLN COUNTY SCHOOL,Fayetteville,Tennessee,United States,1,VEX V5 Robotics Competition,Middle School
122820,663A,&,/or,CHATTANOOGA CHRISTIAN SCHOOL,Chattanooga,Tennessee,United States,1,VEX V5 Robotics Competition,High School
122821,663B,The A Team,,CHATTANOOGA CHRISTIAN SCHOOL,Chattanooga,Tennessee,United States,1,VEX V5 Robotics Competition,High School
122822,663C,Crossfire,,CHATTANOOGA CHRISTIAN SCHOOL,Chattanooga,Tennessee,United States,1,VEX V5 Robotics Competition,High School
122823,663D,UltraViolet,Eureka!,CHATTANOOGA CHRISTIAN SCHOOL,Chattanooga,Tennessee,United States,1,VEX V5 Robotics Competition,High School
122825,663F,Freeze Dried,,CHATTANOOGA CHRISTIAN SCHOOL,Chattanooga,Tennessee,United States,1,VEX V5 Robotics Competition,High School
122826,663G,Playing With Fire,Inferno,CHATTANOOGA CHRISTIAN SCHOOL,Chattanooga,Tennessee,United States,1,VEX V5 Robotics Competition,High School
172015,663H,Target Acquired,T.O.D.D.,CHATTANOOGA CHRISTIAN SCHOOL,Chattanooga,Tennessee,United States,1,VEX V5 Robotics Competition,High School
130546,663S,Vegan Cheese,,CHATTANOOGA CHRISTIAN SCHOOL,Chattanooga,Tennessee,United States,1,VEX V5 Robotics Competition,High School
130043,991E,BearBots-DangEr:FallingObjects,Object 1,HARPETH HALL SCHOOL,Nashville,Tennessee,United States,1,VEX V5 Robotics Competition,High School
154690,991S,BearBots - Sourdough!,Toaster X,HARPETH HALL SCHOOL,Nashville,Tennessee,United States,1,VEX V5 Robotics Competition,High School
129864,2774A,Jackson Christian-Conquest Robotics,,JACKSON CHRISTIAN SCHOOL,Jackson,Tennessee,United States,1,VEX V5 Robotics Competition,High School
132530,2775V,Jackson Area Robotics,BT-7274,Jackson Area Robotics,Jackson,Tennessee,United States,1,VEX V5 Robotics Competition,High School
87641,2775X,Jackson Area Robotics- Fellowship of the Rings,Gollum,Jackson Area Robotics,Jackson,Tennessee,United States,1,VEX V5 Robotics Competition,High School
173470,4027A,LA Anomaly,,LIPSCOMB ACADEMY,Nashville,Tennessee,United States,1,VEX V5 Robotics Competition,High School
49344,5999A,Eagle Siege,,NORTHEAST HIGH,Clarksville,Tennessee,United States,1,VEX V5 Robotics Competition,High School
65042,5999C,Eagle Shock,,NORTHEAST HIGH,Clarksville,Tennessee,United States,1,VEX V5 Robotics Competition,High School
90206,5999J,Eagle Strike,,NORTHEAST HIGH,Clarksville,Tennessee,United States,1,VEX V5 Robotics Competition,High School
80668,5999S,Eagle Soar,,NORTHEAST HIGH,Clarksville,Tennessee,United States,1,VEX V5 Robotics Competition,High School
131908,5999X,Eagle TBD,,NORTHEAST HIGH,Clarksville,Tennessee,United States,1,VEX V5 Robotics Competition,High School
52977,9364A,Iron Eagles - Atari,Atari,Brentwood Academy,Brentwood,Tennessee,United States,1,VEX V5 Robotics Competition,High School
56471,9364B,Iron Eagles - Imma Steal Your Goalfriend,Terrance,Brentwood Academy,Brentwood,Tennessee,United States,1,VEX V5 Robotics Competition,High School
56472,9364C,IronEagles C=299792458m/s,Leon,Brentwood Academy,Brentwood,Tennessee,United States,1,VEX V5 Robotics Competition,High School
56473,9364D,Iron Eagles - Duck Sauce,Quack,Brentwood Academy,Brentwood,Tennessee,United States,1,VEX V5 Robotics Competition,High School
56849,9364E,Iron Eagles - Eden,,Brentwood Academy,Brentwood,Tennessee,United States,1,VEX V5 Robotics Competition,High School
114648,13205A,Lightning,,STEM SCHOOL CHATTANOOGA,Chattanooga,Tennessee,United States,1,VEX V5 Robotics Competition,High School
155833,14338A,(feat. The Amazing Abigail),,Ctrl+Alt+Defeat,Lebanon,Tennessee,United States,1,VEX V5 Robotics Competition,High School
174424,18031A,Alt + F4,Achilles,RIVERSIDE CHRISTIAN ACADEMY,Fayetteville,Tennessee,United States,1,VEX V5 Robotics Competition,High School
126841,20025E,Innovation Robotics,20025E  Echo,INNOVATION ACADEMY,Springfield,Tennessee,United States,1,VEX V5 Robotics Competition,High School
129535,20025G,Innovation Robotics,Pebblet,INNOVATION ACADEMY,Springfield,Tennessee,United States,1,VEX V5 Robotics Competition,High School
163247,22391B,Odometry Outlaws,John Wayne,WESTMORELAND HIGH SCHOOL,Westmoreland,Tennessee,United States,1,VEX V5 Robotics Competition,High School
173014,22425W,Johnny 5,,WESTVIEW HIGH SCHOOL,Martin,Tennessee,United States,1,VEX V5 Robotics Competition,High School
121914,24816T,Invictus,Invictus,Happy Valley High School,Elizabethton,Tennessee,United States,1,VEX V5 Robotics Competition,High School
86129,28646B,Brighton,,BRIGHTON HIGH SCHOOL,Brighton,Tennessee,United States,1,VEX V5 Robotics Competition,High School
129313,32511A,MBA Scorpion,The Scorpion Tank,MONTGOMERY BELL ACADEMY,Nashville,Tennessee,United States,1,VEX V5 Robotics Competition,High School
139959,32511C,MBA Grunts,The Mongoose,MONTGOMERY BELL ACADEMY,Nashville,Tennessee,United States,1,VEX V5 Robotics Competition,High School
154813,38017A,Doofenshmirtz Evil Inc.,,Mid-South Gifted Academy,Collierville,Tennessee,United States,1,VEX V5 Robotics Competition,High School
147828,38401A,Eagles 1,,Zion Christian Academy,Columbia,Tennessee,United States,1,VEX V5 Robotics Competition,High School
144528,42652C,Slip Hazard,Slip Hazard,SULLIVAN EAST HIGH SCHOOL,Bluff City,Tennessee,United States,1,VEX V5 Robotics Competition,High School
111632,42652D,Scrappy,Scrappy,SULLIVAN EAST HIGH SCHOOL,Bluff City,Tennessee,United States,1,VEX V5 Robotics Competition,High School
96885,57249A,Raptor Robotics - Goose,Goose,Ravenwood High School,Brentwood,Tennessee,United States,1,VEX V5 Robotics Competition,High School
97280,57249B,Raptor Robotics - Blitzkrieg,Blitzkrieg,Ravenwood High School,Brentwood,Tennessee,United States,1,VEX V5 Robotics Competition,High School
115532,57249C,Raptor Robotics - JOKR,JOKR,Ravenwood High School,Brentwood,Tennessee,United States,1,VEX V5 Robotics Competition,High School
123292,57249D,Raptor Robotics - Drift,Drift,Ravenwood High School,Brentwood,Tennessee,United States,1,VEX V5 Robotics Competition,High School
142061,57711C,Team C,Tyrone,Alchemy Global STEM Institute,Morristown,Tennessee,United States,1,VEX V5 Robotics Competition,High School
142060,57711X,Rocky,Rocky,Alchemy Global STEM Institute,Morristown,Tennessee,United States,1,VEX V5 Robotics Competition,High School
141060,63663A,Montessori - Genesis,,MONTESSORI ACADEMY,Brentwood,Tennessee,United States,1,VEX V5 Robotics Competition,High School
142241,69315A,TurkeyBots - Adobe,,ST MARY'S EPISCOPAL SCHOOL,Memphis,Tennessee,United States,1,VEX V5 Robotics Competition,High School
142955,69315B,TurkeyBots,,ST MARY'S EPISCOPAL SCHOOL,Memphis,Tennessee,United States,1,VEX V5 Robotics Competition,High School
82726,73973A,White House - Atomic,,WHITE HOUSE HIGH SCHOOL,White House,Tennessee,United States,1,VEX V5 Robotics Competition,High School
139719,96504D,The Mad Scientists,,Brentwood High School,Brentwood,Tennessee,United States,1,VEX V5 Robotics Competition,High School
129317,96504E,Tech-N0-Logic,,Brentwood High School,Brentwood,Tennessee,United States,1,VEX V5 Robotics Competition,High School
170462,96504G,Gambit,,BRENTWOOD HIGH SCHOOL,Brentwood,Tennessee,United States,1,VEX V5 Robotics Competition,High School
123258,96504P,Emu Warfare,Quantum,Brentwood High School,Brentwood,Tennessee,United States,1,VEX V5 Robotics Competition,High School
157272,96504X,Darkstar,MACH One,BRENTWOOD HIGH SCHOOL,Brentwood,Tennessee,United States,1,VEX V5 Robotics Competition,High School
140015,97934H,RoboPanthers - Hear Me Out,,FRANKLIN ROAD ACADEMY,Nashville,Tennessee,United States,1,VEX V5 Robotics Competition,High School
140016,97934S,RoboPanthers - Kirkland Signature,,FRANKLIN ROAD ACADEMY,Nashville,Tennessee,United States,1,VEX V5 Robotics Competition,High School
64359,97934U,RoboPanthers - Up the Ante,,FRANKLIN ROAD ACADEMY,Nashville,Tennessee,United States,1,VEX V5 Robotics Competition,High School
95290,97934X,RoboPanthers - Tomato Soup,,FRANKLIN ROAD ACADEMY,Nashville,Tennessee,United States,1,VEX V5 Robotics Competition,High School
169864,98709R,Shirebots - Radical,,DAYSPRING ACADEMY,Greenbrier,Tennessee,United States,1,VEX V5 Robotics Competition,High School
71582,99331M,Fowl Play,Danny Devito,MEMPHIS UNIVERSITY SCHOOL,Memphis,Tennessee,United States,1,VEX V5 Robotics Competition,High School
100351,99905X,X-tra RoboGryphs,X-tra,ST GEORGE'S INDEPENDENT SCHOOL,Collierville,Tennessee,United States,1,VEX V5 Robotics Competition,High School
94947,99989A,Codemandos - Taco Libre,,Hendersonville High School,Hendersonville,Tennessee,United States,1,VEX V5 Robotics Competition,High School
129949,99989C,CODEmandos C,,Hendersonville High School,Hendersonville,Tennessee,United States,1,VEX V5 Robotics Competition,High School
129950,99989D,Codemandos - Codra Kai,,Hendersonville High School,Hendersonville,Tennessee,United States,1,VEX V5 Robotics Competition,High School
831,21A,SPUR-FLYS,Gumption,CHAMPS - CHARTER HIGH SCHOOL OF ARTS-MULTIMEDIA & PERFORMING,Van Nuys,California,United States,1,VEX V5 Robotics Competition,High School
70487,21S,SPUR-FLYS,Oreo,CHAMPS - CHARTER HIGH SCHOOL OF ARTS-MULTIMEDIA & PERFORMING,Van Nuys,California,United States,1,VEX V5 Robotics Competition,High School
55966,62A,Wolverines,,HARVARD-WESTLAKE,Studio City,California,United States,1,VEX V5 Robotics Competition,High School
142498,334A,Supernova Atomic,,SCIENCE ACADEMY STEM MAGNET,North Hollywood,California,United States,1,VEX V5 Robotics Competition,High School
154186,334U,Redeem,Gustavo,SCIENCE ACADEMY STEM MAGNET,North Hollywood,California,United States,1,VEX V5 Robotics Competition,High School
153409,334X,Supernova Phat Chickens,,SCIENCE ACADEMY STEM MAGNET,North Hollywood,California,United States,1,VEX V5 Robotics Competition,High School
153408,334Y,ykwim,,SCIENCE ACADEMY STEM MAGNET,North Hollywood,California,United States,1,VEX V5 Robotics Competition,High School
138769,334Z,Supernova Glitch,Jeremy,SCIENCE ACADEMY STEM MAGNET,North Hollywood,California,United States,1,VEX V5 Robotics Competition,High School
128662,393A,Legacy - Apes,,LEGACY MAGNET ACADEMY,Tustin,California,United States,1,VEX V5 Robotics Competition,High School
128663,393B,Legacy Robotics,,LEGACY MAGNET ACADEMY,Tustin,California,United States,1,VEX V5 Robotics Competition,High School
33301,404E,Bot Not Found,,ELEMENTARY SCHOOL CAMINO REAL CHARTER HIGH,Woodland Hills,California,United States,1,VEX V5 Robotics Competition,High School
1181,404Z,Irish Wristwatch,Which Wristwatch?,ELEMENTARY SCHOOL CAMINO REAL CHARTER HIGH,Woodland Hills,California,United States,1,VEX V5 Robotics Competition,High School
6946,507A,Mustang Robotics,Alpha,Otay Ranch High School,Chula Vista,California,United States,1,VEX V5 Robotics Competition,High School
13915,507B,Mustang Robotics 507B,Beta,Otay Ranch High School,Chula Vista,California,United States,1,VEX V5 Robotics Competition,High School
37300,507C,Mustang Robotics,Chi,OTAY RANCH SENIOR HIGH,Chula Vista,California,United States,1,VEX V5 Robotics Competition,High School
13918,507D,507D,Delta,OTAY RANCH SENIOR HIGH,Chula Vista,California,United States,1,VEX V5 Robotics Competition,High School
13909,507E,507E,Epsilon,OTAY RANCH SENIOR HIGH,Chula Vista,California,United States,1,VEX V5 Robotics Competition,High School
36229,569A,NightHawk Robotics Club,Wannabe,MURRIETA VALLEY HIGH,Murrieta,California,United States,1,VEX V5 Robotics Competition,High School
36232,569C,NightHawk Robotics Club,,MURRIETA VALLEY HIGH,Murrieta,California,United States,1,VEX V5 Robotics Competition,High School
4646,569D,NightHawk Robotics Club,,MURRIETA VALLEY HIGH,Murrieta,California,United States,1,VEX V5 Robotics Competition,High School
156283,599Z,The Robodox,,GRANADA HILLS CHARTER HIGH,Granada Hills,California,United States,1,VEX V5 Robotics Competition,High School
139487,652A,RoboMonkeys,Pogo,ARK Robotics,Chula Vista,California,United States,1,VEX V5 Robotics Competition,High School
496,687B,Nerd Herd B,CAMS 687B,CALIFORNIA ACADEMY OF MATHEMATICS AND SCIENCE,Carson,California,United States,1,VEX V5 Robotics Competition,High School
506,687D,Nerd Herd D,CAMS 687D,CALIFORNIA ACADEMY OF MATHEMATICS AND SCIENCE,Carson,California,United States,1,VEX V5 Robotics Competition,High School
112327,742A,PerryBoticsA,,PerryBotics,Downey,California,United States,1,VEX V5 Robotics Competition,High School
129934,847X,Mimbotics,Mimmy,847X Robotics,Irvine,California,United States,1,VEX V5 Robotics Competition,High School
122798,884A,Space Pandas,Croquette,MBX Foundation,Manhattan Beach,California,United States,1,VEX V5 Robotics Competition,High School
128458,948J,Limitless,Puginator,Limitless Robotics,San Diego,California,United States,1,VEX V5 Robotics Competition,High School
35602,1138B,Eagle Engineering Bravo,Blaze,CHAMINADE COLLEGE PREPARATORY HIGH SCHOOL,West Hills,California,United States,1,VEX V5 Robotics Competition,High School
153164,1159X,Expedite,Night Fury,Midnight Robotics,Irvine,California,United States,1,VEX V5 Robotics Competition,High School
157607,1281A,It's MyGO!!!!! - Radiant,,Radiant Robotics,Arcadia,California,United States,1,VEX V5 Robotics Competition,High School
170824,1281R,AFK - Radiant,,Radiant Robotics,Arcadia,California,United States,1,VEX V5 Robotics Competition,High School
170743,1281X,Quasar - Radiant,,Radiant Robotics,Arcadia,California,United States,1,VEX V5 Robotics Competition,High School
171700,1629X,imagine not making dome haha,Idek,Our Garages,Los Angeles,California,United States,1,VEX V5 Robotics Competition,High School
169475,2147Z,Integer Robotics,进球劫匪,Integer Robotics,Santa Ana,California,United States,1,VEX V5 Robotics Competition,High School
11998,2150A,Ratio,,CHADWICK SCHOOL,Palos Verdes Peninsula,California,United States,1,VEX V5 Robotics Competition,High School
18559,2150B,Chadwick Robotics B,,CHADWICK SCHOOL,Palos Verdes Peninsula,California,United States,1,VEX V5 Robotics Competition,High School
170065,2397A,Frequency,,Frequency,Santa Ana,California,United States,1,VEX V5 Robotics Competition,High School
155333,2428W,9 lives,,Fell Swoop Inc,Los Angeles,California,United States,1,VEX V5 Robotics Competition,High School
93292,2496J,Beckman Robotics J,,Arnold O. Beckman High School,Irvine,California,United States,1,VEX V5 Robotics Competition,High School
70368,2496N,Beckman Robotics N,,Arnold O. Beckman High School,Irvine,California,United States,1,VEX V5 Robotics Competition,High School
62506,2496V,Beckman Robotics V,,ARNOLD O. BECKMAN HIGH,Irvine,California,United States,1,VEX V5 Robotics Competition,High School
107250,2496W,Beckman Robotics W,,Arnold O. Beckman High School,Irvine,California,United States,1,VEX V5 Robotics Competition,High School
70367,2496X,Beckman Robotics X,,Arnold O. Beckman High School,Irvine,California,United States,1,VEX V5 Robotics Competition,High School
81059,2496Y,Beckman Robotics Y,,Arnold O. Beckman High School,Irvine,California,United States,1,VEX V5 Robotics Competition,High School
170625,2922C,Charles,Charles,,Irvine,California,United States,1,VEX V5 Robotics Competition,High School
142324,3050W,Peninsula High School Wildcard,Peninsula,PALOS VERDES PENINSULA HIGH,Rolling Hills,California,United States,1,VEX V5 Robotics Competition,High School
142323,3050X,Peninsula High School Xiphos,,PALOS VERDES PENINSULA HIGH,Rolling Hills,California,United States,1,VEX V5 Robotics Competition,High School
152986,3284B,Jank,,Jank,Culver City,California,United States,1,VEX V5 Robotics Competition,High School
174535,3779A,Bear,,LING TONG INC,La Canada Flintridge,California,United States,1,VEX V5 Robotics Competition,High School
51053,6526D,Damien Spartan Robotics,,Damien High School,La Verne,California,United States,1,VEX V5 Robotics Competition,High School
50480,6627A,Knight Time Bots - Ace,ACE,FOOTHILL HIGH,Santa Ana,California,United States,1,VEX V5 Robotics Competition,High School
54553,6627B,Knight Time Bots - Bumblebees,,FOOTHILL HIGH,Santa Ana,California,United States,1,VEX V5 Robotics Competition,High School
64291,6627C,Knight Time Bots - Crusaders,,FOOTHILL HIGH,Santa Ana,California,United States,1,VEX V5 Robotics Competition,High School
64292,6627D,Knight Time Bots - Daylight,,FOOTHILL HIGH,Santa Ana,California,United States,1,VEX V5 Robotics Competition,High School
139680,6627S,Knight Time Bots - Spades,Spades,FOOTHILL HIGH,Santa Ana,California,United States,1,VEX V5 Robotics Competition,High School
93708,6627X,Knight Time Bots - Xenoceratops,Xenoceratops,FOOTHILL HIGH,Santa Ana,California,United States,1,VEX V5 Robotics Competition,High School
85916,7700K,Rolling Robots,,Rolling Robots,Rolling Hills Estates,California,United States,1,VEX V5 Robotics Competition,High School
50593,7700R,Rolling Robots Ravens,,Rolling Robots,Rolling Hills Estates,California,United States,1,VEX V5 Robotics Competition,High School
157007,7874R,Umbra,,PORTOLA HIGH,Irvine,California,United States,1,VEX V5 Robotics Competition,High School
157086,7874X,Phantom,,PORTOLA HIGH,Irvine,California,United States,1,VEX V5 Robotics Competition,High School
154424,7899X,Rolling Robots Sting Rays,,Rolling Robots,Irvine,California,United States,1,VEX V5 Robotics Competition,High School
170010,7899Y,Rolling Robots,,Rolling Robots,Irvine,California,United States,1,VEX V5 Robotics Competition,High School
56945,8054B,Mustang Mechanics B,Mustang Mechanics B,MIRA COSTA HIGH,Manhattan Beach,California,United States,1,VEX V5 Robotics Competition,High School
170066,8198X,Infinity,,8198,Irvine,California,United States,1,VEX V5 Robotics Competition,High School
56439,8301B,Cougarbots B,Baconator,SAN YSIDRO HIGH,San Diego,California,United States,1,VEX V5 Robotics Competition,High School
56440,8301C,Las Vaquitas,Mower,SAN YSIDRO HIGH,San Diego,California,United States,1,VEX V5 Robotics Competition,High School
70364,8301D,Dewey,Made in Heaven,SAN YSIDRO HIGH,San Diego,California,United States,1,VEX V5 Robotics Competition,High School
93030,8301E,Cougarbots E,Santos,SAN YSIDRO HIGH,San Diego,California,United States,1,VEX V5 Robotics Competition,High School
56831,8565A,CHS Robotics A,Bill,COVINA HIGH,Covina,California,United States,1,VEX V5 Robotics Competition,High School
117073,8771Z,Shaky Flywheels,Nuclear Oscar,Calabasas High School,Calabasas,California,United States,1,VEX V5 Robotics Competition,High School
169890,8917B,Mingle Masters,ouchie,MM - Independent Robotics Organization,Irvine,California,United States,1,VEX V5 Robotics Competition,High School
154106,9924X,Hydra,shiv,Private org,Irvine,California,United States,1,VEX V5 Robotics Competition,High School
155430,11211W,wdym,TBD,OCSA,Santa Ana,California,United States,1,VEX V5 Robotics Competition,High School
132601,11211X,Xelsius,,OCSA,Santa Ana,California,United States,1,VEX V5 Robotics Competition,High School
142076,11211Z,Z Squared,Jeffrey Tadeo,OCSA,Santa Ana,California,United States,1,VEX V5 Robotics Competition,High School
172018,11444X,Clairvoyance,Drain,Playground Robotics,Valley Village,California,United States,1,VEX V5 Robotics Competition,High School
169488,12125A,Sublime,Bubba V3,Sublime Robotics,Irvine,California,United States,1,VEX V5 Robotics Competition,High School
133045,15442A,Canyon Cooks,Deep Fryer,CANYON HIGH,Anaheim,California,United States,1,VEX V5 Robotics Competition,High School
133046,15442B,Canyon Crackshots,,CANYON HIGH,Anaheim,California,United States,1,VEX V5 Robotics Competition,High School
133047,15442C,The Misfits,,CANYON HIGH,Anaheim,California,United States,1,VEX V5 Robotics Competition,High School
171698,23347S,Sagacious Seastars,,Team 23347,Irvine,California,United States,1,VEX V5 Robotics Competition,High School
144202,34020A,Tokyo Mater,Tokyo Mater,LA SERNA HIGH,Whittier,California,United States,1,VEX V5 Robotics Competition,High School
131388,34690A,VKR,,CAMPBELL HALL (EPISCOPAL),Los Angeles,California,United States,1,VEX V5 Robotics Competition,High School
154248,52274X,Xenon,Argon III,Xenon,Tustin,California,United States,1,VEX V5 Robotics Competition,High School
70996,62019A,SeaKings A,,PALOS VERDES HIGH,Palos Verdes Estates,California,United States,1,VEX V5 Robotics Competition,High School
132820,65696A,TVT VEX Robotics A,,TARBUT V'TORAH COMMUNITY DAY SCHOOL,Irvine,California,United States,1,VEX V5 Robotics Competition,High School
140813,72711P,Σ^3,,Webb Students,Claremont,California,United States,1,VEX V5 Robotics Competition,High School
174997,77677Y,Practice Years 2.5,Man!!!,ARROYO PACIFIC ACADEMY,Arcadia,California,United States,1,VEX V5 Robotics Competition,High School
172868,91326A,Black Ridge,,Galaxy Engineers,Van Nuys,California,United States,1,VEX V5 Robotics Competition,High School
178928,92008A,Warrior Robotics,Warrior Bot,ARMY & NAVY ACADEMY,Carlsbad,California,United States,1,VEX V5 Robotics Competition,High School
155504,98601A,Archon (Troy),,TROY HIGH,Fullerton,California,United States,1,VEX V5 Robotics Competition,High School
172553,98601B,Ouroboros (Troy),,TROY HIGH,Fullerton,California,United States,1,VEX V5 Robotics Competition,High School
172554,98601C,Syndicate (Troy),,TROY HIGH,Fullerton,California,United States,1,VEX V5 Robotics Competition,High School
133079,99999D,Mechanical Advantage,,Ernest S. Mcbride Senior. High School,Long Beach,California,United States,1,VEX V5 Robotics Competition,High School
144854,99999P,Mechanical Advantage,,Ernest S. Mcbride Senior. High School,Long Beach,California,United States,1,VEX V5 Robotics Competition,High School
26506,1469X,Pneumatic Python,,OLIVER WENDELL HOLMES MIDDLE,Northridge,California,United States,1,VEX V5 Robotics Competition,Middle School
95808,3324Z,Supernova Circuit BreakerZ,Jarvis,SCIENCE ACADEMY STEM MAGNET,North Hollywood,California,United States,1,VEX V5 Robotics Competition,Middle School
49154,6007X,Quantum Flux,,Rolling Robots West LA,Los Angeles,California,United States,1,VEX V5 Robotics Competition,Middle School
143160,7700T,Rolling Robots,,Rolling Robots,Rolling Hills Estates,California,United States,1,VEX V5 Robotics Competition,Middle School
71575,7700X,Rolling Robots,,Rolling Robots,Rolling Hills Estates,California,United States,1,VEX V5 Robotics Competition,Middle School
47917,424B,BHS Blue,BHS-Blue,BAKERSFIELD HIGH,Bakersfield,California,United States,1,VEX V5 Robotics Competition,High School
50944,424D,BHS Drillers,BHS-Driller,BAKERSFIELD HIGH,Bakersfield,California,United States,1,VEX V5 Robotics Competition,High School
47918,424W,BHS white,BHS-White,BAKERSFIELD HIGH,Bakersfield,California,United States,1,VEX V5 Robotics Competition,High School
19468,920B,SLO - Botics,For Zero Dollars,San Luis Obispo High School,San Luis Obispo,California,United States,1,VEX V5 Robotics Competition,High School
26893,920C,SLO - Botics,Clifford,San Luis Obispo High School,San Luis Obispo,California,United States,1,VEX V5 Robotics Competition,High School
93612,3655G,NHS Project 36 Gray,Grey,North High School,Bakersfield,California,United States,1,VEX V5 Robotics Competition,High School
93395,3655R,NHS Project 36 Red,Red,North High School,Bakersfield,California,United States,1,VEX V5 Robotics Competition,High School
38416,4621B,Titan - Kronos,Kronos,FRONTIER HIGH,Bakersfield,California,United States,1,VEX V5 Robotics Competition,High School
49926,4621C,Titan - Oceanus,Oceanus,FRONTIER HIGH,Bakersfield,California,United States,1,VEX V5 Robotics Competition,High School
83895,4621F,Titan - Mnemosyne,,FRONTIER HIGH,Bakersfield,California,United States,1,VEX V5 Robotics Competition,High School
62904,7422B,Robotic Burros,Burroughs B,BURROUGHS HIGH,Ridgecrest,California,United States,1,VEX V5 Robotics Competition,High School
62902,7422C,Robotic Burros,Burroughs C,BURROUGHS HIGH,Ridgecrest,California,United States,1,VEX V5 Robotics Competition,High School
62903,7422H,Robotic Burros,Burroughs H,BURROUGHS HIGH,Ridgecrest,California,United States,1,VEX V5 Robotics Competition,High School
171528,7422S,Robotic Burros,Burroughs B,BURROUGHS HIGH,Ridgecrest,California,United States,1,VEX V5 Robotics Competition,High School
172822,7619V,Highland Freshies,Highland-V,HIGHLAND HIGH,Bakersfield,California,United States,1,VEX V5 Robotics Competition,High School
153195,7619W,Highland-W,Highland-W,HIGHLAND HIGH,Bakersfield,California,United States,1,VEX V5 Robotics Competition,High School
106997,7983D,Centennial CyberHawks D,,Centennial High School,Bakersfield,California,United States,1,VEX V5 Robotics Competition,High School
70333,7983F,Centennial CyberHawks F,,Centennial High School,Bakersfield,California,United States,1,VEX V5 Robotics Competition,High School
70334,7983M,Centennial CyberHawks M,,Centennial High School,Bakersfield,California,United States,1,VEX V5 Robotics Competition,High School
55967,7983N,Centennial CyberHawks N,,Centennial High School,Bakersfield,California,United States,1,VEX V5 Robotics Competition,High School
70335,7983S,Centennial CyberHawks S,,Centennial High School,Bakersfield,California,United States,1,VEX V5 Robotics Competition,High School
93007,7983U,Centennial CyberHawks U,,Centennial High School,Bakersfield,California,United States,1,VEX V5 Robotics Competition,High School
128386,7983X,Centennial CyberHawks X,,Centennial High School,Bakersfield,California,United States,1,VEX V5 Robotics Competition,High School
81143,7983Z,Centennial CyberHawks Z,,Centennial High School,Bakersfield,California,United States,1,VEX V5 Robotics Competition,High School
162859,10563A,Righetti Robotics,JINAK,ERNEST RIGHETTI HIGH,Santa Maria,California,United States,1,VEX V5 Robotics Competition,High School
73637,11475B,Liberty Patriots,,LIBERTY HIGH,Bakersfield,California,United States,1,VEX V5 Robotics Competition,High School
84467,11475C,Liberty Patriots,,LIBERTY HIGH,Bakersfield,California,United States,1,VEX V5 Robotics Competition,High School
107510,11475D,Liberty Patriots,,LIBERTY HIGH,Bakersfield,California,United States,1,VEX V5 Robotics Competition,High School
142500,31645A,Roarbotics,,EDISON HIGH,Fresno,California,United States,1,VEX V5 Robotics Competition,High School
157462,31645B,Roarbotics,,EDISON HIGH,Fresno,California,United States,1,VEX V5 Robotics Competition,High School
98115,49637A,McFarland S-TIER,,Mcfarland High School,Mcfarland,California,United States,1,VEX V5 Robotics Competition,High School
98648,49637B,McFarland Team Bravo,Big Back,Mcfarland High School,Mcfarland,California,United States,1,VEX V5 Robotics Competition,High School
98649,49637C,McFarland Team Chronos,The Goof-Bot,Mcfarland High School,Mcfarland,California,United States,1,VEX V5 Robotics Competition,High School
98651,49637D,McFarland DOOM-Botics,Vex Von Doom,Mcfarland High School,Mcfarland,California,United States,1,VEX V5 Robotics Competition,High School
130134,64647H,The Battle Bolts,Al,Home Education Resource Center,Bakersfield,California,United States,1,VEX V5 Robotics Competition,High School
83713,64647N,The Battle Bolts,Fred,Home Education Resource Center,Bakersfield,California,United States,1,VEX V5 Robotics Competition,High School
107798,93455A,Delta Robotics,Saber back,DELTA HIGH,Santa Maria,California,United States,1,VEX V5 Robotics Competition,High School
173208,93706D,Union Robotics,Ares,WASHINGTON HIGH,Fresno,California,United States,1,VEX V5 Robotics Competition,High School
173209,93706E,Union Robotics,Torta,WASHINGTON HIGH,Fresno,California,United States,1,VEX V5 Robotics Competition,High School
173210,93706F,Union Robotics,TuttiFruitiX,WASHINGTON HIGH,Fresno,California,United States,1,VEX V5 Robotics Competition,High School
139918,35016Y,(AERO) Pink Pixels,,ARAB JUNIOR HIGH SCHOOL,Arab,Alabama,United States,1,VEX V5 Robotics Competition,Middle School
144003,47742A,"Measure Once, Cut Twice",Troubleshoot,BARTON ACADEMY FOR ADVANCED WORLD STUDIES,Mobile,Alabama,United States,1,VEX V5 Robotics Competition,Middle School
97024,47969E,Mechanized Metal,,PIKE ROAD JR HIGH SCHOOL,Pike Road,Alabama,United States,1,VEX V5 Robotics Competition,Middle School
102282,56448A,BamaBots,,Hartselle Junior High School,Hartselle,Alabama,United States,1,VEX V5 Robotics Competition,Middle School
116147,56448B,Robotic Nuggies,,HARTSELLE JUNIOR HIGH SCHOOL,Hartselle,Alabama,United States,1,VEX V5 Robotics Competition,Middle School
163158,56448D,Fast but not Furious,,HARTSELLE JUNIOR HIGH SCHOOL,Hartselle,Alabama,United States,1,VEX V5 Robotics Competition,Middle School
5626,526A,Gearheads A,,MENASHA HIGH,Menasha,Wisconsin,United States,1,VEX V5 Robotics Competition,High School
9115,526C,Gearheads C,Andrew,MENASHA HIGH,Menasha,Wisconsin,United States,1,VEX V5 Robotics Competition,High School
57081,1032B,Dynamic Disassembly,,NFDL Robotics Attn: Aaron Novak,North Fond Du Lac,Wisconsin,United States,1,VEX V5 Robotics Competition,High School
97403,1032Z,Z-Axis,,NFDL Robotics Attn: Aaron Novak,North Fond Du Lac,Wisconsin,United States,1,VEX V5 Robotics Competition,High School
2551,1200B,YETI,,ST MARY CATHOLIC SCHOOLS,Neenah,Wisconsin,United States,1,VEX V5 Robotics Competition,High School
2556,1200C,DawgBot,,ST MARY CATHOLIC SCHOOLS,Neenah,Wisconsin,United States,1,VEX V5 Robotics Competition,High School
86531,1200Z,Caffeine & Prayers,,ST MARY CATHOLIC SCHOOLS,Neenah,Wisconsin,United States,1,VEX V5 Robotics Competition,High School
176835,1570A,Lions - Apex Predator,,LOMIRA HIGH,Lomira,Wisconsin,United States,1,VEX V5 Robotics Competition,High School
176836,1570R,Lions - Roll Pride,,LOMIRA HIGH,Lomira,Wisconsin,United States,1,VEX V5 Robotics Competition,High School
8572,1790A,Bacon Bits,,Wrightstown High School,Wrightstown,Wisconsin,United States,1,VEX V5 Robotics Competition,High School
42913,1790B,Bacon Bytes,,WRIGHTSTOWN HIGH,Wrightstown,Wisconsin,United States,1,VEX V5 Robotics Competition,High School
75949,3636A,Atlas,,WEST HIGH,Wausau,Wisconsin,United States,1,VEX V5 Robotics Competition,High School
85629,3636E,Gears of Confusion,WHEELSON,WEST HIGH,Wausau,Wisconsin,United States,1,VEX V5 Robotics Competition,High School
170808,4082X,Freedom Titans,,ST NICHOLAS CATHOLIC SCHOOL,Freedom,Wisconsin,United States,1,VEX V5 Robotics Competition,High School
21031,4869C,Birthday Boy,Birthday Boy,Berlin High School,Berlin,Wisconsin,United States,1,VEX V5 Robotics Competition,High School
65072,5062F,Steel Fox,,FOX VALLEY LUTHERAN HIGH SCHOOL,Appleton,Wisconsin,United States,1,VEX V5 Robotics Competition,High School
161408,5062V,Vulpus,,FOX VALLEY LUTHERAN HIGH SCHOOL,Appleton,Wisconsin,United States,1,VEX V5 Robotics Competition,High School
113966,5062X,XenoFox,,FOX VALLEY LUTHERAN HIGH SCHOOL,Appleton,Wisconsin,United States,1,VEX V5 Robotics Competition,High School
143907,5062Z,Zenith,,FOX VALLEY LUTHERAN HIGH SCHOOL,Appleton,Wisconsin,United States,1,VEX V5 Robotics Competition,High School
110370,5509E,VHS Excelsior!,,Valley Home Schoolers,Appleton,Wisconsin,United States,1,VEX V5 Robotics Competition,High School
49455,6219B,Rock Em' Sock Em' Robot,Rocket Robotics B,NEENAH HIGH,Neenah,Wisconsin,United States,1,VEX V5 Robotics Competition,High School
51979,6219D,HAMMER,Rocket Robotics D,NEENAH HIGH,Neenah,Wisconsin,United States,1,VEX V5 Robotics Competition,High School
51980,6219E,We'll Fix It Tomorrow,Rocket Robotics,NEENAH HIGH,Neenah,Wisconsin,United States,1,VEX V5 Robotics Competition,High School
51982,6219G,RECESS,Rocket Robotics,NEENAH HIGH,Neenah,Wisconsin,United States,1,VEX V5 Robotics Competition,High School
58124,6219H,Rizky Bizness,Rocket Robotics,NEENAH HIGH,Neenah,Wisconsin,United States,1,VEX V5 Robotics Competition,High School
115186,6219X,Charging...,Rocket Robotics,NEENAH HIGH,Neenah,Wisconsin,United States,1,VEX V5 Robotics Competition,High School
58051,9144A,Spartan Nano Nonsense,,SOMERSET HIGH,Somerset,Wisconsin,United States,1,VEX V5 Robotics Competition,High School
58052,9144B,Spartan Backorder,,SOMERSET HIGH,Somerset,Wisconsin,United States,1,VEX V5 Robotics Competition,High School
79408,9144G,Spartan Button Bumping Bidoof,""" The Bidoof""",Somerset High School,Somerset,Wisconsin,United States,1,VEX V5 Robotics Competition,High School
133767,13650C,Tech-No-Logic,,WINNECONNE HIGH,Winneconne,Wisconsin,United States,1,VEX V5 Robotics Competition,High School
164250,22579E,Croissant,Bagel,MILTON HIGH,Milton,Wisconsin,United States,1,VEX V5 Robotics Competition,High School
166856,22579S,Shipping Company,Do Not Have One Yet,MILTON HIGH,Milton,Wisconsin,United States,1,VEX V5 Robotics Competition,High School
146268,27905F,Bandits,,MARSHFIELD HIGH,Marshfield,Wisconsin,United States,1,VEX V5 Robotics Competition,High School
143450,53171H,The Flinging Dutchman,,Shoreland Lutheran High School,Kenosha,Wisconsin,United States,1,VEX V5 Robotics Competition,High School
160245,53171J,Nexus,,Shoreland Lutheran High School,Kenosha,Wisconsin,United States,1,VEX V5 Robotics Competition,High School
160247,53171K,Qualified Professionals,,Shoreland Lutheran High School,Kenosha,Wisconsin,United States,1,VEX V5 Robotics Competition,High School
160248,53171M,High Stakes with a Side of Fries,,Shoreland Lutheran High School,Kenosha,Wisconsin,United States,1,VEX V5 Robotics Competition,High School
160249,53171N,Pacer Gladiators,,Shoreland Lutheran High School,Kenosha,Wisconsin,United States,1,VEX V5 Robotics Competition,High School
180414,53551W,Resilience,,Lakeside Lutheran High School,Lake Mills,Wisconsin,United States,1,VEX V5 Robotics Competition,High School
162658,54677A,Norse Force,,WESTBY HIGH,Westby,Wisconsin,United States,1,VEX V5 Robotics Competition,High School
125000,54770D,The Visions,,ELEVA-STRUM HIGH,Strum,Wisconsin,United States,1,VEX V5 Robotics Competition,High School
126021,84443B,Opportunity,,RICE LAKE HIGH,Rice Lake,Wisconsin,United States,1,VEX V5 Robotics Competition,High School
126022,84443C,Spirit,,RICE LAKE HIGH,Rice Lake,Wisconsin,United States,1,VEX V5 Robotics Competition,High School
126024,84443E,Hellcat,,RICE LAKE HIGH,Rice Lake,Wisconsin,United States,1,VEX V5 Robotics Competition,High School
126025,84443F,Ingenuity,,RICE LAKE HIGH,Rice Lake,Wisconsin,United States,1,VEX V5 Robotics Competition,High School
127081,84443G,InSight,,RICE LAKE HIGH,Rice Lake,Wisconsin,United States,1,VEX V5 Robotics Competition,High School
139635,84443K,Dazed and Confused,,RICE LAKE HIGH,Rice Lake,Wisconsin,United States,1,VEX V5 Robotics Competition,High School
131801,90843A,Mahna Mahna,Do Doot,UNION GROVE HIGH,Union Grove,Wisconsin,United States,1,VEX V5 Robotics Competition,High School
94263,1032H,Ankle Breakers 2.0,,NFDL Robotics attn: Aaron Novak,North Fond Du Lac,Wisconsin,United States,1,VEX V5 Robotics Competition,Middle School
33238,4082A,Rocket Robots,,ST NICHOLAS CATHOLIC SCHOOL,Freedom,Wisconsin,United States,1,VEX V5 Robotics Competition,Middle School
113202,44036F,Code Bros,,WINNECONNE MIDDLE,Winneconne,Wisconsin,United States,1,VEX V5 Robotics Competition,Middle School
154521,946W,Whiteout,G3,Better With Butter,Erie,Colorado,United States,1,VEX V5 Robotics Competition,High School
55061,1166B,Brain Fog,,Lutheran High School,Parker,Colorado,United States,1,VEX V5 Robotics Competition,High School
175012,1166N,Null[],,Lutheran High School,Parker,Colorado,United States,1,VEX V5 Robotics Competition,High School
115441,1166Z,Pri0rityZero,,Lutheran High School,Parker,Colorado,United States,1,VEX V5 Robotics Competition,High School
171744,2654E,Echo,,Longmont High School,Longmont,Colorado,United States,1,VEX V5 Robotics Competition,High School
175581,2654G,Grape Soda,,Longmont High School,Longmont,Colorado,United States,1,VEX V5 Robotics Competition,High School
130384,3743C,Intellectual Idiots,N0 BRAIN B0T,ERIE HIGH SCHOOL,Erie,Colorado,United States,1,VEX V5 Robotics Competition,High School
153209,3743Z,Brain Rot,,ERIE HIGH SCHOOL,Erie,Colorado,United States,1,VEX V5 Robotics Competition,High School
62575,3946E,Sun Devils - Enigma,,KENT DENVER SCHOOL,Englewood,Colorado,United States,1,VEX V5 Robotics Competition,High School
134955,3946S,Sun Devils - Surplus,,Kent Denver School,Englewood,Colorado,United States,1,VEX V5 Robotics Competition,High School
35593,3946W,Sun Devils - Waffle House,,KENT DENVER SCHOOL,Englewood,Colorado,United States,1,VEX V5 Robotics Competition,High School
174362,4265G,Glitch In The Matrix,,Holy Family High School,Broomfield,Colorado,United States,1,VEX V5 Robotics Competition,High School
174363,4265V,Velocity,,Holy Family High School,Broomfield,Colorado,United States,1,VEX V5 Robotics Competition,High School
157712,13358C,Collision,,SILVER CREEK HIGH SCHOOL,Longmont,Colorado,United States,1,VEX V5 Robotics Competition,High School
173464,13358Z,Zenith,Astronomical Failure,SILVER CREEK HIGH SCHOOL,Longmont,Colorado,United States,1,VEX V5 Robotics Competition,High School
180513,13713A,SharkByte,,Broomfield Robotics,Broomfield,Colorado,United States,1,VEX V5 Robotics Competition,High School
155599,28466C,Mag(Pi),,SPRINGS STUDIO FOR ACADEMIC EXCELLENCE,Colorado Springs,Colorado,United States,1,VEX V5 Robotics Competition,High School
155749,28466G,Gipsy Danger,,SPRINGS STUDIO FOR ACADEMIC EXCELLENCE,Colorado Springs,Colorado,United States,1,VEX V5 Robotics Competition,High School
139304,30809S,Maximum Output,M.O. 3.2,Maximum Robotics,Timnath,Colorado,United States,1,VEX V5 Robotics Competition,High School
130810,32092D,Sky's the Limit,,Stargate Charter School,Thornton,Colorado,United States,1,VEX V5 Robotics Competition,High School
141349,32092G,Mile High Mechanics,,Stargate Charter School,Thornton,Colorado,United States,1,VEX V5 Robotics Competition,High School
174534,54996A,WaveLength,,SKYLINE HIGH SCHOOL,Longmont,Colorado,United States,1,VEX V5 Robotics Competition,High School
174536,54996B,Roughly A Dozen Bees,,SKYLINE HIGH SCHOOL,Longmont,Colorado,United States,1,VEX V5 Robotics Competition,High School
175902,55745F,Samurai Frogs,Samurai Frogs,VISTA PEAK 9-12 PREPARATORY,Aurora,Colorado,United States,1,VEX V5 Robotics Competition,High School
158800,61973C,Fire Hazard,Nathn,WIDEFIELD HIGH SCHOOL,Colorado Springs,Colorado,United States,1,VEX V5 Robotics Competition,High School
129634,66834A,Team Shrek,Lord Farquad,VISTA RIDGE HIGH SCHOOL,Colorado Springs,Colorado,United States,1,VEX V5 Robotics Competition,High School
124883,77717B,Fire Breathing Ducks,FBD,Peak Robotics,Boulder,Colorado,United States,1,VEX V5 Robotics Competition,High School
171292,77717F,Flip,,Peak Robotics,Boulder,Colorado,United States,1,VEX V5 Robotics Competition,High School
159912,80550F,Fractal,,WINDSOR CHARTER ACADEMY MIDDLE AND EARLY COLLEGE H,Windsor,Colorado,United States,1,VEX V5 Robotics Competition,High School
174994,80634Z,Iron Basilisk,Robot,GREELEY WEST HIGH SCHOOL,Greeley,Colorado,United States,1,VEX V5 Robotics Competition,High School
157075,85227A,Grandview Robotics,Wolfy,GRANDVIEW HIGH SCHOOL,Aurora,Colorado,United States,1,VEX V5 Robotics Competition,High School
157444,96021A,JavaJags,,JAMES IRWIN CHARTER HIGH SCHOOL,Colorado Springs,Colorado,United States,1,VEX V5 Robotics Competition,High School
109697,99751E,Electrical Fire,,Colorado Early College Fort Collins,Fort Collins,Colorado,United States,1,VEX V5 Robotics Competition,High School
111366,99751F,FrostByte,Zuko,Colorado Early College Fort Collins,Fort Collins,Colorado,United States,1,VEX V5 Robotics Competition,High School
173649,99751H,Heatstroke,,Colorado Early College Fort Collins,Fort Collins,Colorado,United States,1,VEX V5 Robotics Competition,High School
130834,99751X,Leverage,,Colorado Early College Fort Collins,Fort Collins,Colorado,United States,1,VEX V5 Robotics Competition,High School
129606,151T,Basement Dwellers,,Basement Robotics,Austin,Texas,United States,1,VEX V5 Robotics Competition,High School
142115,654A,The Scripts,,LAKE TRAVIS HIGH SCHOOL,Austin,Texas,United States,1,VEX V5 Robotics Competition,High School
142116,654B,Phantom,,LAKE TRAVIS HIGH SCHOOL,Austin,Texas,United States,1,VEX V5 Robotics Competition,High School
178390,654J,Jupiter,,LAKE TRAVIS HIGH SCHOOL,Austin,Texas,United States,1,VEX V5 Robotics Competition,High School
148721,654K,Scrap Metal,,LAKE TRAVIS HIGH SCHOOL,Austin,Texas,United States,1,VEX V5 Robotics Competition,High School
148722,654V,Obsidian,,LAKE TRAVIS HIGH SCHOOL,Austin,Texas,United States,1,VEX V5 Robotics Competition,High School
163626,654W,Squadbusters,,LAKE TRAVIS HIGH SCHOOL,Austin,Texas,United States,1,VEX V5 Robotics Competition,High School
142117,654X,Horizon,,LAKE TRAVIS HIGH SCHOOL,Austin,Texas,United States,1,VEX V5 Robotics Competition,High School
166686,654Y,Vanguards,,LAKE TRAVIS HIGH SCHOOL,Austin,Texas,United States,1,VEX V5 Robotics Competition,High School
148725,654Z,Invictus,,LAKE TRAVIS HIGH SCHOOL,Austin,Texas,United States,1,VEX V5 Robotics Competition,High School
172116,1308B,Yanny,,BOWIE HIGH SCHOOL,Austin,Texas,United States,1,VEX V5 Robotics Competition,High School
175181,1308E,Dos Gatos,,BOWIE HIGH SCHOOL,Austin,Texas,United States,1,VEX V5 Robotics Competition,High School
27589,2158A,B.L.A.A.C.K O.P.S.,AceBot,ANDERSON HIGH SCHOOL,Austin,Texas,United States,1,VEX V5 Robotics Competition,High School
27592,2158B,R2D2,R2D2,ANDERSON HIGH SCHOOL,Austin,Texas,United States,1,VEX V5 Robotics Competition,High School
48083,2158X,Xccelerate,,ANDERSON HIGH SCHOOL,Austin,Texas,United States,1,VEX V5 Robotics Competition,High School
148531,2668A,Bobot,Bobot no. 1,Bobot Robotics,Austin,Texas,United States,1,VEX V5 Robotics Competition,High School
33199,4588A,New Technicians,Joe,BELTON NEW TECH HIGH SCHOOL AT WASKOW,Belton,Texas,United States,1,VEX V5 Robotics Competition,High School
147984,4588B,Los Colores,AuAi2,BELTON NEW TECH HIGH SCHOOL AT WASKOW,Belton,Texas,United States,1,VEX V5 Robotics Competition,High School
15532,8756B,Atom,,McCallum HS,Austin,Texas,United States,1,VEX V5 Robotics Competition,High School
57966,8756S,Simian,.,McCallum HS,Austin,Texas,United States,1,VEX V5 Robotics Competition,High School
174017,10702S,Storm Bots,,Galaxy Youth Sports and Robotics,Austin,Texas,United States,1,VEX V5 Robotics Competition,High School
153129,10702X,Milky Way Monkeys,,Galaxy Youth Sports and Robotics,Austin,Texas,United States,1,VEX V5 Robotics Competition,High School
130393,11495E,Robo Legends,,Robo Legends Robotics of South Texas,Saint Hedwig,Texas,United States,1,VEX V5 Robotics Competition,High School
164321,59999A,Vexperts,,Independent Team,Austin,Texas,United States,1,VEX V5 Robotics Competition,High School
155301,70478S,Gen Z,Eggy,Generation Robotics,Georgetown,Texas,United States,1,VEX V5 Robotics Competition,High School
125446,76502A,non lo so,,LAKE BELTON HIGH SCHOOL,Temple,Texas,United States,1,VEX V5 Robotics Competition,High School
126431,76502B,7Bux,An'sumchange,LAKE BELTON HIGH SCHOOL,Temple,Texas,United States,1,VEX V5 Robotics Competition,High School
170075,76502D,Lil Grabs Crew,Lil Grabs,LAKE BELTON HIGH SCHOOL,Temple,Texas,United States,1,VEX V5 Robotics Competition,High School
145804,77859A,Virus,Virus,ROUND ROCK HIGH SCHOOL,Round Rock,Texas,United States,1,VEX V5 Robotics Competition,High School
113297,78634E,78634E,,HUTTO HIGH SCHOOL,Hutto,Texas,United States,1,VEX V5 Robotics Competition,High School
138966,78759J,CentaurBots,,CANYON VISTA MIDDLE,Austin,Texas,United States,1,VEX V5 Robotics Competition,High School
176534,81528A,NGC Team A: Overheating,Travis,HUTTO NINTH GRADE CENTER,Hutto,Texas,United States,1,VEX V5 Robotics Competition,High School
132547,95569A,Atlas V2,,ROBSTOWN EARLY COLLEGE HIGH SCHOOL,Robstown,Texas,United States,1,VEX V5 Robotics Competition,High School
132548,95569B,RYU Dragons,,ROBSTOWN EARLY COLLEGE HIGH SCHOOL,Robstown,Texas,United States,1,VEX V5 Robotics Competition,High School
132549,95569C,Recurse,,ROBSTOWN EARLY COLLEGE HIGH SCHOOL,Robstown,Texas,United States,1,VEX V5 Robotics Competition,High School
132550,95569D,Decepticons V3,Soundwave,ROBSTOWN EARLY COLLEGE HIGH SCHOOL,Robstown,Texas,United States,1,VEX V5 Robotics Competition,High School
139273,719E,Ogres Unleashed,,BENTONVILLE WEST HIGH SCHOOL,Centerton,Arkansas,United States,1,VEX V5 Robotics Competition,High School
173519,719G,Goldfish,,BENTONVILLE WEST HIGH SCHOOL,Centerton,Arkansas,United States,1,VEX V5 Robotics Competition,High School
139274,719S,ScRAPs,,BENTONVILLE WEST HIGH SCHOOL,Centerton,Arkansas,United States,1,VEX V5 Robotics Competition,High School
139275,719T,Titan,,BENTONVILLE WEST HIGH SCHOOL,Centerton,Arkansas,United States,1,VEX V5 Robotics Competition,High School
139272,719W,Whiplash,,BENTONVILLE WEST HIGH SCHOOL,Centerton,Arkansas,United States,1,VEX V5 Robotics Competition,High School
141799,967K,Krakens,,Russellville High School,Russellville,Arkansas,United States,1,VEX V5 Robotics Competition,High School
141800,967T,redshifT,,Russellville High School,Russellville,Arkansas,United States,1,VEX V5 Robotics Competition,High School
173677,967W,broWnies,,Russellville High School,Russellville,Arkansas,United States,1,VEX V5 Robotics Competition,High School
93325,967X,X-Force,,RUSSELLVILLE HIGH SCHOOL,Russellville,Arkansas,United States,1,VEX V5 Robotics Competition,High School
129944,1616X,Flappy Bird,Flappy Bird,DON TYSON SCHOOL OF INNOVATIONS,Springdale,Arkansas,United States,1,VEX V5 Robotics Competition,High School
129945,1616Y,OSHA Violation,Scoreboard,Don Tyson School of Innovation,Springdale,Arkansas,United States,1,VEX V5 Robotics Competition,High School
74168,3400F,G.O.A.T.,R0CKY,BENTONVILLE HIGH SCHOOL,Bentonville,Arkansas,United States,1,VEX V5 Robotics Competition,High School
175959,3400Y,B0TB0SS,Go4It,BENTONVILLE HIGH SCHOOL,Bentonville,Arkansas,United States,1,VEX V5 Robotics Competition,High School
175960,3400Z,RISKIT,YNot,BENTONVILLE HIGH SCHOOL,Bentonville,Arkansas,United States,1,VEX V5 Robotics Competition,High School
147433,5691A,Ares,,Bryant High School,Bryant,Arkansas,United States,1,VEX V5 Robotics Competition,High School
55401,5691X,Hephaestus,,BRYANT HIGH SCHOOL,Bryant,Arkansas,United States,1,VEX V5 Robotics Competition,High School
85671,5691Y,Apollo,,BRYANT HIGH SCHOOL,Bryant,Arkansas,United States,1,VEX V5 Robotics Competition,High School
162871,7187C,Nathan Byars Evil Incorporated,,FAYETTEVILLE HIGH SCHOOL EAST,Fayetteville,Arkansas,United States,1,VEX V5 Robotics Competition,High School
148567,7187K,#DIV/0!,,FAYETTEVILLE HIGH SCHOOL EAST,Fayetteville,Arkansas,United States,1,VEX V5 Robotics Competition,High School
123098,21050B,Redneck Engineering,RANDY,MCGEHEE HIGH SCHOOL,Mcgehee,Arkansas,United States,1,VEX V5 Robotics Competition,High School
142831,21050Z,MECHANICAL MISFITS,,MCGEHEE HIGH SCHOOL,Mcgehee,Arkansas,United States,1,VEX V5 Robotics Competition,High School
143231,28407A,Technocrats,Homer,SILOAM SPRINGS HIGH SCHOOL CONVERSION CHARTER,Siloam Springs,Arkansas,United States,1,VEX V5 Robotics Competition,High School
143227,28407B,The Round Table,Excalibur,SILOAM SPRINGS HIGH SCHOOL CONVERSION CHARTER,Siloam Springs,Arkansas,United States,1,VEX V5 Robotics Competition,High School
105830,32174B,Lucky Ducks,Donald,Conway Area Career Center,Conway,Arkansas,United States,1,VEX V5 Robotics Competition,High School
143113,32174C,Straight Outta Conway,,Conway Area Career Center,Conway,Arkansas,United States,1,VEX V5 Robotics Competition,High School
175414,32174D,Galactic Goobers,Brody,Conway Area Career Center,Conway,Arkansas,United States,1,VEX V5 Robotics Competition,High School
159989,45744A,Sniff,Axiom Spark,SHERIDAN HIGH SCHOOL,Sheridan,Arkansas,United States,1,VEX V5 Robotics Competition,High School
102688,72116A,Crayon Crunchers,A-Train,Catholic High School For Boys,Little Rock,Arkansas,United States,1,VEX V5 Robotics Competition,High School
151594,72116C,MECH X 4,SIRGE,Catholic High School For Boys,Little Rock,Arkansas,United States,1,VEX V5 Robotics Competition,High School
168237,72116E,E for Effort,Maurice,Catholic High School For Boys,Little Rock,Arkansas,United States,1,VEX V5 Robotics Competition,High School
175328,72116W,Krispy Team,Rudolph,Catholic High School For Boys,Little Rock,Arkansas,United States,1,VEX V5 Robotics Competition,High School
175330,72116X,Twitter,Machina,Catholic High School For Boys,Little Rock,Arkansas,United States,1,VEX V5 Robotics Competition,High School
110065,72501G,Mystery Machine,Scrappy,SOUTHSIDE CHARTER HIGH SCHOOL,Batesville,Arkansas,United States,1,VEX V5 Robotics Competition,High School
124389,72734J,The Bot Father,,GENTRY HIGH SCHOOL CONVERSION CHARTER,Gentry,Arkansas,United States,1,VEX V5 Robotics Competition,High School
102081,80452A,The Roman's,Caesar,Sheridan High School,Sheridan,Arkansas,United States,1,VEX V5 Robotics Competition,High School
162722,81718C,The Goonies,SherryBot,Arkansas Northeastern College,Blytheville,Arkansas,United States,1,VEX V5 Robotics Competition,High School
121812,82912A,Matrix,Chompion,Private Group,Higginson,Arkansas,United States,1,VEX V5 Robotics Competition,High School
78820,84260A,Alicanto,,Cabot High School,Cabot,Arkansas,United States,1,VEX V5 Robotics Competition,High School
106539,84260B,PWH,,Cabot High School,Cabot,Arkansas,United States,1,VEX V5 Robotics Competition,High School
142978,84260G,GridRunners,,Cabot High School,Cabot,Arkansas,United States,1,VEX V5 Robotics Competition,High School
143011,84260K,Kobra,,Cabot High School,Cabot,Arkansas,United States,1,VEX V5 Robotics Competition,High School
172948,84260V,Invasion,,CABOT HIGH SCHOOL,Cabot,Arkansas,United States,1,VEX V5 Robotics Competition,High School
66403,99402B,Trial & Error,,THE ACADEMIES AT JONESBORO HIGH SCHOOL,Jonesboro,Arkansas,United States,1,VEX V5 Robotics Competition,High School
170333,99402T,Tardigrades,Wobot,THE ACADEMIES AT JONESBORO HIGH SCHOOL,Jonesboro,Arkansas,United States,1,VEX V5 Robotics Competition,High School
142222,99402X,VE-X-Calibur,VE-X-Calibur,THE ACADEMIES AT JONESBORO HIGH SCHOOL,Jonesboro,Arkansas,United States,1,VEX V5 Robotics Competition,High School
142223,99402Z,Zenith,Zenith,THE ACADEMIES AT JONESBORO HIGH SCHOOL,Jonesboro,Arkansas,United States,1,VEX V5 Robotics Competition,High School
97482,99766D,6th @ Grade NKMS,Rev 2,Kirkwood Robotics,Kirkwood,Missouri,United States,1,VEX V5 Robotics Competition,Middle School
50298,7422X,Robotic Mustangs,Mustangs X,MURRAY MIDDLE,Ridgecrest,California,United States,1,VEX V5 Robotics Competition,Middle School
25762,5770A,Lady Beasts,,Baltimore Leadership School For Young Women,Baltimore,Maryland,United States,1,VEX V5 Robotics Competition,Middle School
135214,7135W,Loyola Robotics -W,,Loyola Blakefield,Towson,Maryland,United States,1,VEX V5 Robotics Competition,Middle School
128427,7135X,Loyola Robotics-X,,Loyola Blakefield,Towson,Maryland,United States,1,VEX V5 Robotics Competition,Middle School
135831,15696A,Middle School with an Attitude...,,"STEM Center of Excellence, Inc.",Baltimore,Maryland,United States,1,VEX V5 Robotics Competition,Middle School
144252,955N,One Spin Away,,Playideasny Inc,New York,New York,United States,1,VEX V5 Robotics Competition,High School
130739,955R,RNGesus,,Playideasny Inc,New York,New York,United States,1,VEX V5 Robotics Competition,High School
131760,1353Z,Farmingdale Robotics,,FARMINGDALE SENIOR HIGH SCHOOL,Farmingdale,New York,United States,1,VEX V5 Robotics Competition,High School
51754,1808A,W. H. A. T.,What 2,FREEPORT HIGH SCHOOL,Freeport,New York,United States,1,VEX V5 Robotics Competition,High School
170211,2502S,Serotonin,,Playideasny Inc,Jericho,New York,United States,1,VEX V5 Robotics Competition,High School
170212,2502X,Xtasy,,Playideasny Inc,Jericho,New York,United States,1,VEX V5 Robotics Competition,High School
175732,2622T,Tritium,Tritium,New Energy Education,Syosset,New York,United States,1,VEX V5 Robotics Competition,High School
58960,6277A,RoboCavs,,THE HARVEY SCHOOL,Katonah,New York,United States,1,VEX V5 Robotics Competition,High School
61360,6277B,One Pancake,50-50,THE HARVEY SCHOOL,Katonah,New York,United States,1,VEX V5 Robotics Competition,High School
61764,6277C,Hard Wired,Caffeine,THE HARVEY SCHOOL,Katonah,New York,United States,1,VEX V5 Robotics Competition,High School
67881,6277D,ApexNY,,THE HARVEY SCHOOL,Katonah,New York,United States,1,VEX V5 Robotics Competition,High School
69495,6277F,Byte Force,Harvey F,THE HARVEY SCHOOL,Katonah,New York,United States,1,VEX V5 Robotics Competition,High School
53299,9717A,St. Catharine Comets,The Comet,ST CATHARINE ACADEMY,Bronx,New York,United States,1,VEX V5 Robotics Competition,High School
169871,11432B,"Thomas Edison ""Inventors"" II",,THOMAS A EDISON CAREER AND TECHNICAL EDUCATION HIGH SCHOOL,Jamaica,New York,United States,1,VEX V5 Robotics Competition,High School
98201,11442X,Silent X,,The Hewitt School,New York,New York,United States,1,VEX V5 Robotics Competition,High School
98997,11442Y,Princess Chainsaw Kitty,,The Hewitt School,New York,New York,United States,1,VEX V5 Robotics Competition,High School
154410,11753A,The Nylock Nuts,Nylock,Jericho Families,Jericho,New York,United States,1,VEX V5 Robotics Competition,High School
88705,15981A,Evarts Engineers,,D. R. Evarts Library,Athens,New York,United States,1,VEX V5 Robotics Competition,High School
85980,16099A,Overclock,her.,KG Computech,Flushing,New York,United States,1,VEX V5 Robotics Competition,High School
87630,16099B,Overclock,,KG Computech,Flushing,New York,United States,1,VEX V5 Robotics Competition,High School
113308,16099C,Overclock,i miss her,KG Computech,Flushing,New York,United States,1,VEX V5 Robotics Competition,High School
170060,16099D,Overclock,,KG Computech,Flushing,New York,United States,1,VEX V5 Robotics Competition,High School
136106,19383A,Lootbot,,NEW ROCHELLE HIGH SCHOOL,New Rochelle,New York,United States,1,VEX V5 Robotics Competition,High School
136451,19383B,NewRo Bots,Bubbles/Powerpuffs,NEW ROCHELLE HIGH SCHOOL,New Rochelle,New York,United States,1,VEX V5 Robotics Competition,High School
158904,19383D,NewRo Bots,Biondo Bulldozer,NEW ROCHELLE HIGH SCHOOL,New Rochelle,New York,United States,1,VEX V5 Robotics Competition,High School
173684,24842B,Jerry,Blender,Albedo Robotics,Manhasset,New York,United States,1,VEX V5 Robotics Competition,High School
66783,25565A,Seven,Eleven,Riverdale Country School,Bronx,New York,United States,1,VEX V5 Robotics Competition,High School
134711,38211B,Centereach Cougears,Hachiware,CENTEREACH HIGH SCHOOL,Centereach,New York,United States,1,VEX V5 Robotics Competition,High School
109164,47114A,Onyx,,North Shore Coding and Robotics Club,Great Neck,New York,United States,1,VEX V5 Robotics Competition,High School
87867,49627A,SWR Robotics,Nail Clipper,SHOREHAM-WADING RIVER HIGH SCHOOL,Shoreham,New York,United States,1,VEX V5 Robotics Competition,High School
93326,49627B,Wildcat Robotics,Wildcat,SHOREHAM-WADING RIVER HIGH SCHOOL,Shoreham,New York,United States,1,VEX V5 Robotics Competition,High School
170111,52806A,Cyber Ravens,,ROSS SCHOOL,East Hampton,New York,United States,1,VEX V5 Robotics Competition,High School
136591,59968H,Red Pen = DANGER,,JOHN F KENNEDY HIGH SCHOOL,Bellmore,New York,United States,1,VEX V5 Robotics Competition,High School
162489,59968K,Cougarbots 59968K,,JOHN F KENNEDY HIGH SCHOOL,Bellmore,New York,United States,1,VEX V5 Robotics Competition,High School
180720,59968T,Optimal Chaos,,JOHN F KENNEDY HIGH SCHOOL,Bellmore,New York,United States,1,VEX V5 Robotics Competition,High School
100219,62880A,Tidal,,Coast 2 Coast Robotics,Bayside,New York,United States,1,VEX V5 Robotics Competition,High School
154078,62880C,C’mon Man,,Coast 2 Coast Robotics,Bayside,New York,United States,1,VEX V5 Robotics Competition,High School
170102,62880D,Dang It,,Coast 2 Coast Robotics,Bayside,New York,United States,1,VEX V5 Robotics Competition,High School
73065,68602C,GC Robots,GC-Robot # 3,GARDEN CITY HIGH SCHOOL,Garden City,New York,United States,1,VEX V5 Robotics Competition,High School
146774,70407R,Refraction,Stuart,Meahagh Robotics,Buchanan,New York,United States,1,VEX V5 Robotics Competition,High School
100737,78792E,MARS,100%,Mount Academy,Esopus,New York,United States,1,VEX V5 Robotics Competition,High School
146492,78792K,KAOS,Killroy,Mount Academy,Esopus,New York,United States,1,VEX V5 Robotics Competition,High School
106208,78792T,Aftermath,Somebody Else,Mount Academy,Esopus,New York,United States,1,VEX V5 Robotics Competition,High School
175029,88188A,LongWings,,LongWingsEdu LLC,Great Neck,New York,United States,1,VEX V5 Robotics Competition,High School
70524,97140A,Kennedy Gaels,,Kennedy Catholic Preparatory School,Somers,New York,United States,1,VEX V5 Robotics Competition,High School
94779,97140B,Kennedy Gaels Too,,Kennedy Catholic Preparatory School,Somers,New York,United States,1,VEX V5 Robotics Competition,High School
134160,97871R,Roverines Robotics,Eric Elberfeld,NEWFIELD HIGH SCHOOL,Selden,New York,United States,1,VEX V5 Robotics Competition,High School
66025,99561B,Starstruck,Astrodawn,FALLSBURG JUNIOR SENIOR HIGH SCHOOL,Fallsburg,New York,United States,1,VEX V5 Robotics Competition,High School
4086,12A,Absolute Zero,Avalanche,The Potomac School,Mclean,Virginia,United States,1,VEX V5 Robotics Competition,High School
4091,12B,Blizzard,Lizard,The Potomac School,Mclean,Virginia,United States,1,VEX V5 Robotics Competition,High School
4096,12C,Caffeine,Nitrogen,The Potomac School,Mclean,Virginia,United States,1,VEX V5 Robotics Competition,High School
4101,12D,Dinomite,"Stegosaurus (""Steggy"")",The Potomac School,Mclean,Virginia,United States,1,VEX V5 Robotics Competition,High School
26683,12X,EclipX,Bobby Moon,The Potomac School,Mclean,Virginia,United States,1,VEX V5 Robotics Competition,High School
26686,12Y,Yuun,Hóng Shǔ,The Potomac School,Mclean,Virginia,United States,1,VEX V5 Robotics Competition,High School
26689,12Z,Zap,Zeus,The Potomac School,Mclean,Virginia,United States,1,VEX V5 Robotics Competition,High School
39544,46B,Code Red,46B,Seton School,Manassas,Virginia,United States,1,VEX V5 Robotics Competition,High School
173800,46N,Nitro,St Elizabeth Ann Seton,Seton SCHOOL,Manassas,Virginia,United States,1,VEX V5 Robotics Competition,High School
139683,46V,Venom,,Seton SCHOOL,Manassas,Virginia,United States,1,VEX V5 Robotics Competition,High School
3441,154A,Apollo,Snowball,GAR-FIELD HIGH,Woodbridge,Virginia,United States,1,VEX V5 Robotics Competition,High School
35863,154D,Dark Infernos,dynamics,GAR-FIELD HIGH,Woodbridge,Virginia,United States,1,VEX V5 Robotics Competition,High School
14704,1575B,Business,,Woodbridge Senior High School,Woodbridge,Virginia,United States,1,VEX V5 Robotics Competition,High School
157067,1575K,Kronos,Fenrir,Woodbridge Senior High School,Woodbridge,Virginia,United States,1,VEX V5 Robotics Competition,High School
81691,1575M,Maximus,1575Maximus,Woodbridge Senior High School,Woodbridge,Virginia,United States,1,VEX V5 Robotics Competition,High School
157068,1575T,Timeless,Timeless,Woodbridge Senior High School,Woodbridge,Virginia,United States,1,VEX V5 Robotics Competition,High School
49878,1575W,Wanted,Criminal,Woodbridge Senior High School,Woodbridge,Virginia,United States,1,VEX V5 Robotics Competition,High School
56191,1575X,Xcaliber,,Woodbridge Senior High School,Woodbridge,Virginia,United States,1,VEX V5 Robotics Competition,High School
130499,1575Y,Yo-Yo,Yo-Yo,Woodbridge Senior High School,Woodbridge,Virginia,United States,1,VEX V5 Robotics Competition,High School
88963,2068B,Metal Jackets - Tonka,Sisyphus,OSBOURN PARK HIGH,Manassas,Virginia,United States,1,VEX V5 Robotics Competition,High School
170205,2072A,Ares,,Enginotic 6 Robotics,Montclair,Virginia,United States,1,VEX V5 Robotics Competition,High School
169750,2072C,Tragic Throw,,Enginotic 6 Robotics,Montclair,Virginia,United States,1,VEX V5 Robotics Competition,High School
170204,2072U,Ubernimbus,,Enginotic 6 Robotics,Montclair,Virginia,United States,1,VEX V5 Robotics Competition,High School
154568,2072X,Cloudelicious,,Enginotic 6 Robotics,Montclair,Virginia,United States,1,VEX V5 Robotics Competition,High School
109693,2145Z,Pink Shinee Unicorns,Qilin,LC Trooper School,Manassas,Virginia,United States,1,VEX V5 Robotics Competition,High School
156054,2430X,Chum Bucket,,TJRobotics,Chantilly,Virginia,United States,1,VEX V5 Robotics Competition,High School
157577,2509A,Blue Wave Elite,,VA Robotics,Mclean,Virginia,United States,1,VEX V5 Robotics Competition,High School
155640,2872X,Cryptix,,Thanasis Antetokounmpo,Aldie,Virginia,United States,1,VEX V5 Robotics Competition,High School
28438,4303B,Boundless,,FOREST PARK HIGH,Woodbridge,Virginia,United States,1,VEX V5 Robotics Competition,High School
40945,4303D,Bunnies,,FOREST PARK HIGH,Woodbridge,Virginia,United States,1,VEX V5 Robotics Competition,High School
64868,4303X,¿Jinxd?,Sofia the 1st,FOREST PARK HIGH,Woodbridge,Virginia,United States,1,VEX V5 Robotics Competition,High School
46465,6603A,Atom's Family,,PATRIOT HIGH,Nokesville,Virginia,United States,1,VEX V5 Robotics Competition,High School
46471,6603C,Klorox!,Bob,PATRIOT HIGH,Nokesville,Virginia,United States,1,VEX V5 Robotics Competition,High School
131952,13150B,Halo,13150H,GAINESVILLE HIGH,Gainesville,Virginia,United States,1,VEX V5 Robotics Competition,High School
160911,13150E,Lockdown,,GAINESVILLE HIGH,Gainesville,Virginia,United States,1,VEX V5 Robotics Competition,High School
178463,20102A,Overdrive,,INDEPENDENCE HIGH,Aldie,Virginia,United States,1,VEX V5 Robotics Competition,High School
170287,20164B,Banana Sharks,Midas,Charles J. Colgan Senior. High School,Manassas,Virginia,United States,1,VEX V5 Robotics Competition,High School
131366,20164M,Megalodons,Michael,Charles J. Colgan Senior. High School,Manassas,Virginia,United States,1,VEX V5 Robotics Competition,High School
74175,20164T,Tidal Wave,Riptide,CHARLES J. COLGAN SR. HIGH,Manassas,Virginia,United States,1,VEX V5 Robotics Competition,High School
74173,20164X,SharX,Wobbegong shark,CHARLES J. COLGAN SR. HIGH,Manassas,Virginia,United States,1,VEX V5 Robotics Competition,High School
119695,42075A,Wired Up,coolbot,ACADEMIES OF LOUDOUN,Leesburg,Virginia,United States,1,VEX V5 Robotics Competition,High School
170054,50805A,Satvik and friends,,Harsha Robotics,Ashburn,Virginia,United States,1,VEX V5 Robotics Competition,High School
154029,50805H,The Blue Whales,,Robotechs,Ashburn,Virginia,United States,1,VEX V5 Robotics Competition,High School
138841,50878X,Geometric Mangos,,,Glen Allen,Virginia,United States,1,VEX V5 Robotics Competition,High School
169669,54045Z,SpooderBots,Spider,Ace Robotics,Ashburn,Virginia,United States,1,VEX V5 Robotics Competition,High School
176437,60023X,The Innovators-Atomix,,THE GOVERNOR'S SCHOOL @ INNOVATION PARK,Manassas,Virginia,United States,1,VEX V5 Robotics Competition,High School
176442,60023Y,The Innovators-Y Not?,,THE GOVERNOR'S SCHOOL @ INNOVATION PARK,Manassas,Virginia,United States,1,VEX V5 Robotics Competition,High School
121849,62961X,Matrix,Kenny Philson VII,Matrix Robotics,Manassas,Virginia,United States,1,VEX V5 Robotics Competition,High School
76817,63975A,BlueHawks,,Wakefield High School,Arlington,Virginia,United States,1,VEX V5 Robotics Competition,High School
117062,63975D,Paragon,,WAKEFIELD HIGH,Arlington,Virginia,United States,1,VEX V5 Robotics Competition,High School
172727,70220A,Robocop,Robocop,Robocop,Ashburn,Virginia,United States,1,VEX V5 Robotics Competition,High School
136488,71999A,The Patilies,Arnav,R3V3RB Robotics,Sterling,Virginia,United States,1,VEX V5 Robotics Competition,High School
141212,80208K,Ka-Chow!,,Rock Ridge High School,Dulles,Virginia,United States,1,VEX V5 Robotics Competition,High School
110896,80708Y,Exobits,,Exobytes,Montclair,Virginia,United States,1,VEX V5 Robotics Competition,High School
102975,99157B,IronMechs 2.0,,Abacus Robotics Corp,Haymarket,Virginia,United States,1,VEX V5 Robotics Competition,High School
107040,99909A,Rising Phoenix,Caterpillar,Capital Robotics Club,Mclean,Virginia,United States,1,VEX V5 Robotics Competition,High School
70513,295E,PART E,LEBRON,Placer Robotics (PART),Granite Bay,California,United States,1,VEX V5 Robotics Competition,Middle School
56089,2011A,Apex,Apex,BRECKSVILLE-BROADVIEW HEIGHTS HIGH SCHOOL,Broadview Heights,Ohio,United States,1,VEX V5 Robotics Competition,High School
56090,2011B,Biohazard,Bomber,BRECKSVILLE-BROADVIEW HEIGHTS HIGH SCHOOL,Broadview Heights,Ohio,United States,1,VEX V5 Robotics Competition,High School
56091,2011C,Cacaesthesia Cholecystectomy,Cacaesthesia Cholecystectomy,BRECKSVILLE-BROADVIEW HEIGHTS HIGH SCHOOL,Broadview Heights,Ohio,United States,1,VEX V5 Robotics Competition,High School
64218,2011D,Dopamine,Dopamine,BRECKSVILLE-BROADVIEW HEIGHTS HIGH SCHOOL,Broadview Heights,Ohio,United States,1,VEX V5 Robotics Competition,High School
72997,2011E,E-lit-erit,E-lit-erit,BRECKSVILLE-BROADVIEW HEIGHTS HIGH SCHOOL,Broadview Heights,Ohio,United States,1,VEX V5 Robotics Competition,High School
72998,2011F,FaZe Clan,FaZe Clan,BRECKSVILLE-BROADVIEW HEIGHTS HIGH SCHOOL,Broadview Heights,Ohio,United States,1,VEX V5 Robotics Competition,High School
81070,2011G,Godspeed,Godspeed,BRECKSVILLE-BROADVIEW HEIGHTS HIGH SCHOOL,Broadview Heights,Ohio,United States,1,VEX V5 Robotics Competition,High School
138786,2011J,Jester,Jester,BRECKSVILLE-BROADVIEW HEIGHTS HIGH SCHOOL,Broadview Heights,Ohio,United States,1,VEX V5 Robotics Competition,High School
138787,2011K,Kinetic,Kinetic,BRECKSVILLE-BROADVIEW HEIGHTS HIGH SCHOOL,Broadview Heights,Ohio,United States,1,VEX V5 Robotics Competition,High School
63356,2971A,Og,,NORTHWESTERN HIGH SCHOOL,West Salem,Ohio,United States,1,VEX V5 Robotics Competition,High School
81385,2971B,Bromine,,NORTHWESTERN HIGH SCHOOL,West Salem,Ohio,United States,1,VEX V5 Robotics Competition,High School
94525,3145G,GRIM,3145G,Triway High School,Wooster,Ohio,United States,1,VEX V5 Robotics Competition,High School
94526,3145H,Hysteria,3145H,Triway High School,Wooster,Ohio,United States,1,VEX V5 Robotics Competition,High School
109752,3145N,Nightshade,3145N,Triway High School,Wooster,Ohio,United States,1,VEX V5 Robotics Competition,High School
51279,3264E,E.T.,Flipper,NORWALK HIGH SCHOOL,Norwalk,Ohio,United States,1,VEX V5 Robotics Competition,High School
124713,3264T,Does your face hurt?,Cabeza,NORWALK HIGH SCHOOL,Norwalk,Ohio,United States,1,VEX V5 Robotics Competition,High School
169998,3264X,Xenon,,NORWALK HIGH SCHOOL,Norwalk,Ohio,United States,1,VEX V5 Robotics Competition,High School
131458,4112D,Blue Devils,,ZANESVILLE HIGH SCHOOL,Zanesville,Ohio,United States,1,VEX V5 Robotics Competition,High School
50653,6008A,Apollo One,,NORTH UNION HIGH SCHOOL,Richwood,Ohio,United States,1,VEX V5 Robotics Competition,High School
38962,6008D,Dark Mode,,NORTH UNION HIGH SCHOOL,Richwood,Ohio,United States,1,VEX V5 Robotics Competition,High School
173268,6008G,G-Force,,NORTH UNION HIGH SCHOOL,Richwood,Ohio,United States,1,VEX V5 Robotics Competition,High School
157011,6008P,Pixel,,NORTH UNION HIGH SCHOOL,Richwood,Ohio,United States,1,VEX V5 Robotics Competition,High School
57285,6008X,X-Factor,,NORTH UNION HIGH SCHOOL,Richwood,Ohio,United States,1,VEX V5 Robotics Competition,High School
57286,6008Y,Project Y,,NORTH UNION HIGH SCHOOL,Richwood,Ohio,United States,1,VEX V5 Robotics Competition,High School
50691,6403A,Crash,,Brookside High School,Sheffield Village,Ohio,United States,1,VEX V5 Robotics Competition,High School
143938,6403P,Practical Programmers,,BROOKSIDE HIGH SCHOOL,Sheffield Village,Ohio,United States,1,VEX V5 Robotics Competition,High School
125280,6403Z,Zedonk,,Brookside High School,Sheffield Village,Ohio,United States,1,VEX V5 Robotics Competition,High School
47714,6741A,Anarchy,,PICKERINGTON HIGH SCHOOL CENTRAL,Pickerington,Ohio,United States,1,VEX V5 Robotics Competition,High School
71924,6741D,Destroy Build Destroy,,PICKERINGTON HIGH SCHOOL CENTRAL,Pickerington,Ohio,United States,1,VEX V5 Robotics Competition,High School
169702,6741R,Redacted,,PICKERINGTON HIGH SCHOOL CENTRAL,Pickerington,Ohio,United States,1,VEX V5 Robotics Competition,High School
59955,6978B,Roger66,,Highland High School,Marengo,Ohio,United States,1,VEX V5 Robotics Competition,High School
59959,6978E,Eviction Notice,,Highland High School,Marengo,Ohio,United States,1,VEX V5 Robotics Competition,High School
115372,6978W,Uve Doble,,Highland High School,Marengo,Ohio,United States,1,VEX V5 Robotics Competition,High School
115377,6978Y,Yellow Jackets,,Highland High School,Marengo,Ohio,United States,1,VEX V5 Robotics Competition,High School
57435,7316D,Ducks!,,FIRESTONE HIGH SCHOOL,Akron,Ohio,United States,1,VEX V5 Robotics Competition,High School
57436,7316E,Eggs N' Bacon,Joleyne,FIRESTONE HIGH SCHOOL,Akron,Ohio,United States,1,VEX V5 Robotics Competition,High School
140116,7316R,Rigatoni,,FIRESTONE HIGH SCHOOL,Akron,Ohio,United States,1,VEX V5 Robotics Competition,High School
156028,7316V,Voltage,Lebot James,FIRESTONE HIGH SCHOOL,Akron,Ohio,United States,1,VEX V5 Robotics Competition,High School
111002,7316X,Xcalibur,,FIRESTONE HIGH SCHOOL,Akron,Ohio,United States,1,VEX V5 Robotics Competition,High School
175250,7882K,Cool Koalas,Koala,MAHONING CAREER & TECHNICAL,Canfield,Ohio,United States,1,VEX V5 Robotics Competition,High School
170459,7882W,Fishes Outta Water,Chum Bucket,MAHONING CAREER & TECHNICAL,Canfield,Ohio,United States,1,VEX V5 Robotics Competition,High School
156873,7882X,Ad Victoriam,Odysseus,MAHONING CAREER & TECHNICAL,Canfield,Ohio,United States,1,VEX V5 Robotics Competition,High School
140118,8609N,Nike,Nike,Lorain Titans Robotics - High School,Lorain,Ohio,United States,1,VEX V5 Robotics Competition,High School
141356,8609S,Atlas,Atlas,Lorain Titans Robotics - High School,Lorain,Ohio,United States,1,VEX V5 Robotics Competition,High School
58413,8823A,Alter Ego,,Milford High School,Milford,Ohio,United States,1,VEX V5 Robotics Competition,High School
85331,8823E,Enigma,The Enigma Machine,Milford High School,Milford,Ohio,United States,1,VEX V5 Robotics Competition,High School
172016,8823J,Juice Box,,Milford High School,Milford,Ohio,United States,1,VEX V5 Robotics Competition,High School
172020,8823M,Full Metal Jacket,,Milford High School,Milford,Ohio,United States,1,VEX V5 Robotics Competition,High School
172017,8823U,Uncle Sam,,Milford High School,Milford,Ohio,United States,1,VEX V5 Robotics Competition,High School
153925,8823Z,Zoom Call,Connection Error,Milford High School,Milford,Ohio,United States,1,VEX V5 Robotics Competition,High School
56211,9185C,Carnage,,BELLEFONTAINE HIGH SCHOOL,Bellefontaine,Ohio,United States,1,VEX V5 Robotics Competition,High School
170346,9185T,Terminator,,BELLEFONTAINE HIGH SCHOOL,Bellefontaine,Ohio,United States,1,VEX V5 Robotics Competition,High School
170347,9185V,Venom,,BELLEFONTAINE HIGH SCHOOL,Bellefontaine,Ohio,United States,1,VEX V5 Robotics Competition,High School
141458,10565Z,LegaZy,,LOVELAND HIGH SCHOOL,Loveland,Ohio,United States,1,VEX V5 Robotics Competition,High School
141234,11124M,Mecha Rex,,ELYRIA HIGH SCHOOL,Elyria,Ohio,United States,1,VEX V5 Robotics Competition,High School
75585,11124P,Project 25,Project 25,ELYRIA HIGH SCHOOL,Elyria,Ohio,United States,1,VEX V5 Robotics Competition,High School
112249,11124W,Wild West,,ELYRIA HIGH SCHOOL,Elyria,Ohio,United States,1,VEX V5 Robotics Competition,High School
93380,11124X,The Butterfly Effect,The Butterfly Effect,ELYRIA HIGH SCHOOL,Elyria,Ohio,United States,1,VEX V5 Robotics Competition,High School
169619,11254G,Antidisestablishmentarianism 2.0,Eugene,William Henry Harrison High School,Harrison,Ohio,United States,1,VEX V5 Robotics Competition,High School
124478,11254W,Consistently Inconsistent,,William Henry Harrison High School,Harrison,Ohio,United States,1,VEX V5 Robotics Competition,High School
130040,11254Y,Eruption,Money Maker,William Henry Harrison High School,Harrison,Ohio,United States,1,VEX V5 Robotics Competition,High School
130039,11254Z,Strictly BuZiness,The Proposition,William Henry Harrison High School,Harrison,Ohio,United States,1,VEX V5 Robotics Competition,High School
177716,20080X,CrossFire,,Knox County Ohio Robotics,Mount Vernon,Ohio,United States,1,VEX V5 Robotics Competition,High School
118659,22324A,Quaker Robotics,,SALEM HIGH SCHOOL,Salem,Ohio,United States,1,VEX V5 Robotics Competition,High School
177547,23037A,Screws Loose,,FINDLAY HIGH SCHOOL,Findlay,Ohio,United States,1,VEX V5 Robotics Competition,High School
116398,33042A,EP Team A,,EAST PALESTINE HIGH SCHOOL,East Palestine,Ohio,United States,1,VEX V5 Robotics Competition,High School
178875,33499A,Syntax Error,Tic Tac,Schilling School for Gifted Children,Cincinnati,Ohio,United States,1,VEX V5 Robotics Competition,High School
76443,34872A,Legacy,Gridlock,BARNESVILLE HIGH SCHOOL,Barnesville,Ohio,United States,1,VEX V5 Robotics Competition,High School
114291,40938C,Good Robots Follow Orders,Tup,BUCKEYE CENTRAL HIGH SCHOOL,New Washington,Ohio,United States,1,VEX V5 Robotics Competition,High School
114292,40938D,Defenders,,BUCKEYE CENTRAL HIGH SCHOOL,New Washington,Ohio,United States,1,VEX V5 Robotics Competition,High School
143552,43050W,what the sigma?,what the sigma?,MOUNT VERNON HIGH SCHOOL,Mount Vernon,Ohio,United States,1,VEX V5 Robotics Competition,High School
130567,43050Z,Zamboni,Zamboni,MOUNT VERNON HIGH SCHOOL,Mount Vernon,Ohio,United States,1,VEX V5 Robotics Competition,High School
172523,44047A,JEDI Robotics,,JEFFERSON AREA SR HIGH SCHOOL,Jefferson,Ohio,United States,1,VEX V5 Robotics Competition,High School
159927,44691F,Fierce Functionality,Tyler,WOOSTER HIGH SCHOOL,Wooster,Ohio,United States,1,VEX V5 Robotics Competition,High School
99490,44691R,Golden Rule,General Wooster,WOOSTER HIGH SCHOOL,Wooster,Ohio,United States,1,VEX V5 Robotics Competition,High School
97118,44691X,Heat Wave,Kelvin,WOOSTER HIGH SCHOOL,Wooster,Ohio,United States,1,VEX V5 Robotics Competition,High School
117198,45133E,Echo Squad,,HILLSBORO HIGH SCHOOL,Hillsboro,Ohio,United States,1,VEX V5 Robotics Competition,High School
117199,45133F,Foxtrot,,HILLSBORO HIGH SCHOOL,Hillsboro,Ohio,United States,1,VEX V5 Robotics Competition,High School
117203,45133H,Oblivion,,HILLSBORO HIGH SCHOOL,Hillsboro,Ohio,United States,1,VEX V5 Robotics Competition,High School
117204,45133J,Chicken Tender Defenders,,HILLSBORO HIGH SCHOOL,Hillsboro,Ohio,United States,1,VEX V5 Robotics Competition,High School
139121,45133K,A Train,,HILLSBORO HIGH SCHOOL,Hillsboro,Ohio,United States,1,VEX V5 Robotics Competition,High School
83520,45224A,The Fellowship,Gollum,SOUTH RANGE HIGH SCHOOL,Canfield,Ohio,United States,1,VEX V5 Robotics Competition,High School
155320,45434A,Apex,,Beavercreek Robotics Club,Beavercreek,Ohio,United States,1,VEX V5 Robotics Competition,High School
155326,45434H,Aftershock,,Beavercreek Robotics Club,Beavercreek,Ohio,United States,1,VEX V5 Robotics Competition,High School
155322,45434M,Meltdown,Jariel,Beavercreek Robotics Club,Beavercreek,Ohio,United States,1,VEX V5 Robotics Competition,High School
155321,45434N,Nitro,,Beavercreek Robotics Club,Beavercreek,Ohio,United States,1,VEX V5 Robotics Competition,High School
155325,45434R,Rift,,Beavercreek Robotics Club,Beavercreek,Ohio,United States,1,VEX V5 Robotics Competition,High School
171942,45434S,Time to Swine,,Beavercreek Robotics Club,Beavercreek,Ohio,United States,1,VEX V5 Robotics Competition,High School
171934,45434V,VI,,Beavercreek Robotics Club,Beavercreek,Ohio,United States,1,VEX V5 Robotics Competition,High School
171933,45434W,Hogwild,,Beavercreek Robotics Club,Beavercreek,Ohio,United States,1,VEX V5 Robotics Competition,High School
171922,45434X,Paradox,,Beavercreek Robotics Club,Beavercreek,Ohio,United States,1,VEX V5 Robotics Competition,High School
171941,45434Y,ODYSSEY,,Beavercreek Robotics Club,Beavercreek,Ohio,United States,1,VEX V5 Robotics Competition,High School
142962,56029C,Crestview Robotics CCC,Chandelier,CRESTVIEW HIGH SCHOOL,Columbiana,Ohio,United States,1,VEX V5 Robotics Competition,High School
75599,60883B,Baked Goods,Fl. oz.,AKRON STEM HIGH SCHOOL,Akron,Ohio,United States,1,VEX V5 Robotics Competition,High School
140677,60883R,Raven,,AKRON STEM HIGH SCHOOL,Akron,Ohio,United States,1,VEX V5 Robotics Competition,High School
130941,60883W,WD-40,,AKRON STEM HIGH SCHOOL,Akron,Ohio,United States,1,VEX V5 Robotics Competition,High School
139703,68561D,Canadian Loners,,WEST HOLMES HIGH SCHOOL,Millersburg,Ohio,United States,1,VEX V5 Robotics Competition,High School
139707,68561H,Robros,,WEST HOLMES HIGH SCHOOL,Millersburg,Ohio,United States,1,VEX V5 Robotics Competition,High School
124169,81834B,Lard Lad Donuts,,VERSAILLES HIGH SCHOOL,Versailles,Ohio,United States,1,VEX V5 Robotics Competition,High School
175849,81834E,High Steaks,,VERSAILLES HIGH SCHOOL,Versailles,Ohio,United States,1,VEX V5 Robotics Competition,High School
129985,91142A,Adderall,Alloy,BEAVER LOCAL HIGH SCHOOL,East Liverpool,Ohio,United States,1,VEX V5 Robotics Competition,High School
154019,91142B,Benadryl,HatMan,BEAVER LOCAL HIGH SCHOOL,East Liverpool,Ohio,United States,1,VEX V5 Robotics Competition,High School
90090,98575C,Ottawa Hills,,Ottawa Hills Jr/Sr High School,Ottawa Hills,Ohio,United States,1,VEX V5 Robotics Competition,High School
8614,1812A,NMVoltmasters-TheHungryOne,TheHungryOne,North Marion High School,Aurora,Oregon,United States,1,VEX V5 Robotics Competition,Middle School
77945,97301B,Hammond,Hammond,SALEM ACADEMY,Salem,Oregon,United States,1,VEX V5 Robotics Competition,Middle School
44629,750B,Blitz,Ode-Brodie,SOUTH BRUNSWICK HIGH SCHOOL,Monmouth Junction,New Jersey,United States,1,VEX V5 Robotics Competition,High School
44632,750C,Cobras,,SOUTH BRUNSWICK HIGH SCHOOL,Monmouth Junction,New Jersey,United States,1,VEX V5 Robotics Competition,High School
52463,750E,Ember,,SOUTH BRUNSWICK HIGH SCHOOL,Monmouth Junction,New Jersey,United States,1,VEX V5 Robotics Competition,High School
52462,750R,Royals,,SOUTH BRUNSWICK HIGH SCHOOL,Monmouth Junction,New Jersey,United States,1,VEX V5 Robotics Competition,High School
52465,750S,Sparks,,SOUTH BRUNSWICK HIGH SCHOOL,Monmouth Junction,New Jersey,United States,1,VEX V5 Robotics Competition,High School
52464,750W,Wolves,,SOUTH BRUNSWICK HIGH SCHOOL,Monmouth Junction,New Jersey,United States,1,VEX V5 Robotics Competition,High School
45631,765A,FuryTech Alpha,765A,HIGH TECHNOLOGY HIGH SCHOOL,Lincroft,New Jersey,United States,1,VEX V5 Robotics Competition,High School
154982,765C,FuryTech Cryo,765C,HIGH TECHNOLOGY HIGH SCHOOL,Lincroft,New Jersey,United States,1,VEX V5 Robotics Competition,High School
124288,765N,FuryTech Nova,765N,HIGH TECHNOLOGY HIGH SCHOOL,Lincroft,New Jersey,United States,1,VEX V5 Robotics Competition,High School
73879,765X,FuryTech Xenon,765X,HIGH TECHNOLOGY HIGH SCHOOL,Lincroft,New Jersey,United States,1,VEX V5 Robotics Competition,High School
54051,2616H,Hydra,,Cherry Hill High School East,Cherry Hill,New Jersey,United States,1,VEX V5 Robotics Competition,High School
67867,2616K,Knights of Stars,,CHERRY HILL HIGH SCHOOL EAST,Cherry Hill,New Jersey,United States,1,VEX V5 Robotics Competition,High School
151723,2616X,Unknown,,CHERRY HILL HIGH SCHOOL EAST,Cherry Hill,New Jersey,United States,1,VEX V5 Robotics Competition,High School
35800,4610A,Triple A,,Robot Revolution,Summit,New Jersey,United States,1,VEX V5 Robotics Competition,High School
50012,4610C,Bent C-channel: Robot Rev,,Robot Revolution,Summit,New Jersey,United States,1,VEX V5 Robotics Competition,High School
124164,4610G,Goofy Goobers,,Robot Revolution,Summit,New Jersey,United States,1,VEX V5 Robotics Competition,High School
73164,4610J,Jariffe : Robot Rev,,Robot Revolution,Summit,New Jersey,United States,1,VEX V5 Robotics Competition,High School
73163,4610K,kids in a basement,,Robot Revolution,Summit,New Jersey,United States,1,VEX V5 Robotics Competition,High School
113055,4610M,Minions,,Robot Revolution,Summit,New Jersey,United States,1,VEX V5 Robotics Competition,High School
57870,4610N,Robot Rev: Necromancer,,Robot Revolution,Summit,New Jersey,United States,1,VEX V5 Robotics Competition,High School
113056,4610P,Phun P̃lastic Birds,,Robot Revolution,Summit,New Jersey,United States,1,VEX V5 Robotics Competition,High School
113507,4610T,Tummies,,Robot Revolution,Summit,New Jersey,United States,1,VEX V5 Robotics Competition,High School
86268,4610W,Wreckage : Robot Rev,,Robot Revolution,Summit,New Jersey,United States,1,VEX V5 Robotics Competition,High School
57872,4610Z,Robot Rev : Zenith,,Robot Revolution,Summit,New Jersey,United States,1,VEX V5 Robotics Competition,High School
108548,5249J,Junk Yard,Sparta High School,Sparta High School,Sparta,New Jersey,United States,1,VEX V5 Robotics Competition,High School
85541,5249S,Sandstorm,Sparta Robotics,Sparta High School,Sparta,New Jersey,United States,1,VEX V5 Robotics Competition,High School
170506,5249V,Velocity,Sparta High School,Sparta High School,Sparta,New Jersey,United States,1,VEX V5 Robotics Competition,High School
85542,5249X,Xylophone,Sparta Robotics,Sparta High School,Sparta,New Jersey,United States,1,VEX V5 Robotics Competition,High School
85543,5249Z,Mirage,Sparta Robotics,Sparta High School,Sparta,New Jersey,United States,1,VEX V5 Robotics Competition,High School
118839,7405K,Millburn Kinetic,,Millburn High School,Millburn,New Jersey,United States,1,VEX V5 Robotics Competition,High School
62637,7405M,Millburn Mayhem,,Millburn High School,Millburn,New Jersey,United States,1,VEX V5 Robotics Competition,High School
70411,7405N,Millburn Nebula,Cosmo,Millburn High School,Millburn,New Jersey,United States,1,VEX V5 Robotics Competition,High School
122732,7405R,Millburn Riptide,,Millburn High School,Millburn,New Jersey,United States,1,VEX V5 Robotics Competition,High School
170209,7405V,Millburn Velocity,,Millburn High School,Millburn,New Jersey,United States,1,VEX V5 Robotics Competition,High School
141070,41618F,V-Tech,,CAMDEN CATHOLIC HIGH SCHOOL,Cherry Hill,New Jersey,United States,1,VEX V5 Robotics Competition,High School
128993,41618J,Junimos,,CAMDEN CATHOLIC HIGH SCHOOL,Cherry Hill,New Jersey,United States,1,VEX V5 Robotics Competition,High School
158455,42747M,Ingenuity,Robotomy,West Morris Central High School,Chester,New Jersey,United States,1,VEX V5 Robotics Competition,High School
181278,42747S,Sojourner,Sojourner,West Morris Central High School,Chester,New Jersey,United States,1,VEX V5 Robotics Competition,High School
158458,42747W,Perseverance,,West Morris Central High School,Chester,New Jersey,United States,1,VEX V5 Robotics Competition,High School
181279,42747Z,Opportunity,Zenith,West Morris Central High School,Chester,New Jersey,United States,1,VEX V5 Robotics Competition,High School
139774,59218B,Cedar  Grove Panthers,,CEDAR GROVE HIGH SCHOOL,Cedar Grove,New Jersey,United States,1,VEX V5 Robotics Competition,High School
78166,96138A,Monroe Alchemy,,MONROE TOWNSHIP HIGH SCHOOL,Monroe Township,New Jersey,United States,1,VEX V5 Robotics Competition,High School
86266,4611D,Delta Donuts : Robot Rev,,Robot Revolution MS,Summit,New Jersey,United States,1,VEX V5 Robotics Competition,Middle School
63884,4611F,ferrets. : Robot Rev,,Robot Revolution MS,Summit,New Jersey,United States,1,VEX V5 Robotics Competition,Middle School
94441,4611G,Uhh Ohh?!,Arthi/Laura/David/Zen,Robot Revolution MS,Summit,New Jersey,United States,1,VEX V5 Robotics Competition,Middle School
92874,10135A,Automatons,,STEAM WORKS STUDIO,Princeton,New Jersey,United States,1,VEX V5 Robotics Competition,Middle School
41,10A,Exothermic Alpha,,Exothermic Robotics,Bellevue,Washington,United States,1,VEX V5 Robotics Competition,High School
5226,10B,Exothermic Blaze,Baddiemobile,Exothermic Robotics,Redmond,Washington,United States,1,VEX V5 Robotics Competition,High School
3506,10E,Exothermic Eclipse,Bob,Exothermic Robotics,Bellevue,Washington,United States,1,VEX V5 Robotics Competition,High School
143646,10K,Exothermic Knockout,K/O,Exothermic Robotics,Bellevue,Washington,United States,1,VEX V5 Robotics Competition,High School
153961,10M,Exothermic Matrix,Overcomplication,Exothermic Robotics,Bellevue,Washington,United States,1,VEX V5 Robotics Competition,High School
21700,10N,Exothermic Nexus,Noobmaster96(real),Exothermic Robotics,Bellevue,Washington,United States,1,VEX V5 Robotics Competition,High School
135369,10T,ts pmo,,Exothermic Robotics,Redmond,Washington,United States,1,VEX V5 Robotics Competition,High School
5231,10V,Exothermic Velocity,,Exothermic Robotics,Bellevue,Washington,United States,1,VEX V5 Robotics Competition,High School
154059,10W,Exothermic Willy Wonkers,,Exothermic Robotics,Bellevue,Washington,United States,1,VEX V5 Robotics Competition,High School
56,10X,Exothermic 小笼包,,Exothermic Robotics,Bellevue,Washington,United States,1,VEX V5 Robotics Competition,High School
3516,10Z,Exothermic Zenith,,Exothermic Robotics,Bellevue,Washington,United States,1,VEX V5 Robotics Competition,High School
139399,537K,Kalium,The Cup,Private,Redmond,Washington,United States,1,VEX V5 Robotics Competition,High School
175233,917E,Quantum Dynamics,,Quantum Robotics,Redmond,Washington,United States,1,VEX V5 Robotics Competition,High School
46291,917X,Aviation Nerds,,Quantum Robotics,Redmond,Washington,United States,1,VEX V5 Robotics Competition,High School
134607,949Z,Sputnik,,Northwest Academy of Sciences,Sammamish,Washington,United States,1,VEX V5 Robotics Competition,High School
140136,1023E,Schofield Bronze Beater B4,Lotion,Evolution Robotics,Redmond,Washington,United States,1,VEX V5 Robotics Competition,High School
153958,1091A,RCode:5,,Private,Woodinville,Washington,United States,1,VEX V5 Robotics Competition,High School
163394,1248X,Lakeside Invictus,,Lakeside Upper School,Seattle,Washington,United States,1,VEX V5 Robotics Competition,High School
154512,1258V,Continuum Robotics,,Private Team,Redmond,Washington,United States,1,VEX V5 Robotics Competition,High School
153417,1687C,Genesis,,Private,Redmond,Washington,United States,1,VEX V5 Robotics Competition,High School
7461,2605B,Hydra,Sehome B,Sehome High School,Bellingham,Washington,United States,1,VEX V5 Robotics Competition,High School
153976,3484X,Ad Astra,,Private,Redmond,Washington,United States,1,VEX V5 Robotics Competition,High School
137033,3512B,Rainbow Bubbles,,SUMNER HIGH SCHOOL,Sumner,Washington,United States,1,VEX V5 Robotics Competition,High School
148732,3512D,Meandering Mechanics,,SUMNER HIGH SCHOOL,Sumner,Washington,United States,1,VEX V5 Robotics Competition,High School
179333,3512X,Fellow Chaps,,SUMNER HIGH SCHOOL,Sumner,Washington,United States,1,VEX V5 Robotics Competition,High School
170082,4853A,Goose Robotics,,Independent,Sammamish,Washington,United States,1,VEX V5 Robotics Competition,High School
111135,8931R,V-Bots Arsenic,,LAKE STEVENS SR HIGH SCHOOL,Lake Stevens,Washington,United States,1,VEX V5 Robotics Competition,High School
179418,8931W,V-Bots Vexing Vipers,KY,LAKE STEVENS SR HIGH SCHOOL,Lake Stevens,Washington,United States,1,VEX V5 Robotics Competition,High School
154413,12516A,Highspeed Acers,,Private Team,Sammamish,Washington,United States,1,VEX V5 Robotics Competition,High School
138964,39313Z,Insomniac Black,ə-SOH-tən,ASOTIN JR SR HIGH,Asotin,Washington,United States,1,VEX V5 Robotics Competition,High School
171201,40824A,Equinox,,Equinox,Sammamish,Washington,United States,1,VEX V5 Robotics Competition,High School
170260,42824A,Eternity,XROBO,Private Team,Sammamish,Washington,United States,1,VEX V5 Robotics Competition,High School
104869,44244D,Venio,Venio,Mukilteo Robotics,Mukilteo,Washington,United States,1,VEX V5 Robotics Competition,High School
149293,44244N,Nox,Nox,Mukilteo Robotics,Mukilteo,Washington,United States,1,VEX V5 Robotics Competition,High School
178617,44244R,Render,Render,Mukilteo Robotics,Mukilteo,Washington,United States,1,VEX V5 Robotics Competition,High School
156886,47000X,CyberGash,Guido,Private,Sammamish,Washington,United States,1,VEX V5 Robotics Competition,High School
86365,47874C,BATMAN,,SQUALICUM HIGH SCHOOL,Ferndale,Washington,United States,1,VEX V5 Robotics Competition,High School
102468,47874J,Occam's Chainsaw,T3 :0,Squalicum High School,Ferndale,Washington,United States,1,VEX V5 Robotics Competition,High School
110531,47874M,Maelstrom,,Squalicum High School,Bellingham,Washington,United States,1,VEX V5 Robotics Competition,High School
131949,61002G,Pew Pew IQ,ellensburger,Ellensburg Robotics Club,Ellensburg,Washington,United States,1,VEX V5 Robotics Competition,High School
140299,66475C,Ex Machina,Deus,Private,Redmond,Washington,United States,1,VEX V5 Robotics Competition,High School
159107,77277C,Quantum Crew,Ekaansh's E-Kitten,Private,Redmond,Washington,United States,1,VEX V5 Robotics Competition,High School
95821,90385G,Pumas: Green,,University Preparatory,Seattle,Washington,United States,1,VEX V5 Robotics Competition,High School
142569,93199G,Gear Grinders,,Robo Pals,Redmond,Washington,United States,1,VEX V5 Robotics Competition,High School
139066,98040C,Slippery Penguins,King Penguin,Islander Robotics,Mercer Island,Washington,United States,1,VEX V5 Robotics Competition,High School
84621,98225F,Fiasco,,Bellingham High School,Bellingham,Washington,United States,1,VEX V5 Robotics Competition,High School
84623,98225H,Home Cooked,,Bellingham High School,Bellingham,Washington,United States,1,VEX V5 Robotics Competition,High School
84624,98225J,Jalapeno,Mark 2,Bellingham High School,Bellingham,Washington,United States,1,VEX V5 Robotics Competition,High School
126143,98333E,Seattle Prep VEX - E,,Seattle Preparatory School,Seattle,Washington,United States,1,VEX V5 Robotics Competition,High School
159863,99621M,Z-Shark,Jaws,SHORECREST HIGH SCHOOL,Shoreline,Washington,United States,1,VEX V5 Robotics Competition,High School
58697,2101R,PHS Team #1,2101R,Parkersburg High School,Parkersburg,West Virginia,United States,1,VEX V5 Robotics Competition,High School
136720,6815J,Lincoln County JROTC,Dude where's my tank,LINCOLN COUNTY HIGH SCHOOL,Hamlin,West Virginia,United States,1,VEX V5 Robotics Competition,High School
51821,9451A,My Favorite Team,,JAMES RUMSEY TECHNICAL INSTITUTE,Martinsburg,West Virginia,United States,1,VEX V5 Robotics Competition,High School
139166,11865A,CCHS Alphas,,CENTRAL CATHOLIC HIGH SCHOOL,Wheeling,West Virginia,United States,1,VEX V5 Robotics Competition,High School
98014,23278A,Adapt or Die,,Cabell Midland High School,Ona,West Virginia,United States,1,VEX V5 Robotics Competition,High School
143813,23278B,Bdapt or Die,,Cabell Midland High School,Ona,West Virginia,United States,1,VEX V5 Robotics Competition,High School
129778,24213A,Polar Bots,,FAIRMONT SENIOR HIGH SCHOOL,Fairmont,West Virginia,United States,1,VEX V5 Robotics Competition,High School
101181,24739A,Mercer Bots,Hazel,4H club,Princeton,West Virginia,United States,1,VEX V5 Robotics Competition,High School
180553,25320K,Painfully Indecisive Purple Piglets,Pipp,SISSONVILLE HIGH SCHOOL,Charleston,West Virginia,United States,1,VEX V5 Robotics Competition,High School
178278,25320Z,Ten Shadows,Mahoraga,SISSONVILLE HIGH SCHOOL,Charleston,West Virginia,United States,1,VEX V5 Robotics Competition,High School
136258,26038A,George Drinks Water,George,JOHN MARSHALL HIGH SCHOOL,Glen Dale,West Virginia,United States,1,VEX V5 Robotics Competition,High School
145752,26038D,The Hippies,Shaggy,JOHN MARSHALL HIGH SCHOOL,Glen Dale,West Virginia,United States,1,VEX V5 Robotics Competition,High School
174211,26038S,SuperGirls!,,JOHN MARSHALL HIGH SCHOOL,Glen Dale,West Virginia,United States,1,VEX V5 Robotics Competition,High School
174159,26038V,Voltage,Bolt,JOHN MARSHALL HIGH SCHOOL,Glen Dale,West Virginia,United States,1,VEX V5 Robotics Competition,High School
127725,26164B,The Ringbearers,,Ravenswood High School,Ravenswood,West Virginia,United States,1,VEX V5 Robotics Competition,High School
148111,26164C,Baby-Botics,,Ravenswood High School,Ravenswood,West Virginia,United States,1,VEX V5 Robotics Competition,High School
144144,26330A,Pit Crew,eman tobor,BRIDGEPORT HIGH SCHOOL,Bridgeport,West Virginia,United States,1,VEX V5 Robotics Competition,High School
75768,27183R,RipBotz,Spud McLugnut,RIPLEY HIGH SCHOOL,Ripley,West Virginia,United States,1,VEX V5 Robotics Competition,High School
105025,33794A,Tectonic,,Pocahontas County High School,Dunmore,West Virginia,United States,1,VEX V5 Robotics Competition,High School
119384,33794B,Bugs,,Pocahontas County High School,Dunmore,West Virginia,United States,1,VEX V5 Robotics Competition,High School
157502,34107F,Darth Vexers,,St. Joseph Catholic High School,Huntington,West Virginia,United States,1,VEX V5 Robotics Competition,High School
146178,43983B,Spice Girls,James,SOUTH CHARLESTON HIGH SCHOOL,South Charleston,West Virginia,United States,1,VEX V5 Robotics Competition,High School
146179,43983C,undecided,#2,SOUTH CHARLESTON HIGH SCHOOL,South Charleston,West Virginia,United States,1,VEX V5 Robotics Competition,High School
90661,44713B,Redneck Engineering,,Woodrow Wilson High School,Beckley,West Virginia,United States,1,VEX V5 Robotics Competition,High School
116824,51401B,Robo Warriors,,RIVERSIDE HIGH SCHOOL,Belle,West Virginia,United States,1,VEX V5 Robotics Competition,High School
111941,51401C,Oreos,,RIVERSIDE HIGH SCHOOL,Belle,West Virginia,United States,1,VEX V5 Robotics Competition,High School
124690,51401D,Wired Warriors,,RIVERSIDE HIGH SCHOOL,Belle,West Virginia,United States,1,VEX V5 Robotics Competition,High School
124691,51401E,Team,Kablooey,RIVERSIDE HIGH SCHOOL,Belle,West Virginia,United States,1,VEX V5 Robotics Competition,High School
130714,57660T,The Valley Project,,SPRING VALLEY HIGH SCHOOL,Huntington,West Virginia,United States,1,VEX V5 Robotics Competition,High School
158442,57660W,Project Valley,Queen Lam's Revenge,SPRING VALLEY HIGH SCHOOL,Huntington,West Virginia,United States,1,VEX V5 Robotics Competition,High School
145305,62629K,Iron Patriots:  K-otic,,WHEELING PARK HIGH SCHOOL,Wheeling,West Virginia,United States,1,VEX V5 Robotics Competition,High School
142940,62629P,Iron Patriots: Platypus,,WHEELING PARK HIGH SCHOOL,Wheeling,West Virginia,United States,1,VEX V5 Robotics Competition,High School
133934,62629W,Iron Patriots:  Wagyu,,WHEELING PARK HIGH SCHOOL,Wheeling,West Virginia,United States,1,VEX V5 Robotics Competition,High School
118220,62629X,Iron Patriots:  X-RAY,,WHEELING PARK HIGH SCHOOL,Wheeling,West Virginia,United States,1,VEX V5 Robotics Competition,High School
133932,62629Y,Iron Patriots:  Yikes,Timmy,WHEELING PARK HIGH SCHOOL,Wheeling,West Virginia,United States,1,VEX V5 Robotics Competition,High School
133935,62629Z,Iron Patriots:  Zenith,,WHEELING PARK HIGH SCHOOL,Wheeling,West Virginia,United States,1,VEX V5 Robotics Competition,High School
163986,71881M,Breaking Bot,The Unit,CAPITAL HIGH SCHOOL,Charleston,West Virginia,United States,1,VEX V5 Robotics Competition,High School
182530,71881Z,Better Call Bot,Bot Goodman,CAPITAL HIGH SCHOOL,Charleston,West Virginia,United States,1,VEX V5 Robotics Competition,High School
104983,76752A,Bulldogs,Rover,Martinsburg High School,Martinsburg,West Virginia,United States,1,VEX V5 Robotics Competition,High School
176517,76752B,Orange and Black,,Martinsburg High School,Martinsburg,West Virginia,United States,1,VEX V5 Robotics Competition,High School
137540,94711A,The Beekeepers,Jimmy,EAST FAIRMONT HIGH SCHOOL,Fairmont,West Virginia,United States,1,VEX V5 Robotics Competition,High School
158775,94711B,The Steel Hive,Tom,EAST FAIRMONT HIGH SCHOOL,Fairmont,West Virginia,United States,1,VEX V5 Robotics Competition,High School
65933,99921B,Wasted Energy,Mason,CHESAPEAKE HIGH SCHOOL,Chesapeake,West Virginia,United States,1,VEX V5 Robotics Competition,High School
77609,99921D,Wasted Space,Void,CHESAPEAKE HIGH SCHOOL,Chesapeake,West Virginia,United States,1,VEX V5 Robotics Competition,High School
50892,2777V,Squibby,Jose's Best,DALTON MCMICHAEL HIGH,Mayodan,North Carolina,United States,1,VEX V5 Robotics Competition,High School
129400,2833A,Roboraptors,,Raptor Robotics,Charlotte,North Carolina,United States,1,VEX V5 Robotics Competition,High School
139940,4214X,Cleared For Takeoff,Arnold,,Waxhaw,North Carolina,United States,1,VEX V5 Robotics Competition,High School
98771,9635X,RoboKnights X,RoboKnights9635X,CHARLOTTE CHRISTIAN SCHOOL,Charlotte,North Carolina,United States,1,VEX V5 Robotics Competition,High School
143147,14100C,Loose Screws,Tamatoa,WEST CABARRUS HIGH,Concord,North Carolina,United States,1,VEX V5 Robotics Competition,High School
145481,14241A,RoboDragons,Blaze,Level V Robotics,Charlotte,North Carolina,United States,1,VEX V5 Robotics Competition,High School
161216,14241M,Altitude,,Level V Robotics,Charlotte,North Carolina,United States,1,VEX V5 Robotics Competition,High School
174008,14241Z,VEX Zephyrs,,Level V Robotics,Charlotte,North Carolina,United States,1,VEX V5 Robotics Competition,High School
171136,16810V,Gear Warriors,,Gen Inspired,Cary,North Carolina,United States,1,VEX V5 Robotics Competition,High School
85818,17349B,Cox Mill Chargers,,COX MILL HIGH SCHOOL,Concord,North Carolina,United States,1,VEX V5 Robotics Competition,High School
158823,21101R,Decepticons,Bull One,HICKORY RIDGE HIGH,Harrisburg,North Carolina,United States,1,VEX V5 Robotics Competition,High School
117166,27265A,Steamrollers,,WESTCHESTER COUNTRY DAY SCHOOL,High Point,North Carolina,United States,1,VEX V5 Robotics Competition,High School
153552,28027A,Meddling Kids,Mystery Machine,Geeks Robotics,Concord,North Carolina,United States,1,VEX V5 Robotics Competition,High School
100346,33011Z,Critical Error-IntegerOverflow,IntegerOverflow,Critical Error Robotics,Morrisville,North Carolina,United States,1,VEX V5 Robotics Competition,High School
77267,41920C,Fatal Traction,,Panther Creek High School,Cary,North Carolina,United States,1,VEX V5 Robotics Competition,High School
176628,47815A,Vextacular,,Vextacular,Concord,North Carolina,United States,1,VEX V5 Robotics Competition,High School
171962,50097A,Maelstrom,,Zebra Robotics,Cary,North Carolina,United States,1,VEX V5 Robotics Competition,High School
177896,50097B,Cataclysm,,Zebra Robotics,Cary,North Carolina,United States,1,VEX V5 Robotics Competition,High School
166352,50523A,PentaCentral Robos,,CENTRAL CABARRUS HIGH,Concord,North Carolina,United States,1,VEX V5 Robotics Competition,High School
172237,50575A,TRISHUL,,HOME TEAM,Concord,North Carolina,United States,1,VEX V5 Robotics Competition,High School
146343,56727A,Gears N' Roses,,North Carolina School of Science and Mathematics - Morganton,Morganton,North Carolina,United States,1,VEX V5 Robotics Competition,High School
146344,56727B,TADA,,North Carolina School of Science and Mathematics - Morganton,Morganton,North Carolina,United States,1,VEX V5 Robotics Competition,High School
146345,56727C,Ad Astra,,North Carolina School of Science and Mathematics - Morganton,Morganton,North Carolina,United States,1,VEX V5 Robotics Competition,High School
159867,56727D,Atlas,,North Carolina School of Science and Mathematics - Morganton,Morganton,North Carolina,United States,1,VEX V5 Robotics Competition,High School
156510,57224A,HOPE Academy,HOPE Academy,HOPE ACADEMY,Concord,North Carolina,United States,1,VEX V5 Robotics Competition,High School
84933,59735A,CobraTronix,CobraTronix,CABARRUS EARLY COLLEGE OF TECHNOLOGY,Concord,North Carolina,United States,1,VEX V5 Robotics Competition,High School
85165,59735B,CobraVexed,CobraVexed,CABARRUS EARLY COLLEGE OF TECHNOLOGY,Concord,North Carolina,United States,1,VEX V5 Robotics Competition,High School
142336,59735C,CobraRovers,CobraRovers,CABARRUS EARLY COLLEGE OF TECHNOLOGY,Concord,North Carolina,United States,1,VEX V5 Robotics Competition,High School
160801,59735D,CobraBionix,CobraBionix,CABARRUS EARLY COLLEGE OF TECHNOLOGY,Concord,North Carolina,United States,1,VEX V5 Robotics Competition,High School
146113,61568A,Genesis,Frorg,Private team,Cary,North Carolina,United States,1,VEX V5 Robotics Competition,High School
145641,69433A,Sanderson High School Cyber Spartans,,SANDERSON HIGH,Raleigh,North Carolina,United States,1,VEX V5 Robotics Competition,High School
157112,73017D,RoboTopia,,RoboTopia,Waxhaw,North Carolina,United States,1,VEX V5 Robotics Competition,High School
176608,74105Y,Pi Rai,,NORTHWEST CABARRUS HIGH,Concord,North Carolina,United States,1,VEX V5 Robotics Competition,High School
161564,74105Z,Ctrl+Alt+Defeat,,NORTHWEST CABARRUS HIGH,Concord,North Carolina,United States,1,VEX V5 Robotics Competition,High School
178341,81322A,The Few Bolt Men,,Capture Success,Morrisville,North Carolina,United States,1,VEX V5 Robotics Competition,High School
97988,97735X,Techno Crankers,Capuccino,The Lab Robotics,Harrisburg,North Carolina,United States,1,VEX V5 Robotics Competition,High School
72387,2567Z,Porta-Botz! - Zoinks!,,PORTAGE MIDDLE SCHOOL,Portage,Indiana,United States,1,VEX V5 Robotics Competition,Middle School
49213,6842A,Apollo,,PARK TUDOR SCHOOL,Indianapolis,Indiana,United States,1,VEX V5 Robotics Competition,Middle School
82878,7368C,Dunk'n Donuts,Darla Starla,COVENANT CHRISTIAN HIGH SCHOOL,Indianapolis,Indiana,United States,1,VEX V5 Robotics Competition,Middle School
132888,84954C,Wa-Nee: Backlash,,NORTH WOOD HIGH SCHOOL,Nappanee,Indiana,United States,1,VEX V5 Robotics Competition,Middle School
129346,100A,Jugglenauts,Link,Apogee Robotics,Bunker Hill,Indiana,United States,1,VEX V5 Robotics Competition,High School
64913,574J,Iron Pride,Jawn,WAWASEE HIGH SCHOOL,Syracuse,Indiana,United States,1,VEX V5 Robotics Competition,High School
56906,586E,Easy Breezy,Beep Boop McRobotFace,PLYMOUTH HIGH SCHOOL,Plymouth,Indiana,United States,1,VEX V5 Robotics Competition,High School
57094,621A,Captcha,,Marion County STEM 4-H Club,Indianapolis,Indiana,United States,1,VEX V5 Robotics Competition,High School
128042,631A,Chargoggagoggmanchauggagoggchaubunagungamaugg,,Leo Robotics,Leo,Indiana,United States,1,VEX V5 Robotics Competition,High School
108800,1075A,Aftermath,,HAMILTON HEIGHTS HIGH SCHOOL,Arcadia,Indiana,United States,1,VEX V5 Robotics Competition,High School
115982,1075C,Chaos,,HAMILTON HEIGHTS HIGH SCHOOL,Arcadia,Indiana,United States,1,VEX V5 Robotics Competition,High School
6666,1115B,Brain Dead,VEX ME B,GREENFIELD-CENTRAL HIGH SCHOOL,Greenfield,Indiana,United States,1,VEX V5 Robotics Competition,High School
14143,1115E,Exothermic,Exothermic,GREENFIELD-CENTRAL HIGH SCHOOL,Greenfield,Indiana,United States,1,VEX V5 Robotics Competition,High School
170040,1193X,I MISS MY X,Kim,Jay County Robotics,Portland,Indiana,United States,1,VEX V5 Robotics Competition,High School
1426,1233A,Astro,Astro,CROWN POINT HIGH SCHOOL,Crown Point,Indiana,United States,1,VEX V5 Robotics Competition,High School
14662,1233B,Blazers,,Crown Point High School,Crown Point,Indiana,United States,1,VEX V5 Robotics Competition,High School
14665,1233C,Cookie Monsters,,CROWN POINT HIGH SCHOOL,Crown Point,Indiana,United States,1,VEX V5 Robotics Competition,High School
49669,1233E,Excalibur,,Crown Point High School,Crown Point,Indiana,United States,1,VEX V5 Robotics Competition,High School
155860,1233H,Hazard,,CROWN POINT HIGH SCHOOL,Crown Point,Indiana,United States,1,VEX V5 Robotics Competition,High School
141442,1233J,Janitors,,CROWN POINT HIGH SCHOOL,Crown Point,Indiana,United States,1,VEX V5 Robotics Competition,High School
171325,1249A,Not Quite VEXperts,Duncan,WHITKO CAREER ACADEMY,Larwill,Indiana,United States,1,VEX V5 Robotics Competition,High School
19138,1483C,Deimos,Deimos,Trinity Lutheran High School,Seymour,Indiana,United States,1,VEX V5 Robotics Competition,High School
169697,2393S,Valor,,,Carmel,Indiana,United States,1,VEX V5 Robotics Competition,High School
58491,2567A,Porta-Botz! - ACE,,PORTAGE HIGH SCHOOL,Portage,Indiana,United States,1,VEX V5 Robotics Competition,High School
63915,2567C,Porta-Botz! - Chaos,,PORTAGE HIGH SCHOOL,Portage,Indiana,United States,1,VEX V5 Robotics Competition,High School
141559,2567F,Porta-Botz! - Fusion,,Portage High School PLTW/Robotics,Portage,Indiana,United States,1,VEX V5 Robotics Competition,High School
122666,2567P,Porta-Botz! - Panic Attack,,Portage High School PLTW/Robotics,Portage,Indiana,United States,1,VEX V5 Robotics Competition,High School
140920,2790A,ACE of Spades,ACE of Spades,VALPARAISO HIGH SCHOOL,Valparaiso,Indiana,United States,1,VEX V5 Robotics Competition,High School
145179,2790B,Bad Robot LLC.,Bad Robot LLC.,VALPARAISO HIGH SCHOOL,Valparaiso,Indiana,United States,1,VEX V5 Robotics Competition,High School
157992,2790C,Valpo Voltage - Circuit Breakers,,VALPARAISO HIGH SCHOOL,Valparaiso,Indiana,United States,1,VEX V5 Robotics Competition,High School
130527,2849B,AvengNerds,,Caston Robotics,Rochester,Indiana,United States,1,VEX V5 Robotics Competition,High School
44482,3725A,Han Solenoid,Han Solenoid,Shortridge High School,Indianapolis,Indiana,United States,1,VEX V5 Robotics Competition,High School
39562,5690W,Technophobia,GreGGG,BISHOP CHATARD HIGH SCHOOL,Indianapolis,Indiana,United States,1,VEX V5 Robotics Competition,High School
170490,6210A,HCS: Apocalypse,Conquest,Heritage Christian School,Indianapolis,Indiana,United States,1,VEX V5 Robotics Competition,High School
140080,6210B,HCS: Built Different,,Heritage Christian School,Indianapolis,Indiana,United States,1,VEX V5 Robotics Competition,High School
141601,6210M,Meta Mafia,,Heritage Christian School,Indianapolis,Indiana,United States,1,VEX V5 Robotics Competition,High School
130521,6210T,HCS: Traumatized,,Heritage Christian School,Indianapolis,Indiana,United States,1,VEX V5 Robotics Competition,High School
104931,6842K,Killer Instinct,,PARK TUDOR SCHOOL,Indianapolis,Indiana,United States,1,VEX V5 Robotics Competition,High School
140087,6842N,Nitro,,PARK TUDOR SCHOOL,Indianapolis,Indiana,United States,1,VEX V5 Robotics Competition,High School
84341,6842V,Vicious Vortex,,PARK TUDOR SCHOOL,Indianapolis,Indiana,United States,1,VEX V5 Robotics Competition,High School
157308,7282K,AutoFlashes: Kachow,Kachow,Franklin Central High School,Indianapolis,Indiana,United States,1,VEX V5 Robotics Competition,High School
173772,7282T,AutoFlashes: Tsunami,,Franklin Central High School,Indianapolis,Indiana,United States,1,VEX V5 Robotics Competition,High School
149548,7368M,Drive it LIKE you stole it,M,Covenant Christian High School,Indianapolis,Indiana,United States,1,VEX V5 Robotics Competition,High School
111160,7701A,Albino Rhino,,ZIONSVILLE COMMUNITY HIGH SCHOOL,Zionsville,Indiana,United States,1,VEX V5 Robotics Competition,High School
58218,7701M,Massive,,Zionsville Community High School,Zionsville,Indiana,United States,1,VEX V5 Robotics Competition,High School
111106,7701R,R not listening,,ZIONSVILLE COMMUNITY HIGH SCHOOL,Zionsville,Indiana,United States,1,VEX V5 Robotics Competition,High School
58220,7701X,(formerly Twitter),Tobor,Zionsville Community High School,Zionsville,Indiana,United States,1,VEX V5 Robotics Competition,High School
58221,7701Z,Zero Gravity,,ZIONSVILLE COMMUNITY HIGH SCHOOL,Zionsville,Indiana,United States,1,VEX V5 Robotics Competition,High School
172200,18799A,Pat Fusty,,Mr Miyagi Robotics,New Palestine,Indiana,United States,1,VEX V5 Robotics Competition,High School
167704,31330D,Seymour High School-Dynasty,,SEYMOUR SENIOR HIGH SCHOOL,Seymour,Indiana,United States,1,VEX V5 Robotics Competition,High School
124896,32789B,NRT - Bent,,NORTHFIELD JR-SR HIGH SCHOOL,Wabash,Indiana,United States,1,VEX V5 Robotics Competition,High School
154488,33112G,Robo Rangers - Malibu Barbies,Malibu Barbies,CONCORDIA LUTHERAN HIGH SCHOOL,Ft Wayne,Indiana,United States,1,VEX V5 Robotics Competition,High School
123549,46311B,Illiana Bananas,46311B,Illiana Christian High School,Dyer,Indiana,United States,1,VEX V5 Robotics Competition,High School
155678,50075F,Fazed Out,Oak Hill Robotics,OAK HILL HIGH SCHOOL,Converse,Indiana,United States,1,VEX V5 Robotics Competition,High School
139498,50421A,Rogue 1,,"Summit City Robotics, Inc.",Fort Wayne,Indiana,United States,1,VEX V5 Robotics Competition,High School
172049,55760R,CyberBuggies Rubber Duckies,,NORTHRIDGE HIGH SCHOOL,Middlebury,Indiana,United States,1,VEX V5 Robotics Competition,High School
153140,59096B,ATHS - XCEPT,,ARSENAL TECHNICAL HIGH SCHOOL,Indianapolis,Indiana,United States,1,VEX V5 Robotics Competition,High School
172044,71100S,Slurpee,,Phantom Robotics,Marion,Indiana,United States,1,VEX V5 Robotics Competition,High School
135224,73641A,Rage Against the MACHINE,,LAKE CENTRAL HIGH SCHOOL,St. John,Indiana,United States,1,VEX V5 Robotics Competition,High School
155359,73641S,Black SabBOT,,LAKE CENTRAL HIGH SCHOOL,St. John,Indiana,United States,1,VEX V5 Robotics Competition,High School
170745,76316J,QC Robotics,,QC Robotics,Carmel,Indiana,United States,1,VEX V5 Robotics Competition,High School
122382,84954A,Wa-Nee:  Net Force,,NORTH WOOD HIGH SCHOOL,Nappanee,Indiana,United States,1,VEX V5 Robotics Competition,High School
123956,84954B,Wa-Nee:  Momentum,,NORTH WOOD HIGH SCHOOL,Nappanee,Indiana,United States,1,VEX V5 Robotics Competition,High School
97573,91976A,Robo Cardinals,,Washington Catholic Schools,Washington,Indiana,United States,1,VEX V5 Robotics Competition,High School
173428,97817V,VLC Media Player,Thumb Cat,Purdue Polytechnic High School North,Indianapolis,Indiana,United States,1,VEX V5 Robotics Competition,High School
66344,99904B,Boogie Woogie,,NEW PALESTINE HIGH SCHOOL,New Palestine,Indiana,United States,1,VEX V5 Robotics Competition,High School
110526,99904E,I'm a Banana,,NEW PALESTINE HIGH SCHOOL,New Palestine,Indiana,United States,1,VEX V5 Robotics Competition,High School
140097,99904W,Wooosh,,NEW PALESTINE HIGH SCHOOL,New Palestine,Indiana,United States,1,VEX V5 Robotics Competition,High School
113893,355W,Walrus,,Fox Valley Robotics,Batavia,Illinois,United States,1,VEX V5 Robotics Competition,Middle School
